<FFMS_News>|2010-05-03|09:15:58|0|0|0|0|0|0|0|0|0|0|0|0|0|1|0|0|Новости ФСФР в Твиттере. 
<FFMS_News>|2010-05-03|21:14:56|0|0|0|1|0|0|0|0|0|0|0|0|1|2|0|0|4 мая вступает в силу новый приказ ФСФР России о видах производных инструментов. http://www.rg.ru/2010/05/04/findok.html |России
<FFMS_News>|2010-05-04|15:24:42|0|0|0|0|0|0|0|0|0|0|0|0|2|2|0|0|4 мая размещена информация об административных взысканиях, наложенных ФСФР за апрель (http://fsfr.dev.rbcsoft.ru./ru/enforcement/sanctions/) 
<FFMS_News>|2010-05-05|17:11:22|0|0|0|1|0|0|0|0|0|0|2|0|0|3|0|0|В ФСФР России прошло заседание рабочей группы по подготовке изменений в законодательство в области учета прав на ценные бумаги. |России
<FFMS_News>|2010-05-06|17:42:50|0|0|0|1|0|0|0|0|0|0|0|0|0|1|0|0|ФСФР России зарегистрировала первый выпуск облигаций  ОАО "Главная дорога", выпущенных в рамках реализации концессионного соглашения. |России
<FFMS_News>|2010-05-06|18:43:43|0|0|0|0|0|0|0|0|0|0|0|0|0|1|0|0|Противодействие отмыванию доходов: еще 9 банкам согласованы правила внутреннего контроля. 
<FFMS_News>|2010-05-07|07:48:22|0|0|0|1|0|0|0|0|0|0|0|0|0|2|0|0|ФСФР России напоминает о действующих ограничениях на совершение маржинальных/необеспеченных сделок. |России
<FFMS_News>|2010-05-07|07:52:20|0|0|0|2|0|0|0|0|0|0|1|0|1|4|0|0|В связи с падением 6 мая фондовых индексов в США ФСФР России призывает участников рынка к вниманию и осторожности в ходе предстоящих торгов. |США|России
<FFMS_News>|2010-05-11|21:04:12|0|0|0|1|0|0|0|0|0|0|0|0|0|2|0|0|Иск ФСФР России об исключении ООО "Независимое Бюро Кредитных Историй" из государственного реестра бюро кредитных историй удовлетворен. |России
<FFMS_News>|2010-05-21|10:27:48|0|0|0|1|0|0|0|0|0|0|0|0|0|2|0|0|ФСФР России и Deutsche Borse подписали меморандум о взаимопонимании и обмене информацией. |России
<FFMS_News>|2010-05-25|13:54:37|0|0|0|1|0|0|0|0|0|0|0|0|0|1|0|0|В ФСФР России состоялось очередное заседание Экспертной группы по финансовому просвещению. |России
<FFMS_News>|2010-05-31|21:59:17|0|0|0|0|0|0|0|0|0|0|2|0|0|1|0|0|Подготовлен проект закона, предусматривающий создание биржевых фондов - ETF. 
<FFMS_News>|2010-06-02|17:57:21|0|0|0|1|0|0|0|0|0|0|0|0|0|2|0|0|ФСФР России ввела запрет на проведение операциий ООО "Полис-Инвест Брокер" и ООО Инвестиционная компания "Полис-Инвест". |России
<FFMS_News>|2010-06-02|21:08:01|0|0|0|1|0|0|0|0|0|0|0|0|0|4|0|0|Информация и новости ФСФР России размещаются на новом сайте, который доступен по адресу www.ffms.ru. |России
<FFMS_News>|2010-06-02|21:23:37|0|0|0|1|0|0|0|0|0|0|0|0|0|1|0|0|По обращению ФСФР России "Яндекс" заблокировал сайт, использующий сокращенное название службы для рекламы консультационных услуг. |России
<FFMS_News>|2010-06-07|11:05:12|0|0|0|1|0|0|0|0|0|0|0|0|0|1|0|0|Подготовлен проект приказа ФСФР России, предусматривающий уточнение требований к ведению реестра владельцев ценных бумаг. |России
<FFMS_News>|2010-06-08|17:31:15|0|0|0|0|0|0|0|0|0|0|0|0|0|0|0|0|Аннулирована лицензия ООО "Управляющая компания "ИНКОМ" 
<FFMS_News>|2010-06-09|23:11:18|0|0|0|0|0|0|0|0|0|0|0|0|0|1|0|0|Эксперты ВЦИОМ оценили инициативы и эффективность ФСФР. http://wciom.ru/novosti/press-vypuski/press-vypusk/single/13573.html 
<FFMS_News>|2010-06-17|22:04:58|0|0|0|1|0|0|0|0|0|0|0|0|0|1|0|0|ФСФР России аннулировала лицензии у 10 организаций. http://www.ffms.ru/ru/press/releases/index.php?id_3=6438&year_25=2010&month_25=6 |России
<FFMS_News>|2010-06-17|22:08:09|0|0|0|1|0|0|0|0|0|0|0|0|0|2|0|0|ФСФР России отменила решения о регистрации проспектов ценных бумаг ОАО «ИнтерТрейдИнвест» и ОАО «ФинКомИнвест». |России
<FFMS_News>|2010-06-24|07:23:31|0|0|0|2|0|0|0|0|0|0|0|0|0|4|0|0|ФСФР России реагирует на представление Генпрокуратуры по итогам проверок в Самаре и Н.Новгороде. http://www.genproc.gov.ru/news/news-12321/ |России|Самаре
<FFMS_News>|2010-06-24|07:24:54|0|0|0|1|0|0|0|0|0|0|1|0|0|1|0|0|В Гос.Думу внесен проект ФЗ об ответственности членов органов управления хозобществ.http://www.government.ru/gov/results/11157/ |Думу
<FFMS_News>|2010-06-29|22:18:21|0|0|0|1|0|0|0|0|0|0|0|0|0|2|0|0|ФСФР России ввела запрет на операции 10 компаний, подозреваемых в легализации денежных средств. |России
<FFMS_News>|2010-06-30|21:20:44|0|0|0|0|0|0|0|0|0|0|1|0|1|5|0|0|С 1 июля вступает в силу ст.51.4 ФЗ о РЦБ. Стороной по сделкам с диривативами на фондовой бирже должна являться клиринговая организация. 
<FFMS_News>|2010-06-30|21:28:27|0|0|0|0|0|0|0|0|0|0|1|0|1|1|0|0|С 1 июля вступают в силу новые нормативы достаточности собственных средств участников финансового рынка. 
<FFMS_News>|2010-07-02|11:40:35|0|0|0|0|0|0|0|0|0|0|1|0|0|3|0|0|Закон о противодействии инсайду и манипулированию рынком принят в 3-ем чтении. 
<FFMS_News>|2010-07-13|15:58:30|0|0|0|1|0|0|0|0|0|0|0|0|0|0|0|0|ФСФР России аннулировала лицензии ООО Броко Инвест. |России
<FFMS_News>|2010-07-14|11:48:43|0|0|0|0|0|0|0|0|0|0|2|0|0|3|0|0|Совет Федерации поддержал закон о противодействии инсайду и манипулированию на фин.рынке. 
<FFMS_News>|2010-07-23|13:16:53|0|0|0|1|0|0|0|0|0|0|0|0|0|3|0|0|Принят Приказ ФСФР России о временном отстранении от занимаемой должности руководителя РО службы в ЮФО В.Д.Федорущенко. |России
<FFMS_News>|2010-07-29|21:51:18|0|0|0|1|0|0|0|0|0|0|1|0|0|1|0|0|Новый федеральный закон № 224-ФЗ от 27.07.2010: http://graph.document.kremlin.ru/page.aspx?1;1292761 |Новый Орлеан
<FFMS_News>|2010-07-30|12:04:16|0|0|0|1|0|0|0|0|0|0|1|0|1|4|0|0|Закон о противодейтствии инсайду и манипулированию рынком № 224-ФЗ от 27.07.2010 опубликован в Российской газете 30.07.2010 года. |Российской Федерацией
<FFMS_News>|2010-08-16|11:53:27|0|0|0|1|0|0|0|0|0|0|0|0|1|2|0|0|Арбитражный суд г.Москвы отказал НПФ "Московский пенсионный фонд" в признании недействительным решения ФСФР об аннулировании лицензии фонда. |Москвы
<FFMS_News>|2010-08-16|11:54:58|0|0|0|1|0|0|0|0|0|0|0|0|1|2|0|0|Арбитражный суд г.Москвы отказал НПФ "Инвест-сбережение" в признании недействительным решения ФСФР об аннулировании лицензии фонда. |Москвы
<FFMS_News>|2010-08-16|11:59:28|1|0|0|1|0|0|0|0|0|0|0|0|0|3|0|0|ФАС МО отказал в удовлетворении кассационной жалобы НПФ "Отчизна", связанной с вопросом об аннулировании ФСФР России лицензии фонда. |России
<FFMS_News>|2010-08-17|17:30:57|0|0|0|1|0|0|0|0|0|0|0|0|0|2|0|0|ФСФР России выдала 4-м организациям лицензии профессионального участника рцб и аннулировала лицензии у 3-х организаций. |России
<FFMS_News>|2010-08-19|15:13:18|0|0|0|1|0|0|0|0|0|0|0|0|0|2|0|0|ФСФР России выдала 3-м организациям лицензии профессионального участника рцб и аннулировала лицензии у 2-х организаций. |России
<FFMS_News>|2010-08-26|22:20:07|0|0|0|1|0|0|0|0|0|0|0|0|0|0|0|0|ФСФР России аннулировала лицензию специализированного депозитария ООО "Депозитарий Иркол". |России
<FFMS_News>|2010-08-26|22:21:29|0|0|0|1|0|0|0|0|0|0|0|0|0|0|0|0|ФСФР России аннулировала лицензию НПФ "Кузбассразрезуголь". |России
<FFMS_News>|2010-08-30|11:31:09|1|0|0|1|0|0|0|0|0|0|0|0|0|2|0|0|Арбитражный суд отказал ООО "Депозитарий Иркол" в удовлетворении жалобы в отношении акта ФСФР России о противодействии в проведении проверки |России
<FFMS_News>|2010-08-30|11:33:40|0|0|0|1|0|0|0|0|0|0|0|0|0|2|0|0|Арбитражный суд отказал ООО "Уральский специализированный депозитарий" в признании незаконным решения ФСФР России об отзыве лицензии |России
<FFMS_News>|2010-08-30|18:19:19|0|0|0|2|0|0|0|0|0|0|0|0|0|2|0|0|ФСФР России ввела временные администрации в ЗАО "Управляющая компания "Мэриленд" и ООО "Депозитарий Иркол" |России|ЗАО
<FFMS_News>|2010-08-31|19:23:04|1|0|0|1|0|0|0|0|0|0|0|0|0|3|0|0|Суд отказал ОАО ЦМД в удовлетворении аппеляционной жалобы в отношении решения ФСФР России о штрафе за противодействие в проведении проверки |России
<FFMS_News>|2010-08-31|19:25:30|0|0|0|1|0|0|0|0|0|0|0|0|0|2|0|0|Арбитражный суд отказал ОАО ЦМД в удовлетворении требования о признании недействительным предписания ФСФР России |России
<FFMS_News>|2010-09-02|16:30:20|0|0|0|2|0|0|0|0|0|0|0|0|0|0|0|0|ФСФР России аннулировала лицензию ЗАО "АГ Капитал" |России|ЗАО
<FFMS_News>|2010-09-03|15:14:30|0|0|0|1|0|0|0|0|0|0|0|0|0|3|0|0|Зарегистрировано новое Положение ФСФР России о лицензионных требованиях и условиях осуществления профессиональной деятельности на РЦБ. |России
<FFMS_News>|2010-09-17|20:22:21|0|0|0|1|0|0|0|0|0|0|0|0|0|2|0|0|Информписьмо ФСФР России об информации на сайтах http://www.ffms.ru/ru/legislation/letters/index.php?id_3=6615&year_3=2010&month_3=9 |России
<FFMS_News>|2010-09-22|17:55:43|0|0|0|0|0|0|0|0|0|0|2|0|0|3|0|0|ГосДума расширила перечень раскрываемых ОАО существенных фактов, приняв во втором чтении изменения в законодательство о рынке ценных бумаг. 
<FFMS_News>|2010-09-24|17:28:23|0|0|0|1|0|0|0|0|0|0|0|0|0|2|0|0|Закон о расширении перечня существенных фактов принят Государственной Думой в третьем чтении. |Думой
<FFMS_News>|2010-09-29|13:27:26|0|0|0|0|0|0|0|0|0|0|1|0|0|2|0|0|Закон о раскрытии существенных фактов (информации) на финансовом рынке одобрен Советом Федерации. 
<FFMS_News>|2010-10-02|21:54:03|0|0|0|0|0|0|0|0|0|0|0|0|0|2|0|0|Итоги рассмотрения судебных дел с участием ФСФР во 2 кв. http://www.ffms.ru/ru/press/releases/index.php?id_3=6659&year_25=2010&month_25=10 
<FFMS_News>|2010-10-04|12:29:40|0|0|0|1|0|0|0|0|0|0|0|0|0|2|0|0|Решения ФСФР России об административных взысканиях в сентябре: http://www.ffms.ru/ru/enforcement/sanctions/index.php?id_4=173 |России
<FFMS_News>|2010-10-05|11:03:14|0|0|0|1|0|0|0|0|0|0|0|0|0|1|0|0|Новые правила передачи реестра - проект http://www.ffms.ru/ru/legislation/documents/projects/index.php?id_3=6663&year_30=2010&month_30=10 |Новые Анены
<FFMS_News>|2010-10-05|13:25:15|0|0|0|1|0|0|0|0|0|0|0|1|0|0|0|0|Президент России подписал Федеральный Закон, расширяющий перечень существенных фактов http://graph.document.kremlin.ru/page.aspx?1;1300059 |России
<FFMS_News>|2010-10-05|17:44:13|0|0|0|0|0|0|0|0|0|0|2|0|0|2|0|0|ГосДума приняла в первом чтении проект закона об ответственности директоров хозяйственных обществ. 
<FFMS_News>|2010-10-11|21:51:31|0|0|0|0|0|0|0|0|0|0|0|0|0|0|0|0|Закон, расширяющий перечень существенных фактов, опубликован 08.10.2010 http://www.rg.ru/2010/10/08/cennye-bumagi-dok.html 
<FFMS_News>|2010-10-12|19:08:44|0|0|0|1|0|0|0|0|0|0|0|0|0|0|0|0|Зарегистрирован приказ ФСФР России "О некоторых вопросах ведения реестра владельцев ценных бумаг". |России
<FFMS_News>|2010-10-12|21:25:12|0|0|0|0|0|0|0|0|0|0|0|0|0|1|0|0|Новации в лицензировании регистраторов http://www.ffms.ru/ru/legislation/documents/projects/index.php?id_3=6694&year_30=2010&month_30=10 
<FFMS_News>|2010-10-14|15:11:57|0|0|0|1|0|0|0|0|0|0|1|0|0|2|0|0|ФСФР России аннулировала лицензии еще 10 участников рынка, операции которых были ранее приостановлены. |России
<FFMS_News>|2010-10-15|12:42:11|0|0|0|1|0|0|0|0|0|0|1|0|0|3|0|0|ФСФР России приняла решение о раскрытии экзаменационных вопросов по специализированным квал. экзаменам для специалистов финансового рынка. |России
<FFMS_News>|2010-10-26|12:35:54|0|0|0|1|0|0|0|0|0|0|2|0|1|3|0|0|ФСФР России провела презентацию системы мониторинга рынка, которая введена в рабочую эксплуатация с 25.10.2010 года. |России
<FFMS_News>|2010-10-26|12:45:14|1|0|0|0|0|0|0|0|0|0|0|0|0|1|0|0|Мониторинг ФСФР России: манипулирование ценами, удерживание цен, сделки без экономического смысла, инсайдерская торговля, фиктивные заявки. 
<FFMS_News>|2010-10-27|16:58:08|0|0|0|1|0|0|0|0|0|0|1|0|1|1|0|0|За 9 месяцев 2010 года ФСФР России выдала 510 лицензий профессионального участника рынка ценных бумаг и аннулировала 475 лицензий. |России
<FFMS_News>|2010-10-27|17:44:59|0|0|0|0|0|0|0|0|0|0|0|0|1|5|0|0|За 9 месяцев 2010 года число профессиональных участников рцб сократилось с 1674 до 1578, или на 6,5%. 
<FFMS_News>|2010-10-30|19:23:22|0|0|0|1|0|0|0|0|0|0|1|0|0|3|0|0|ФСФР России предлагает четко регламентировать раскрытие информации о тех.новациях, осуществляемых биржами. Проект приказа на сайте службы. |России
<FFMS_News>|2010-11-03|20:34:57|0|0|0|1|0|0|1|0|0|0|1|0|0|4|0|0|Подготовлен проект приказа ФСФР России о порядке рассмотрения заявлений эмитентов об освобождении их от обязанности раскрывать информацию |России
<FFMS_News>|2010-11-08|13:13:12|0|0|0|1|0|0|0|0|0|0|1|0|0|1|0|0|ФСФР России дополнила список участников рынка, операции которых ограничены, 5 организациями http://www.ffms.ru/ru/enforcement/restrictions/ |России
<FFMS_News>|2010-11-09|16:36:11|0|0|0|2|0|0|1|0|0|0|0|0|0|4|0|0|ФСФР России зарегистрировала проспект ценных бумаг Республики Беларусь и допустила их к публичному размещению и обращению в России. |России|Беларусь
<FFMS_News>|2010-11-10|12:06:39|0|0|0|1|0|0|0|0|0|0|0|0|0|3|0|0|ФСФР России и Комиссия по финансовым услугам Республики Корея подписали меморандум об обмене информацией. |России
<FFMS_News>|2010-11-12|21:50:42|0|0|0|1|0|0|0|0|0|0|0|0|0|3|0|0|Подписание меморандума между ФСФР России и Комиссией по финансовым рынкам Республики Корея http://twitpic.com/3678vw |России
<FFMS_News>|2010-11-13|10:03:01|0|0|0|2|0|0|0|0|0|0|1|0|0|0|0|0|Корейская биржа (KRX) приветствует ФСФР России. http://twitpic.com/36d0dj |Корейская народно-демократическая республика|России
<FFMS_News>|2010-11-16|18:56:18|0|0|0|2|0|0|0|0|0|0|1|0|0|4|0|0|Подготовленный ФСФР России закон о "биржевых акциях" и об упрощении процедуры эмиссии цб принят Государственной Думой в первом чтении. |России|Думой
<FFMS_News>|2010-11-16|22:22:01|0|0|0|1|0|0|0|0|0|0|1|0|0|1|0|0|ФСФР России аннулировала лицензию екатеринбургской компании, члену НАУФОР ООО "ИФК Еврогрин" за грубейшие нарушения законодательства. |России
<FFMS_News>|2010-11-19|19:15:10|0|0|0|1|0|0|0|0|0|0|1|0|0|3|0|0|Имущественные налоги будут уплачиваться за счет имущества, составляющего ЗПИФ. Закон принят во 2-ом и 3-м чтении Государственной Думой. |Думой
<FFMS_News>|2010-11-23|22:53:48|0|0|0|1|0|0|0|0|0|0|0|0|0|1|0|0|Позиция ФСФР России о конкурсах частных инвесторов http://www.ffms.ru/ru/legislation/letters/index.php?id_3=6820&year_3=2010&month_3=11 |России
<FFMS_News>|2010-11-27|11:50:58|0|0|0|1|0|0|0|0|0|0|0|0|0|1|0|0|ФСФР России зарегистрировала правила нового ЗПИФ художественных ценностей «Великие мастера» под управлением ООО УК «Монетный Двор Траст». |России
<FFMS_News>|2010-11-27|11:52:14|0|0|0|1|0|0|0|0|0|0|0|0|1|1|0|0|До конца года планируется запустить мобильную версию сайта ФСФР России и официальный блог руководителя службы. |России
<FFMS_News>|2010-12-01|09:15:35|0|0|0|2|0|0|0|0|0|0|0|0|0|3|0|0|В Российской газете опубликованы приказы ФСФР России об определении расчетной стоимости фин.инструментов (цены цб) в целях 23 и 25 глав НК. |Российской Федерацией|России
<FFMS_News>|2010-12-02|16:50:03|0|0|1|1|0|0|0|0|0|0|1|0|0|3|0|0|Арбитражный Суд отказал Сбербанку в признании недействительным постановления ФСФР России о привлечении Банка к адм.ответственности. |России
<FFMS_News>|2010-12-02|16:51:42|0|0|0|1|0|0|0|0|0|0|1|0|0|3|0|0|Арбитражный Суд отказал Межпромбанку в признании недействительным постановления ФСФР России о привлечении Банка к адм.ответственности. |России
<FFMS_News>|2010-12-07|23:47:14|0|0|0|1|0|0|0|0|0|0|1|0|0|2|0|0|ФСФР России впервые зарегистрировала выпуск и проспект РДР. В основе выпуска - акции РУСАЛ. |России
<FFMS_News>|2010-12-09|19:02:06|0|0|0|2|0|0|0|0|0|0|1|0|0|3|0|0|Подготовленный ФСФР России законопроект, направленный на развитие венчурных фондов и биржевых фондов (ETF), внесен в Государственную Думу. |России|Думу
<FFMS_News>|2010-12-09|19:10:01|0|0|0|2|0|0|0|0|0|0|1|0|0|2|0|0|Подготовленный ФСФР России проект закона о пруденциальном надзоре внесен в Государственную Думу. |России|Думу
<FFMS_News>|2010-12-15|09:21:27|0|0|0|1|0|0|0|0|0|0|1|0|0|1|0|0|ФСФР России аккредитовала  СРО НАПФ на осуществление аттестации специалистов финансового рынка. |России
<FFMS_News>|2010-12-17|16:38:52|0|0|1|1|0|0|0|0|0|0|1|0|0|3|0|0|Комитет Госдумы по финансовому рынку рекомендовал принять во втором чтении подготовленный ФСФР России законопроект о клиринге. |России
<FFMS_News>|2010-12-20|13:16:54|0|0|0|1|0|0|0|0|0|0|0|0|0|3|0|0|Опубликованы сведения о результатах рассмотрения судебных дел с участием центрального аппарата ФСФР России в III кв. 2010 года: www.ffms.ru |России
<FFMS_News>|2010-12-24|17:07:14|0|0|0|1|0|0|0|0|0|0|0|0|0|1|0|0|Арбитражный суд признал недействительным приказ ФСФР России об аннулировании лицензии ООО "Депозитарий Иркол". Будет аппеляция. |России
<FFMS_News>|2010-12-24|19:42:23|0|0|0|1|0|0|0|0|0|0|0|0|0|2|0|0|На сайте ФСФР России размещен проект приказа о перечне и порядке раскрытия инсайдерской информации. |России
<FFMS_News>|2010-12-24|23:04:30|0|0|0|1|0|0|0|0|0|0|0|0|0|0|0|0|На сайте ФСФР России размещен проект приказа "о маркет-мейкерах". |России
<FFMS_News>|2010-12-24|23:21:54|0|0|0|0|0|0|0|0|0|0|1|0|0|2|0|0|Итоги недели: на российском рынке появились первые иностранные бумаги и первые РДР! 
<FFMS_News>|2010-12-28|19:29:53|0|0|0|1|0|0|0|0|0|0|1|0|0|0|0|0|ФСФР России признала факты манипулирования ценами акций ОАО: "Биодинамика", "ДИК", "Полет", "ФинИнвест", "Межотраслевая страховая компания". |России
<FFMS_News>|2010-12-28|19:38:45|0|0|0|1|0|0|0|0|0|0|1|0|0|1|0|0|ФСФР России аннулировала лицензии профучастника ОАО "Донская инвестиционная компания" за манипулирование ценами акций ряда ОАО. |России
<FFMS_News>|2010-12-29|23:14:36|0|0|0|0|0|0|0|0|0|0|1|1|0|2|0|0|Президент РФ Дмитрий Медведев: Закон об инсайде — существенное событие на финансовом рынке. http://www.rg.ru/2010/12/29/insayd-anons.html 
<FFMS_News>|2010-12-30|20:38:22|0|0|0|1|0|0|0|0|0|0|0|0|0|0|0|0|На сайте ФСФР России открыт официальный блог руководителя службы.  http://fcsm.ru/blog/ |России
<FFMS_News>|2011-01-11|13:57:25|0|0|0|1|0|0|0|0|0|0|1|0|0|4|0|0|15 новых законов к 15 летию ФСФР России - новая запись в блоге на сайте ФСФР России: http://fcsm.ru/blog/ |России
<FFMS_News>|2011-01-14|14:02:34|0|0|0|1|0|0|0|0|0|0|0|0|0|4|0|0|Предупреждение руководителя ФСФР России о деятельности "МММ-2011" - запись в блоге на сайте ФСФР России http://fcsm.ru/blog/2011/01/14/ |России
<FFMS_News>|2011-01-18|17:15:03|0|0|0|2|0|0|0|0|0|0|0|0|0|1|0|0|Распоряжением Правительства Российской Федерации от 12.01.2011 №2-р А.Ю.Синенко назначен статс-секретарем-зам. руководителя ФСФР России. |Российской Федерацией|России
<FFMS_News>|2011-01-25|19:14:10|0|0|0|1|0|0|0|0|0|0|0|0|0|4|0|0|Закон о клиринге, в том числе содержащий нормы о ликвидационном неттинге, принят Государственной Думой во втором чтении. |Думой
<FFMS_News>|2011-01-31|12:23:18|0|0|0|1|0|0|1|0|0|0|1|0|0|4|0|0|Зарегистрирован приказ ФСФР России о рассмотрении заявлений эмитентов об освобождении их от обязанностей раскрывать информацию. |России
<FFMS_News>|2011-02-02|14:04:48|0|0|0|0|0|0|0|0|0|0|0|0|0|1|0|0|Закон о клиринге одобрен Советом Федерации. 
<FFMS_News>|2011-02-08|18:45:39|0|0|0|2|0|0|0|0|0|0|2|0|0|3|0|0|Проект закона о развитии венчурных фондов и ETF, подготовленный ФСФР России, принят Гос. Думой в первом чтении. |России|Думой
<FFMS_News>|2011-02-08|18:47:27|0|0|0|2|0|0|0|0|0|0|1|0|0|2|0|0|Проект закона о пруденциальном надзоре, подготовленный ФСФР России, принят Гос. Думой в первом чтении. |России|Думой
<FFMS_News>|2011-02-09|13:23:25|0|0|0|0|0|0|0|0|0|0|0|0|0|3|0|0|Закон о клиринге и клиринговой деятельности, содержащий также положения о ликвидационном неттинге, подписан Президентом. 
<FFMS_News>|2011-02-10|12:46:18|0|0|0|1|0|0|0|0|0|0|0|0|0|2|0|0|В Положение о ФСФР России внесены дополнительные полномочия службы в части введения временных администраций в поднадзорных организациях. |России
<FFMS_News>|2011-02-15|15:45:01|0|0|0|0|0|0|0|0|0|0|1|0|0|1|0|0|Утвержден перечень товаров, внебиржевые сделки с которыми будут регистроваться товарной биржей http://www.government.ru/gov/results/14134/ 
<FFMS_News>|2011-02-16|12:14:41|0|0|0|1|0|0|0|0|0|0|1|0|0|2|0|0|ФСФР России совместно с Банком России обсудили с депозитариями законопроект о праве иностранных депозитариев открывать счета номини. |России
<FFMS_News>|2011-02-21|12:02:50|0|0|0|0|0|0|0|0|0|0|1|0|0|1|0|0|Правительство утвердило порядок регистрации внебиржевых сделок на товарных биржах. http://www.government.ru/gov/results/14189/ 
<FFMS_News>|2011-03-02|21:34:58|0|0|0|1|0|0|0|0|0|0|0|0|0|1|0|0|На сайте ФСФР России размещен проект методических рекомендаций по установлению критериев существенного отклонения цены ценных бумаг |России
<FFMS_News>|2011-03-02|21:36:44|0|0|0|1|0|0|0|0|0|0|0|0|0|2|0|0|Подготовлен проект приказа ФСФР России "Об утверждении Положения о порядке и сроках хранения документов акционерного общества". |России
<FFMS_News>|2011-03-04|22:22:57|0|0|0|0|0|0|0|0|0|0|0|0|0|2|0|0|Подписан Указ «О мерах по совершенствованию государственного регулирования в сфере финансового рынка» http://www.kremlin.ru/news/10519 
<FFMS_News>|2011-03-04|22:26:11|0|0|0|0|0|0|0|0|0|0|0|0|0|2|0|0|ФСФР будет следить за применением МСФО - А.Л.Кудрин http://bit.ly/feqvbl 
<FFMS_News>|2011-03-05|16:18:02|0|0|0|0|0|0|0|0|0|0|0|0|0|3|0|0|Текст Указа № 270 от 04.03.2011 о присоединении ФССН к ФСФР http://graph.document.kremlin.ru/page.aspx?1;1547892 
<FFMS_News>|2011-03-10|14:20:50|0|0|0|1|0|0|0|0|0|0|0|0|0|3|0|0|Что делать с АДР? - новая запись в блоге руководителя ФСФР России http://fcsm.ru/blog/2011/03/10/ |России
<FFMS_News>|2011-03-13|20:21:25|0|0|0|2|0|0|0|0|0|0|1|0|0|4|0|0|ФСФР России и Агентство по контролю за финансовым рынком Лихтенштейна подписали меморандум об обмене информацией и сотрудничеству. |России|Лихтенштейна
<FFMS_News>|2011-03-15|22:13:39|0|0|0|2|0|0|0|0|0|0|0|0|0|3|0|0|ФСФР России возобновила действие соглашения с Комиссией США по срочной биржевой торговле (CFTC) о сотрудничестве. |России|США
<FFMS_News>|2011-03-18|18:17:59|0|0|0|1|0|0|0|0|0|0|0|0|0|2|0|0|ФСФР России ввела запрет на операции ООО «УНИВЕРСАЛЬ-ИНВЕСТ» в целях защиты активов НПФ БЛАГОСОСТОЯНИЕ». |России
<FFMS_News>|2011-03-18|18:26:59|0|0|0|1|0|0|0|0|0|0|0|0|1|3|0|0|В 2010 году ФСФР России выдала 111 лицензий управляющих компаний и отозвала 69, в т.ч. 34  за неосуществление деятельности более 1,5 лет. |России
<FFMS_News>|2011-03-21|17:13:54|0|0|0|1|0|0|0|0|0|0|0|0|0|2|0|0|Подготовлена новая редакция проекта приказа ФСФР России о дополнительных требованиях к порядку проведения общего собрания акционеров. |России
<FFMS_News>|2011-03-22|18:21:59|0|0|0|1|0|0|0|0|0|0|0|0|0|1|0|0|Вниманию участников страхового рынка: ФСФР России начала принимать корреспонденцию, относящуюся к сфере страховой деятельности. |России
<FFMS_News>|2011-03-28|20:58:17|1|0|0|1|0|0|0|0|0|0|1|0|0|3|0|0|Зарегистрирован приказ ФСФР России об организаторах торговли, снимающий проблему кросс-сделок и вводящий COT на российском срочном рынке. |России
<FFMS_News>|2011-03-31|12:04:31|0|0|0|0|0|0|0|0|0|0|2|0|0|1|0|0|За большой вклад в развитие системы государственного регулирования рынка ценных бумаг руководитель ФСФР награжден медалью Столыпина П.А. 
<FFMS_News>|2011-03-31|12:40:07|0|0|0|1|0|0|0|0|0|0|0|0|0|3|0|0|В соответствии с Постановлением Правительства РФ №210 от 24.03.2011 ФСФР России вправе иметь геральдический знак-эбмлему, флаг и вымпел. |России
<FFMS_News>|2011-04-05|14:46:46|0|0|0|0|0|0|0|0|0|0|1|0|0|2|0|0|Зарегистрирован Адм.регламент ФСФР по лицензированию профдеятельности на рынке ценных бумаг: вводится предлицензионная проверка соискателей. 
<FFMS_News>|2011-04-08|11:47:03|0|0|0|2|0|0|0|0|0|0|0|0|0|4|0|0|ФСФР России и Комиссия по надзору за финансовым сектором Люксембурга заключили меморандум о взаимопонимании и обмене информацией. |России|Люксембурга
<FFMS_News>|2011-04-11|22:40:33|0|0|0|1|0|0|0|0|0|0|0|0|0|1|0|0|Дмитрий Владимирович Панкин - новый руководитель ФСФР России. |России
<FFMS_News>|2011-04-20|15:59:34|0|0|0|1|0|0|0|0|0|0|1|0|0|2|0|0|ФСФР России аннулировала лицензии восьми компаний за нарушения требований законодательства РФ о ценных бумагах |России
<FFMS_News>|2011-04-21|10:50:29|0|0|0|0|0|0|0|0|0|0|0|0|0|2|0|0|Суд подтвердил приказ ФСФР об отзыве лицензии у "Центрального московского депозитария" 
<FFMS_News>|2011-04-21|11:30:26|0|0|0|2|0|0|0|0|0|0|0|0|0|1|0|0|ФСФР России ввела запрет на операции ЗАО «Вест-Лайн Депозит Групп» www.ffms.ru/ru/enforcement/restrictions |России|ЗАО
<FFMS_News>|2011-04-21|20:52:33|0|0|0|1|0|0|0|0|0|0|0|0|0|1|0|0|Апелляционный суд подтвердил законность принятого ФСФР России аннулирования лицензии у ООО "Депозитарий Иркол" |России
<FFMS_News>|2011-04-26|14:09:37|0|0|0|1|0|0|0|0|0|0|0|0|0|2|0|0|ФСФР России ввела запрет ООО СРК «Регион» на операции в реестре владельцев ценных бумаг ОАО «Тывасвязьинформ» |России
<FFMS_News>|2011-05-11|17:21:37|0|0|0|1|0|0|0|0|0|0|0|0|0|4|0|0|ФСФР России предупреждает, что пользователь, ведущий аккаунт на LiveJournal под ником dpankin, не является Руководителем службы. |России
<FFMS_News>|2011-05-12|18:24:10|0|0|0|0|0|0|0|0|0|0|0|0|0|4|0|0|ФСФР заключила договор на публикацию решений об отзыве, ограничении и приостановке лицензий страховых компаний с "Финансовой газетой" 
<FFMS_News>|2011-05-17|16:08:28|0|0|0|2|0|0|0|0|0|0|0|0|0|2|0|0|ФСФР России продлила запрет на операции ООО «Центральный Московский Депозитарий» и ООО «Инвестиционная компания «БИЗОН плюс» |России|Московский район
<FFMS_News>|2011-05-25|16:03:39|0|0|0|1|0|0|0|0|0|0|0|0|0|0|0|0|ФСФР России установлен факт манипулирования ценами ряда ценных бумаг |России
<FFMS_News>|2011-06-15|17:56:38|0|0|0|0|0|0|1|0|0|0|1|0|0|6|0|0|ФСФР выдано разрешение на обращение за пределами РФ обыкновенных акций ОАО «Сбербанк России»  в размере не более 25% от их общего количества 
<FFMS_News>|2011-06-16|14:05:05|0|0|0|1|0|0|0|0|0|0|0|0|1|1|0|0|17 июня Руководитель ФСФР России Д.В.Панкин принимает участие в Петербургском международном экономическом форуме |России
<FFMS_News>|2011-06-30|12:30:14|0|0|0|1|0|0|0|0|0|0|2|0|0|1|0|0|ФСФР России установлен факт манипулирования ценой обыкновенных акций ОАО «Самараэнерго» на торгах ОАО «Фондовая биржа РТС» |России
<FFMS_News>|2011-07-20|15:20:21|0|0|0|1|0|0|0|0|0|0|0|0|1|2|0|0|ФСФР России опубликован перечень проектов нормативных правовых актов в сфере финансовых рынков, планируемых к принятию в 2011-2013 годах |России
<FFMS_News>|2011-09-22|16:24:01|0|0|0|0|0|0|0|0|0|0|0|0|0|0|0|0|ФСФР аннулировала лицензии профучастника РЦБ ООО «Фондовый инженер» 
<FFMS_News>|2011-09-27|15:59:37|0|0|0|2|0|0|0|0|0|0|0|0|0|1|0|0|Новая запись в блоге Руководителя ФСФР России Д.В.Панкина http://t.co/1UgmeytS |Новая Гвинея|России
<FFMS_News>|2011-09-28|13:12:40|0|0|0|1|0|0|0|0|0|0|0|0|0|2|0|0|ФСФР России ввела запрет ООО "Иркол" на проведение операций в реестре владельцев ценных бумаг ОАО «Серпуховский литейномеханический завод» |России
<FFMS_News>|2011-09-30|11:11:50|0|0|0|0|0|0|0|0|0|0|0|0|0|1|0|0|Опубликовано информационное письмо о подготовке правил внутреннего контроля профучастниками РЦБ ffms.ru/ru/legislation/letters/ 
<FFMS_News>|2011-09-30|12:25:19|0|0|0|0|0|0|0|0|0|0|0|0|0|4|0|0|Опубликовано информ.письмо об изменении порядка оказания госуслуг ФСФР в связи с переходом на межведомственное информационное взаимодействие 
<FFMS_News>|2011-10-04|17:54:10|0|0|0|1|0|0|0|0|0|0|0|0|0|1|0|0|ФСФР России ввела запрет на проведение операций ряду компаний http://t.co/nx0Qxk90 |России
<FFMS_News>|2011-10-26|17:52:49|0|0|0|1|0|0|0|0|0|0|0|0|1|1|0|0|27 октября Руководитель ФСФР России Д.В.Панкин примет участие в международной конференции «Russian money market: современные возможности» |России
<FFMS_News>|2011-12-08|17:21:47|0|0|0|1|0|0|0|0|0|0|1|1|2|0|0|0|07 ноября 2011 года Президент России Д.А.Медведев  подписал Федеральный закон «О центральном депозитарии» |России
<FFMS_News>|2012-01-24|15:56:11|0|0|0|2|0|0|0|0|0|0|0|0|0|1|0|0|Новая запись в блоге Руководителя ФСФР России Д.В.Панкина http://t.co/1UgmeytS |Новая Гвинея|России
<FFMS_News>|2012-02-08|14:02:41|0|0|0|1|0|0|0|0|0|0|1|0|0|1|0|0|Опубликованно интервью Руководителя ФСФР России Д.В. Панкина о регулировании страхового рынка http://t.co/Ngc2x9Bg |России
<FFMS_News>|2012-06-26|17:06:52|0|0|0|0|0|0|0|0|0|0|0|0|0|1|0|0|Размещен проект приказа об аккредитации центрального депозитария http://t.co/8BRNClVX 
<FFMS_News>|2012-06-28|12:16:43|0|0|0|1|0|0|0|0|0|0|0|0|0|2|0|0|Сегодня в ФСФР России состоится расширенное заседание рабочей группы по изменению размера расчета собственных средств. |России
<FFMS_News>|2012-07-03|15:28:59|0|0|0|0|0|0|0|0|0|0|0|0|0|0|0|0|Вышло интервью Д.В. Панкина http://t.co/gDfsO9OS 
<FFMS_News>|2012-07-03|15:36:50|0|0|0|1|0|0|0|0|0|0|0|0|0|1|0|0|ФСФР России впервые наложила штраф на иностранную компанию "HIGHSTATLIMITED". |России
<FFMS_News>|2012-07-13|10:50:23|0|0|0|2|0|0|0|0|0|0|0|0|0|0|0|0|Руководитель ФСФР России Д.В.Панкин дал интервью телеканалу Россия 24 http://t.co/cg0LLLaG |России|Россия
<FFMS_News>|2012-08-23|13:01:10|0|0|0|0|0|0|0|0|0|0|0|0|0|1|0|0|"Первое уголовное дело по факту манипулирования, выявленному ФСФР, заведено правоохранительными органами" http://t.co/1UghGYsY 
<FFMS_News>|2012-08-29|14:44:08|0|0|0|2|0|0|0|0|0|0|0|0|0|1|0|0|ФСФР России ограничела проведение операций ЗАО «Единый регистратор» и ЗАО «ИРКОЛ» http://t.co/Vq9dfRFs |России|ЗАО
<FFMS_News>|2012-08-30|20:16:35|0|0|0|1|0|0|0|0|0|0|0|0|0|0|0|0|На сайте ФСФР России опубликованны "Основные показатели деятельности НПФ (полугодие)" http://t.co/QzdGT1AZ |России
<FFMS_News>|2012-08-30|20:19:51|0|0|0|0|0|0|0|0|0|0|0|0|0|1|0|0|Опубликован пресс-релиз "Об отзыве лицензии на осуществление страхования ООО медицинская организация «Госмедстрах»" http://t.co/FQu3c73j 
<FFMS_News>|2012-08-30|20:22:33|0|0|0|1|0|0|0|0|0|0|0|0|0|1|0|0|Служба опубликовала пресс-релиз "Об отзыве лицензии на осуществление страхования ЗАО «Русское страховое товарищество»" http://t.co/OMaRabId |ЗАО
<FFMS_News>|2012-09-14|14:37:40|0|0|0|0|0|0|0|0|0|0|0|0|0|1|0|0|Опубликован пресс-релиз "Об отзыве лицензии на осуществление страхования ООО страховая компания «Капитал-Резерв»" http://t.co/XATbQi6A 
<FFMS_News>|2012-09-14|17:40:00|0|0|0|1|0|0|0|0|0|0|1|0|1|5|0|0|17 сентября в 13.15 состоится пресс-конференция по итогам деятельности ФСФР России во всех сигментах финансового, а также страхового рынка. |России
<FFMS_News>|2012-09-20|14:55:31|0|0|0|1|0|0|0|0|0|0|0|0|0|0|0|0|Опубликованно интервью заместителя Руководителя ФСФР России О.О. Пилипца агенству "Интерфакс" http://t.co/dvMOEhxN |России
<FFMS_News>|2012-09-27|20:44:20|0|0|0|0|0|0|0|0|0|0|0|0|0|2|0|0|ФСФР принято решение об отзыве лицензии на осуществление страхования ООО «Страховая компания «Адмирал» http://t.co/P8Ixp9jO 
<FFMS_News>|2012-10-02|19:28:20|0|0|0|0|0|0|0|0|0|0|0|0|0|1|0|0|ФСФР принято решение об  аннулировании лицензий ООО «Инвестиционная компания «Масштаб» http://t.co/hS62J2Rt 
<FFMS_News>|2012-10-02|19:36:29|0|0|0|1|0|0|0|0|0|0|0|0|0|1|0|0|ФСФР принято решение об  аннулировании лицензий ЗАО «Инвестиционно-финансовая компания "Ценные бумаги" http://t.co/0iEw3lUk |ЗАО
