<Military_Russia>|2012-03-31|13:11:13|0|0|0|1|0|0|0|0|0|0|0|0|0|2|0|0|http://t.co/K47nRfHG@egNews Разведчики Южного военного округа учатся приземляться с парашютом в экстремальных ситуациях |Южного административного округа
<Military_Russia>|2012-03-31|13:13:00|0|0|0|1|0|0|0|0|0|0|0|0|0|0|0|0|В Минобороны России состоялась пресс-конференция директора  Департамента финансового планирования военного ведомства  Анны Кондратьевой. |России
<Military_Russia>|2012-03-31|13:15:48|0|0|0|0|0|0|0|0|0|0|0|0|1|1|0|0|В рамках реализации программы с 1 марта установлены новые сроки выплат  денежного довольтвия военнослужащим. 
<Military_Russia>|2012-03-31|13:16:37|0|0|0|0|0|0|0|0|0|0|0|0|0|3|0|0|Немаловажным в этом процессе является организация обратной связи с клиентами. С этой целью в ЕРЦ создан  call-центр. 
<Military_Russia>|2012-03-31|13:17:39|0|0|0|0|0|0|0|1|0|0|0|0|0|3|0|0|В итоге с учетом надбавок размер месячного денежного довольствия составляет:   у командира подводной лодки — около 250 тыс. рублей; 
<Military_Russia>|2012-03-31|13:18:09|0|0|0|0|0|0|0|1|0|0|0|0|0|4|0|0|у командующего армией — около 130 тыс. рублей;  у выпускника военного вуза в звании «лейтенант» — до 50 тыс.рублей. 
<Military_Russia>|2012-03-31|13:18:47|0|0|0|2|0|0|0|0|0|0|0|0|0|1|0|0|В Хабаровске завершился чемпионат Восточного военного округа по офицерскому троеборью. |Хабаровске|Восточного Лотиана
<Military_Russia>|2012-03-31|13:19:13|0|0|0|0|0|0|0|0|0|0|0|0|0|3|0|0|В соревнованиях, которые проходили на базе СКА, приняли участие 16 команд, представлявших воинские коллективы из гарнизонов Урала. 
<Military_Russia>|2012-03-31|13:19:25|0|0|0|0|0|0|0|0|0|0|0|0|0|4|0|0|Спортсмены, поделенные на три возрастные группы, состязались в стрельбе из пистолета Макарова, легкоатлетическом кроссе и плавании. 
<Military_Russia>|2012-03-31|13:20:44|0|0|0|0|0|0|0|0|0|0|0|0|0|1|0|0|На полигоне в районе аэродрома Кача продолжается полевой выход зенитного ракетного полка Черноморского флота, 
<Military_Russia>|2012-03-31|13:21:11|0|0|0|0|0|0|0|0|0|0|0|0|0|3|0|0|целью которого является отработка взаимодействия командных пунктов полка и батарей при поиске, 
<Military_Russia>|2012-03-31|13:21:35|0|0|0|0|0|0|0|0|0|0|0|0|0|4|0|0|обнаружении цели и выдаче целеуказания, а также совершенствование практических навыков боевых расчетов по развертыванию пусковых установок. 
<Military_Russia>|2012-03-31|13:29:42|0|0|0|1|0|0|0|0|0|0|0|0|0|1|0|0|В Самарской области проведен сбор с должностными лицами призывных комиссий |Самарской области
<Military_Russia>|2012-03-31|13:30:13|0|0|0|0|0|0|0|0|0|0|0|0|0|1|0|0|Войска воздушно-космической обороны взяли на управление космический аппарат военного назначения. 
<Military_Russia>|2012-03-31|13:30:23|0|0|0|0|0|0|0|0|0|0|1|0|0|3|0|0|Старт ракеты-носителя и выведение космического аппарата на орбиту прошли в штатном режиме. 
<Military_Russia>|2012-03-31|13:30:39|0|0|0|1|0|0|0|0|0|0|0|0|0|1|0|0|На празднование 100-летия создания ВВС России прибудет около 70 иностранных делегаций. |России
<Military_Russia>|2012-03-31|13:30:50|0|1|0|0|0|0|0|0|0|0|0|0|0|0|0|0|Главнокомандующий Военно-воздушными силами генерал-полковник Александр Зелин провел пресс-конференцию, посвященную предстоящим торжествам 
<Military_Russia>|2012-03-31|13:31:02|0|0|0|1|0|0|0|0|0|0|1|0|0|2|0|0|Воинские части ЮВО, дислоцированные в Адыгее, переходят на аутсорсинговую систему обслуживания |Адыгее
<Military_Russia>|2012-03-31|13:31:48|0|0|0|0|0|0|0|0|0|0|0|0|0|1|0|0|В настоящее время 7 гражданских компаний занимаются организацией питания, ремонтом вооружения и военной техники. 
<Military_Russia>|2012-03-31|13:32:00|0|0|0|1|0|0|0|0|0|0|0|0|0|1|0|0|Лучший командир артиллерийской батареи ВДВ служит в Иваново |Иваново
<Military_Russia>|2012-03-31|13:33:05|0|0|0|1|0|0|0|0|0|0|0|0|0|2|0|0|На артиллерийском полигоне в Луге прошел заключительный этап профессионального конкурса среди офицеров-артиллеристов ВДВ. |Луге
<Military_Russia>|2012-03-31|13:33:28|0|0|0|0|0|0|0|0|0|0|0|0|0|1|0|0|В Доме офицеров Каспийской флотилии состоялась встреча с представителями Кронштадтского морского кадетского корпуса 
<Military_Russia>|2012-03-31|13:33:40|0|0|0|0|0|0|1|0|0|0|0|0|0|5|0|0|Они рассказали об учебном заведении, порядке поступления в него и требованиях, предъявляемых к будущим воспитанникам. 
<Military_Russia>|2012-03-31|13:33:59|0|0|0|1|0|0|0|0|0|0|0|0|0|2|0|0|Разведчики Южного военного округа учатся приземляться с парашютом в экстремальных ситуациях. |Южного административного округа
<Military_Russia>|2012-04-02|01:19:33|0|0|0|0|0|0|0|0|0|0|0|0|0|0|0|0|Весенний призыв-2012. 
<Military_Russia>|2012-04-02|01:21:17|0|0|0|0|0|0|0|0|0|0|0|0|0|0|0|0|Минобороны недоберет 60 тыс. призывников. Вместо уволенных 218,7 тыс. призывников Генштаб наберет всего 155,5 тыс. 
<Military_Russia>|2012-04-02|22:19:57|0|1|0|0|0|0|0|0|0|0|0|0|0|1|0|0|МО РФ выражает искренние соболезнования семье майора войск связи Солнечникова С.А, который ценой своей жизни спас солдат. Вечная память. 
<Military_Russia>|2012-04-02|22:45:58|0|0|0|0|0|0|0|0|0|0|0|0|0|0|0|0|В Приамурье появится улица имени погибшего комбата Сергея Солнечникова. 
<Military_Russia>|2012-04-02|22:46:07|0|0|0|0|0|0|1|0|0|0|0|0|0|5|0|0|Майор посмертно будет представлен к высокой государственной награде, а его родственникам окажут всестороннюю помощь, в том числе финансовую. 
<Military_Russia>|2012-04-02|22:49:28|0|0|0|0|0|0|0|0|0|0|0|0|0|0|0|0|В 9-м всероссийском сборе воспитанников кадетских корпусов приняли участие более 500 человек. 
<Military_Russia>|2012-04-02|22:49:32|0|0|0|0|0|0|0|0|0|0|0|0|0|1|0|0|Кадеты продемонстрировали свою физическую подготовку и строевую выучку. 
<Military_Russia>|2012-04-02|22:50:30|0|0|0|0|0|0|0|0|0|0|0|0|0|1|0|0|Военный совет РВСН обсудил вопросы боевой учебы в зимнем периоде обучения. 
<Military_Russia>|2012-04-02|22:50:50|0|0|0|0|0|0|0|0|0|0|0|0|0|1|0|0|В целом уровень специальной подготовки боевых расчетов, практической выучки всего личного состава повысился во всех проверенных соединениях. 
<Military_Russia>|2012-04-02|22:51:32|0|0|0|1|0|0|1|0|0|0|0|0|0|3|0|0|В Свердловской области прошло учение военных медиков Во время учений им пришлось работать под перекрестным огнем и залпами орудий. |Свердловской области
<Military_Russia>|2012-04-02|22:59:03|0|0|0|0|0|0|0|0|0|0|0|0|0|2|0|0|Курсанты уч.центра ВВО сдают экзамен по стрельбе из танка.За считанные минуты военнослужащие должны поразить из танка Т-80 несколько мишеней 
<Military_Russia>|2012-04-02|22:59:50|0|0|0|1|0|0|0|0|0|0|0|0|0|1|0|0|На базе военного комиссариата Брянской области начался учебно-методический сбор с военными комиссарами ЗВО. |Брянской области
<Military_Russia>|2012-04-02|23:00:28|0|0|0|0|0|0|0|0|0|0|0|0|0|1|0|0|29 военных комиссаров округа в течение двух дней будут изучать особенности организации весенней призывной кампании. 
<Military_Russia>|2012-04-02|23:03:36|0|0|0|4|0|0|0|0|0|0|0|0|0|2|0|0|Специалисты США и Чехии  наблюдательный полет над территориями России и Белоруссии. Максимальная дальность полета составит 5500 км. |США|Чехии|России|Белоруссии
<Military_Russia>|2012-04-02|23:04:14|0|0|0|1|0|0|0|0|0|0|0|0|2|1|0|0|Весенний призыв продлится до середины июля. В 2012 году ряды Вооруженных Сил России пополнят более 155 тыс. новобранцев. |России
<Military_Russia>|2012-04-02|23:05:29|0|0|0|0|0|0|0|0|0|0|0|0|0|1|0|0|Войска ЗВО готовы оказать помощь в проведении противопаводковых мероприятий. 
<Military_Russia>|2012-04-02|23:06:03|0|0|0|0|0|0|0|0|0|0|0|0|0|1|0|0|28 специально подготовленных команд из состава инженерных подразделений округа готовы немедленно приступить 
<Military_Russia>|2012-04-02|23:06:11|0|0|0|0|0|0|0|0|0|0|0|0|0|3|0|0|к эвакуации населения и спасательным работам в случае возникновения паводковой ситуации. 
<Military_Russia>|2012-04-02|23:07:33|0|0|0|0|0|0|0|0|0|0|0|0|1|1|0|0|В апреле в военные округа будет отправлено более 2 тыс. младших специалистов инженерных войск. 
<Military_Russia>|2012-04-02|23:08:03|0|0|0|0|0|0|0|0|0|0|0|0|0|0|0|0|В учебных центрах подготовки младших специалистов инженерных войск проводятся выпускные экзамены. 
<Military_Russia>|2012-04-02|23:08:47|0|0|0|0|0|0|0|0|0|0|0|0|0|1|0|0|Военнослужащие Балтийского флота продолжают заселяться в новые квартиры. 
<Military_Russia>|2012-04-02|23:09:24|0|0|0|1|0|0|0|0|0|0|0|0|0|1|0|0|В Западном военном округе военные комиссариаты начинают плановую работу по обеспечению проведения призывной кампании. |Западном административном округе
<Military_Russia>|2012-04-02|23:11:12|0|0|0|2|0|0|0|0|0|0|0|0|0|1|0|0|В Москве прошел финал молодежной лиги КВН среди воспитанников учебных заведений Минобороны России. |Москве|России
<Military_Russia>|2012-04-02|23:23:15|0|0|0|0|0|0|0|0|0|0|0|0|0|0|0|0|Командующий ВДВ генерал-лейтенант Шаманов В.А посетит 76-ю гвардейскую десантно-штурмовую дивизию. 
<Military_Russia>|2012-04-02|23:26:45|0|0|0|1|0|0|0|0|0|0|0|0|0|0|0|0|В береговых войсках Северного флота завершился лагерный сбор разведчиков. |Северного административного округа
<Military_Russia>|2012-04-02|23:27:42|0|0|0|0|0|0|0|0|0|0|0|0|0|2|0|0|Эксперты НИИВИ Военной академии Генерального штаба ВС РФ оценят знания военной истории на олимпиаде в Воронеже. 
<Military_Russia>|2012-04-02|23:28:33|0|0|0|0|0|0|0|0|0|0|0|0|0|3|0|0|Артиллерийские катера и тральные силы Каспийской флотилии вышли в море для отработки учебно-боевых задач. 
<Military_Russia>|2012-04-02|23:32:11|0|0|0|1|0|0|0|0|0|0|0|0|1|1|0|0|Более 2 тыс. человек, подлежащих призыву в ВС РФ весной этого года, прибыли в военный комиссариат Краснодарского края. |Краснодарского края
<Military_Russia>|2012-04-02|23:33:37|0|0|0|0|0|0|0|0|0|0|0|0|0|2|0|0|Курсанты Ярославского филиала ВУНЦ ВВС готовятся к боевым стрельбам на полигоне Ашулук. 
<Military_Russia>|2012-04-03|00:20:45|0|0|0|1|0|0|0|0|0|0|0|0|0|1|0|0|Первые подразделения ПВО Южного военного округа возвращаются в пункты дислокации |Южного административного округа
<Military_Russia>|2012-04-03|00:21:30|0|0|0|0|0|0|0|0|0|0|0|0|0|1|0|0|В Сухопутных войсках начинаются контрольные проверки за зимний период обучения. 
<Military_Russia>|2012-04-03|00:22:11|0|0|0|1|0|0|0|0|0|0|0|0|0|0|0|0|В РВСН началась контрольная проверка Оренбургского ракетного объединения. |Оренбургского района
<Military_Russia>|2012-04-03|00:23:22|0|0|0|1|0|0|0|0|0|0|0|0|0|2|0|0|Для участников военного парада на Красной площади в Москве подготовлено более 14 тыс. комплектов военной формы одежды. |Москве
<Military_Russia>|2012-04-03|00:24:00|0|1|0|1|0|0|0|0|0|0|0|0|0|2|0|0|Лучшие боксеры Северного флота будут бороться за победу на турнире памяти Вадима Емельянова. |Северного административного округа
<Military_Russia>|2012-04-03|18:17:14|0|0|0|1|0|0|0|0|0|0|0|1|0|0|0|0|Президент РФ присвоил звание Героя России майору войск связи Солнечникову.Посмертно. |России
<Military_Russia>|2012-04-04|21:42:21|0|0|0|0|0|0|0|0|0|0|0|0|0|1|0|0|Морской авиации Тихоокеанского флота - 80 лет. 
<Military_Russia>|2012-04-04|21:42:32|0|0|0|1|0|0|0|0|0|0|0|0|0|2|0|0|Подразделения инженерных войск приступили к сплошной очистке территории Чеченской Республики от взрывоопасных предметов. |Чеченской республике
<Military_Russia>|2012-04-04|21:42:42|0|1|0|1|0|0|0|0|0|0|0|0|0|0|0|0|В Восточном военном округе определяют лучших артиллеристов. |Восточном Лотиане
<Military_Russia>|2012-04-04|21:42:54|0|0|0|1|0|0|0|0|0|0|0|0|0|2|0|0|В Восточном военном округе завершился второй этап конкурса по полевой выучке среди командиров общевойсковых подразделений Сухопутных войск. |Восточном Лотиане
<Military_Russia>|2012-04-04|21:43:03|0|0|0|2|0|0|0|0|0|0|0|0|0|0|0|0|В Санкт-Петербурге завершился учебно-методический сбор войсковых психологов Западного военного округа |Санкт-Петербурге|Западного административного округа
<Military_Russia>|2012-04-04|21:43:11|0|0|0|1|0|0|0|0|0|0|0|0|0|1|0|0|На Северном флоте прошел чемпионат по пауэрлифтингу |Северном административном округе
<Military_Russia>|2012-04-04|21:43:18|0|0|0|0|0|0|0|0|0|0|0|0|0|1|0|0|В РВСН продолжится обследование военнослужащих с помощью аппаратно-программных комплексов 
<Military_Russia>|2012-04-06|19:28:03|0|0|0|1|0|0|0|0|0|0|0|0|0|0|0|0|Военные связисты Южного военного округа осваивают новую технику. |Южного административного округа
<Military_Russia>|2012-04-06|19:28:15|0|0|0|0|0|0|0|0|0|0|0|0|0|0|0|0|В подмосковном Алабино проходят совместные тренировки парадных расчетов. 
<Military_Russia>|2012-04-06|19:28:29|0|0|0|0|0|0|0|0|0|0|0|0|0|0|0|0|Новороссийские десантники завершают зимний период обучения проведением полкового командно-штабного учения. 
<Military_Russia>|2012-04-06|19:28:41|0|0|0|0|0|0|0|0|0|0|0|0|0|1|0|0|Вертолетчики Торжокского авиацентра готовятся к военному параду. 
<Military_Russia>|2012-04-06|19:28:53|0|0|0|0|0|0|0|0|0|0|0|0|0|2|0|0|Инженерные подразделения Войск ВКО готовы в 30-минутный срок приступить к ликвидации последствий паводков. 
<Military_Russia>|2012-04-06|19:29:05|0|0|0|1|0|0|0|0|0|0|0|0|0|1|0|0|В Ставрополье проводится учение с подразделениями РХБ защиты. |Ставрополье
<Military_Russia>|2012-04-06|19:29:13|0|0|0|0|0|0|0|0|0|0|0|0|0|2|0|0|Спасатели авиабазы морской авиации БФ совершают прыжки с парашютом в сложных условиях 
<Military_Russia>|2012-04-06|19:29:31|0|0|0|0|0|0|0|0|0|0|0|0|0|0|0|0|Ракетчики Каспийской флотилии уничтожили надводный корабль условного противника. 
<Military_Russia>|2012-04-06|19:29:42|0|0|0|0|0|0|0|0|0|0|0|0|0|1|0|0|Гидрографическое судно Черноморского флота «Донузлав» уходит в длительное плавание 
<Military_Russia>|2012-04-06|19:30:02|0|0|0|0|0|0|0|0|0|0|0|0|0|1|0|0|«Русские витязи» отметят 21 годовщину со дня своего создания демонстрационными полетами. 
<Military_Russia>|2012-04-06|19:30:47|0|0|1|1|0|0|0|0|0|0|0|0|0|1|0|0|Глава Генштаба ген.армии Николай Макаров примет участие в заседании Комитета начальников штабов вооруженных сил государств-участников СНГ. |Николай
<Military_Russia>|2012-04-06|19:31:05|0|0|0|0|0|0|0|0|0|0|0|0|0|2|0|0|Подготовка к авиационному учению «Ладога-2012» вступает в заключительную фазу. 
<Military_Russia>|2012-04-06|19:31:20|0|0|0|1|0|0|0|0|0|0|0|0|0|0|0|0|Летчики авиабазы Шагол Центрального военного округа совершенствуют свое боевое мастерство. |Центрального остана
<Military_Russia>|2012-04-06|19:31:36|0|0|0|1|0|0|0|0|0|0|0|0|0|3|0|0|Большой десантный корабль «Цезарь Куников» вышел из Севастополя для участия в активации международного соединения «Блэксифор». |Севастополя
<Military_Russia>|2012-04-06|19:32:21|0|0|0|1|0|0|0|0|0|0|0|0|1|4|0|0|В Минобороны России прокомментировали сообщения ряда СМИ об изменении в марте размера данной премии военнослужащим с 35% до 15%. |России
<Military_Russia>|2012-04-06|19:32:30|0|0|0|0|0|0|0|0|0|0|0|0|0|1|0|0|Более 40% офицеров общевойсковой армии ЗВО физически подготовлены на «отлично» 
<Military_Russia>|2012-04-06|19:33:11|0|0|0|0|0|0|1|0|0|0|0|0|0|5|0|0|Сообщения СМИ о якобы имевшей место просьбе Министра обороны не переназначать его на пост руководителя военного ведомства являются вымыслом. 
<Military_Russia>|2012-04-06|19:33:43|0|0|0|0|0|0|1|0|0|0|0|0|0|4|0|0|Регулярно появляющиеся в СМИ слухи о роспуске его команды и возможном уходе начальника Генерального штаба ВС РФ 
<Military_Russia>|2012-04-06|19:33:49|0|0|0|0|0|0|0|0|0|0|0|0|0|3|0|0|— первого заместителя Министра обороны РФ также не имеют под собой никаких оснований. 
<Military_Russia>|2012-04-06|19:34:21|0|0|0|1|0|0|0|0|0|0|0|0|0|2|0|0|Решение о переназначении или замене Министра обороны является исключительной прерогативой Президента России. |России
<Military_Russia>|2012-04-06|19:34:38|0|1|0|0|0|0|0|0|0|0|0|0|0|2|0|0|Десантники одержали абсолютную победу в командном первенстве Вооруженных Сил по армейскому рукопашному бою. 
<Military_Russia>|2012-04-06|19:34:47|0|0|0|0|0|0|0|0|0|0|0|0|1|2|0|0|Денежное довольствие военнослужащим за первые два месяца текущего года было начислено в полном объеме. 
<Military_Russia>|2012-04-06|19:34:58|0|0|0|1|0|0|0|0|0|0|0|0|0|1|0|0|В ходе призывной кампания Самарская область направит в войска 4000 человек. |Самарская область
<Military_Russia>|2012-04-06|19:35:09|0|0|0|0|0|0|0|0|0|0|0|0|0|2|0|0|В ходе весеннего призыва ВДВ примут в свои ряды более 4,5 тыс. новобранцев. 
<Military_Russia>|2012-04-06|19:35:29|0|0|0|1|0|0|0|0|0|0|0|0|0|0|0|0|В подмосковной Кубинке отмечает 21-ю годовщину создания пилотажная группа «Русские Витязи». |Кубинке
<Military_Russia>|2012-04-06|19:35:39|0|0|0|1|0|0|0|0|0|0|0|0|0|1|0|0|Танкисты Южного военного округа учатся вести бой в ночных условиях. |Южного административного округа
<Military_Russia>|2012-04-06|19:35:50|1|0|0|0|0|0|0|0|0|0|0|0|0|2|0|0|На Тоцком полигоне пройдет тренировка по управлению ракетными ударами и огнем артиллерии. 
<Military_Russia>|2012-04-06|19:36:01|0|0|0|1|0|0|0|0|0|0|0|0|0|1|0|0|В России будут открыты еще шесть Президентских кадетских училищ. |России
<Military_Russia>|2012-04-06|19:36:10|0|0|0|0|0|0|0|0|0|0|0|0|0|2|0|0|Определен порядок предоставления жилых помещений военнослужащим в собственность бесплатно по избранному месту жительства. 
<Military_Russia>|2012-04-06|19:36:26|0|1|0|1|0|0|0|0|0|0|0|0|0|1|0|0|В Севастополе состоялась репетиция военного парада в честь 67-й годовщины Победы в Великой Отечественной войны. |Севастополе
<Military_Russia>|2012-04-06|19:36:36|0|0|0|0|0|0|0|0|0|0|0|0|1|0|0|0|На официальном сайте Минобороны обновлен раздел, посвященный 200-летию Отечественной войны 1812 года. 
<Military_Russia>|2012-04-06|19:36:46|0|0|0|1|0|0|0|0|0|0|0|0|0|2|0|0|На полигоне Тарское под Владикавказом испытывают современный радиолокационный комплекс разведки и контроля стрельбы «Зоопарк». |Владикавказом
<Military_Russia>|2012-04-06|19:36:55|0|0|0|0|0|0|0|0|0|0|1|0|0|1|0|0|На полигоне Прудбой проверили в действии обновленную тяжелую огнеметную систему «Буратино». 
<Military_Russia>|2012-04-06|19:37:12|0|0|0|0|0|0|0|0|0|0|0|0|0|0|0|0|На Чебаркульском полигоне артиллеристы ЦВО проводят боевые стрельбы. 
<Military_Russia>|2012-04-06|19:37:36|0|0|0|1|0|0|0|0|0|0|0|0|0|0|0|0|Подразделения ПВО Восточного военного округа завершают зимний период обучений боевой стрельбой. |Восточного Лотиана
<Military_Russia>|2012-04-06|19:37:52|0|0|0|1|0|0|0|0|0|0|0|0|0|2|0|0|На полигоне Шали в Чеченской Республике мотострелки выполняют упражнения учебных стрельб из новых БТР. |Чеченской республике
<Military_Russia>|2012-04-06|19:38:06|0|0|0|1|0|0|0|0|0|0|0|0|0|1|0|0|БПК Северного флота «Вице-адмирал Кулаков» отправился в дальний поход. |Северного административного округа
<Military_Russia>|2012-04-06|19:38:25|0|1|0|0|0|0|0|0|0|0|0|0|0|1|0|0|Десантники отметят престольный праздник восстанавливаемого в Сокольниках Главного Храма ВДВ 
<Military_Russia>|2012-04-06|19:38:36|0|0|0|1|0|0|0|0|0|0|0|0|0|0|0|0|В Чеченской Республике саперы ЮВО разминировали более 20 га сельхозугодий |Чеченской республике
<Military_Russia>|2012-04-06|19:38:49|0|0|0|0|0|0|0|0|0|0|0|0|0|1|0|0|В береговых войсках Балтийского флота проводятся ротные тактические учения с боевой стрельбой 
<Military_Russia>|2012-04-06|19:38:56|0|0|0|0|0|0|0|0|0|0|0|0|0|1|0|0|В деятельности командования РВСН все активнее используются возможности Интернета 
<Military_Russia>|2012-04-06|19:39:06|0|0|0|1|0|0|0|0|0|0|0|0|0|1|0|0|На базе Учебного центра ВВС в Ростовской области начались выпускные экзамены младших авиационных специалистов |Ростовской области
<Military_Russia>|2012-04-06|19:39:15|0|0|0|0|0|0|0|0|0|0|0|0|0|0|0|0|На Черноморском флоте завершены тестовые испытания нового навигационного тренажера «Мостик-2000» 
<Military_Russia>|2012-04-06|19:39:52|0|0|0|1|0|0|0|0|0|0|0|0|0|2|0|0|Военнослужащие Самарского гарн. готовятся к военному параду, посвящённому 67-й годовщине Победы в Великой Отечественной войне 1941-1945 гг. |Самарского района
<Military_Russia>|2012-04-07|13:39:26|0|0|0|0|0|0|0|0|0|0|0|0|0|0|0|0|Войска воздушно-космической обороны контролируют параметры орбиты космического аппарата «Молния-1Т». 
<Military_Russia>|2012-04-07|13:39:37|0|0|0|1|0|0|0|0|0|0|0|0|0|1|0|0|Начальник Главного управления международного военного сотрудничества Минобороны России провел брифинг для иностранных военных дипломатов. |России
<Military_Russia>|2012-04-08|01:55:06|0|0|0|1|0|0|0|0|0|0|0|0|0|1|0|0|Российские инспекторы выполнят наблюдательный полет над территорией США. |США
<Military_Russia>|2012-04-08|01:57:06|0|0|0|1|0|0|0|0|0|0|0|0|0|0|0|0|В Вооруженных Силах России отмечается День войск ПВО. |России
<Military_Russia>|2012-04-09|16:18:01|0|0|0|1|0|0|0|0|0|0|0|0|0|2|0|0|В Звенигороде прошел международный турнир по дзюдо среди команд силовых структур/ |Звенигороде
<Military_Russia>|2012-04-09|16:18:12|0|0|0|1|0|0|0|0|0|0|0|0|0|1|0|0|Американские наблюдатели выполнят полет над территорией России. |России
<Military_Russia>|2012-04-09|16:18:21|0|0|0|1|0|0|0|0|0|0|0|0|0|0|0|0|В Северной Осетии состоялось учение инженерных войск. |Северной Голландией
<Military_Russia>|2012-04-09|16:18:31|0|0|0|1|0|0|0|0|0|0|0|0|0|0|0|0|В Южном военном округе продолжается профессиональный конкурс ротных командиров. |Южном административном округе
<Military_Russia>|2012-04-09|16:18:40|1|0|0|1|0|0|0|0|0|0|0|0|0|3|0|0|На Тоцком полигоне в Оренбургской области прошла тренировка по управлению ракетными ударами и огнем артиллерии. |Оренбургской области
<Military_Russia>|2012-04-09|16:19:21|0|0|0|2|0|0|0|0|0|0|0|0|0|2|0|0|Центральный оркестр Минобороны России дал концерт для участников военного парада, посвященного 67-й годовщине Победы в ВОВ. |Центральный остан|России
<Military_Russia>|2012-04-09|16:19:32|0|0|0|0|0|0|0|0|0|0|0|0|0|0|0|0|В войска ЮВО поступили современные ремонтные средства. 
<Military_Russia>|2012-04-09|16:19:40|0|0|0|1|0|0|0|0|0|0|0|0|0|0|0|0|На полигонах Ленинградской области утилизируют боеприпасы, выслужившие установленные сроки. |Ленинградской области
<Military_Russia>|2012-04-09|16:19:51|0|0|0|0|0|0|0|0|0|0|0|0|0|0|0|0|В Приморье морские пехотинцы ТОФ отразят высадку морского десанта условного противника. 
<Military_Russia>|2012-04-09|16:19:58|0|0|0|0|0|0|0|0|0|0|0|0|0|0|0|0|Состоится 26-я сессия Совместной контрольной группы. 
<Military_Russia>|2012-04-09|16:20:06|0|0|0|0|0|0|0|0|0|0|0|0|0|1|0|0|В ЗВО стартовала итоговая проверка войск за зимний период обучения. 
<Military_Russia>|2012-04-09|16:20:14|0|0|0|1|0|0|0|0|0|0|0|0|0|0|0|0|В Новосибирской общевойсковой армии ЦВО активно внедряется аутсорсинг. |Новосибирской области
<Military_Russia>|2012-04-09|16:20:25|0|0|0|0|0|0|0|0|0|0|0|0|0|0|0|0|Боевые пловцы Каспийской флотилии осваивают элементы специальной подводной акробатики. 
<Military_Russia>|2012-04-10|00:21:41|0|0|0|1|0|0|0|0|0|0|0|0|0|0|0|0|На Северном флоте началась утилизация боеприпасов. |Северном административном округе
<Military_Russia>|2012-04-10|00:21:54|0|1|0|0|0|0|0|0|0|0|0|0|0|1|0|0|Командование Балтийского флота приняло участие в торжественных мероприятиях, посвященных 67-й годовщине штурма Кенигсберга. 
<Military_Russia>|2012-04-10|00:22:02|0|0|0|1|0|0|0|0|0|0|0|0|0|0|0|0|В Западном военном округе началось крупномасштабное авиационное учение «Ладога-2012». |Западном административном округе
<Military_Russia>|2012-04-10|00:22:15|0|0|0|0|0|0|0|0|0|0|1|0|1|2|0|0|Новейшая зенитная ракетная система С-500 поступит в войска после 2015 года. 
<Military_Russia>|2012-04-10|00:22:37|0|0|0|0|0|0|0|0|0|0|0|0|0|1|0|0|Спасатели морской авиации ЧФ готовятся к российско-украинскому учению «Фарватер мира-2012». 
<Military_Russia>|2012-04-10|00:22:45|0|0|0|1|0|0|0|0|0|0|0|0|0|2|0|0|До военного парада на Красной площади в Москве остался месяц. |Москве
<Military_Russia>|2012-04-10|00:22:55|0|0|0|1|0|0|0|0|0|0|0|0|0|2|0|0|Объявлен прием документов для отбора кандидатов в адъюнктуру вузов Минобороны России. |России
<Military_Russia>|2012-04-10|00:23:05|0|0|0|2|0|0|0|0|0|0|0|0|0|0|0|0|В Самарской общевойсковой армии начала работать комиссия командования Центрального военного округа. |Самарской области|Центрального остана
<Military_Russia>|2012-04-11|23:53:56|0|0|0|0|0|0|0|0|0|0|0|0|0|2|0|0|В Воронеже завершилась олимпиада по истории среди курсантов военных вузов Минобороны. 
<Military_Russia>|2012-04-11|23:54:03|0|0|0|0|0|0|0|0|0|0|0|0|0|0|0|0|В гвардейской общевойсковой армии — новый командующий. 
<Military_Russia>|2012-04-11|23:54:14|0|0|0|0|0|0|0|0|0|0|0|0|0|2|0|0|Руководящий состав вузов и учебных центров СВ осваивает новую методику подготовки военнослужащих по контракту. 
<Military_Russia>|2012-04-11|23:54:21|0|0|0|1|0|0|0|0|0|0|0|0|0|1|0|0|В Западном военном округе работает «горячая линия» по вопросам призыва. |Западном административном округе
<Military_Russia>|2012-04-11|23:54:30|0|1|0|0|0|0|0|0|0|0|0|0|0|0|0|0|В честь Великой Победы ветераны-десантники организовали международный автопробег. 
<Military_Russia>|2012-04-11|23:54:39|0|0|0|2|0|0|0|0|0|0|1|0|0|1|0|0|Делегация министерства обороны Венгрии прибывает в Воронеж. |Венгрии|Воронеж
<Military_Russia>|2012-04-11|23:54:47|0|0|0|1|0|0|0|0|0|0|0|0|0|1|0|0|В Западном военном округе завершился чемпионат по гиревому спорту. |Западном административном округе
<Military_Russia>|2012-04-11|23:54:58|0|0|0|1|0|0|0|0|0|0|0|0|0|2|0|0|Во Владивостоке в микрорайоне Снеговая Падь, возводимом для военнослужащих, открылся новый детский сад. |Владивостоке
<Military_Russia>|2012-04-11|23:55:06|0|0|0|1|0|0|0|0|0|0|0|0|1|2|0|0|В 2012 году в довузовские образовательные учреждения Минобороны России планируется принять более 2000 юношей и девушек. |России
<Military_Russia>|2012-04-11|23:55:13|0|0|0|1|0|0|0|0|0|0|0|0|0|0|0|0|Летчики палубной авиации Северного флота совершенствуют свое боевое мастерство. |Северного административного округа
<Military_Russia>|2012-04-11|23:55:21|0|0|0|0|0|0|0|0|0|0|0|0|0|1|0|0|Артисты Малого театра поздравили военнослужащих Войск ВКО с наступающим Днем космонавтики. 
<Military_Russia>|2012-04-11|23:55:28|0|0|0|1|0|0|0|0|0|0|0|0|0|1|0|0|а выпускных экзаменах хлебопеки Южного военного округа выпекут более 200 пасхальных куличей. |Южного административного округа
<Military_Russia>|2012-04-11|23:55:38|0|0|1|1|0|0|0|0|0|0|1|0|0|2|0|0|Во Владимире начался сбор с офицерами военно-воздушных сил государств — участников Соглашения о создании ОС ПВО государств — участников СНГ. |Владимире
<Military_Russia>|2012-04-11|23:55:45|0|0|0|1|0|0|0|0|0|0|0|0|0|1|0|0|Мотострелки соединений, дислоцированных в Чеченской Республике, сдают итоговую проверку. |Чеченской республике
<Military_Russia>|2012-04-11|23:55:56|0|0|0|1|0|0|0|0|0|0|0|0|0|1|0|0|Заместитель Министра обороны Российской Федерации Анатолий Антонов принял делегацию американского «Центра за национальный интерес». |Российской Федерацией
<Military_Russia>|2012-04-11|23:56:06|0|0|0|0|0|0|0|0|0|0|0|0|1|1|0|0|В 2012 году значительно увеличатся поставки автомобильной техники в РВСН. 
<Military_Russia>|2012-04-11|23:56:13|0|0|0|0|0|0|0|0|0|0|0|0|0|2|0|0|На аэродроме Плесецк проводится сбор со специалистами поисково-спасательной и парашютно-десантной службы ЗВО. 
<Military_Russia>|2012-04-11|23:56:23|0|0|0|0|0|0|0|0|0|0|0|0|0|2|0|0|Военнослужащие ЦВО все активнее приобретают квартиры по военной ипотеке. 
<Military_Russia>|2012-04-11|23:56:32|0|1|0|0|0|0|0|0|0|0|0|0|0|1|0|0|В Екатеринбурге в роте почетного караула служат близнецы. 
<Military_Russia>|2012-04-11|23:56:44|0|1|0|1|0|0|0|0|0|0|0|0|0|0|0|0|На полигонах Центрального военного округа применяют более безопасный способ утилизации боеприпасов. |Центрального остана
<Military_Russia>|2012-04-11|23:56:51|0|0|0|1|0|0|0|0|0|0|0|0|0|0|0|0|В Военной академии РВСН имени Петра Великого подведены итоги войсковой стажировки курсантов. |Великого Новгорода
<Military_Russia>|2012-04-11|23:57:00|0|0|0|0|0|0|0|0|0|0|0|0|1|1|0|0|В конце апреля в войска ЗВО поступит более 4 тыс. младших специалистов Сухопутных войск. 
<Military_Russia>|2012-04-11|23:57:09|0|0|0|0|0|0|0|0|0|0|0|0|0|2|0|0|На полигоне Ашулук зенитный ракетный полк Войск ВКО заступил на боевое дежурство в рамках проведения тактических учений. 
<Military_Russia>|2012-04-11|23:57:17|0|0|0|0|0|0|0|0|0|0|0|0|0|2|0|0|Российские и норвежские военные моряки готовятся к совместному учению. 
<Military_Russia>|2012-04-11|23:57:24|0|0|0|1|0|0|0|0|0|0|0|0|0|1|0|0|Зенитчики общевойскового объединения Центрального военного округа завершили боевые стрельбы на полигоне Капустин Яр. |Центрального остана
<Military_Russia>|2012-04-11|23:57:32|0|0|0|0|0|0|0|0|0|0|0|0|0|2|0|0|В Севастопольском гарнизоне прошел чемпионат по стрельбе из штатного оружия. 
<Military_Russia>|2012-04-11|23:57:41|0|0|0|1|0|0|0|0|0|0|0|0|0|2|0|0|Войска Восточного военного округа к пожароопасному периоду подходят во всеоружии. |Восточного Лотиана
<Military_Russia>|2012-04-11|23:57:49|0|0|0|0|0|0|0|0|0|0|0|0|0|1|0|0|Продолжается модернизация измерительного комплекса на полигоне Капустин Яр. 
<Military_Russia>|2012-04-11|23:57:57|0|0|0|0|0|0|0|0|0|0|0|0|0|2|0|0|Легендарные «Стрижи» принимают участие в летно-тактическом учении на полигоне Ашулук. 
<Military_Russia>|2012-04-11|23:58:05|0|0|0|2|0|0|0|0|0|0|0|0|0|1|0|0|Руководитель российского Генштаба генерал армии Николай Макаров совершит рабочий визит в Канаду. |Николай|Канаду
<Military_Russia>|2012-04-11|23:58:16|0|0|0|1|0|0|0|0|0|0|0|1|0|1|0|0|Состоялась встреча командующего ВДВ и губернатора Псковской области. |Псковской области
<Military_Russia>|2012-04-11|23:58:26|0|0|0|0|0|0|0|0|0|0|0|0|0|1|0|0|Балтийский флот сдает физподготовку по новым требованиям. 
<Military_Russia>|2012-04-14|09:37:19|0|0|0|1|0|0|0|0|0|0|0|0|0|2|0|0|Зенитная ракетная бригад из Подмосковья провела боевые стрельбы на полигоне Капустин Яр. |Подмосковья
<Military_Russia>|2012-04-14|09:37:59|0|0|0|1|0|0|0|0|0|0|0|0|0|1|0|0|Летчики-истребители гвардейской авиабазы Восточного военного округа совершенствуют летное мастерство в сложных метеусловиях Камчатки. |Восточного Лотиана
<Military_Russia>|2012-04-14|09:38:28|0|0|0|0|0|0|0|0|0|0|0|0|0|1|0|0|Объекты РВСН подготовлены к паводкам. 
<Military_Russia>|2012-04-15|11:43:40|0|0|0|1|0|0|0|0|0|0|0|0|0|2|0|0|Военнослужащие батальона разминирования ЮВО готовятся к очистке местности в Чеченской Республике. |Чеченской республике
<Military_Russia>|2012-04-15|11:43:48|0|0|0|0|0|0|0|0|0|0|0|0|0|0|0|0|В Новороссийской военно-морской базе прошло межвидовое антитеррористическое учение. 
<Military_Russia>|2012-04-15|11:43:57|0|0|0|1|0|0|0|0|0|0|0|0|0|1|0|0|В Южном военном округе готовятся к нейтрализации пожарной опасности. |Южном административном округе
<Military_Russia>|2012-04-15|11:44:05|0|0|0|1|0|0|0|0|0|0|0|0|0|1|0|0|На Северном флоте подписан итоговый протокол по планированию совместного российско-норвежского учения «Помор-2012». |Северном административном округе
<Military_Russia>|2012-04-15|11:44:13|0|0|0|1|0|0|0|0|0|0|0|0|0|0|0|0|В Приморском крае прошло батальонное тактическое учение морской пехоты Тихоокеанского флота. |Приморском
<Military_Russia>|2012-04-15|11:44:24|0|0|0|1|0|0|0|0|0|0|0|0|0|2|0|0|В Новосибирском ракетном соединении назначен помощник командира по работе с верующими. |Новосибирском
<Military_Russia>|2012-04-15|11:44:32|0|0|0|1|0|0|0|0|0|0|0|0|0|1|0|0|В Чеченской Республике саперы ЮВО проводят сплошную очистку местности от взрывоопасных предметов. |Чеченской республике
<Military_Russia>|2012-04-15|11:44:40|0|0|0|0|0|0|0|0|0|0|0|0|0|0|0|0|На Балтийском флоте планируется утилизировать 9 тыс. тонн устаревших боеприпасов. 
<Military_Russia>|2012-04-15|11:44:49|0|0|0|1|0|0|0|0|0|0|0|0|0|0|0|0|В День космонавтики школьники посетили историко-мемориальный зал Липецкого авиацентра. |Липецкого района
<Military_Russia>|2012-04-15|11:44:56|0|0|0|0|0|0|0|0|0|0|0|0|0|1|0|0|В ВДВ вводятся в эксплуатацию новейшие универсальные спортивно-оздоровительные комплексы. 
<Military_Russia>|2012-04-15|11:45:08|0|0|0|0|0|0|0|0|0|0|0|0|0|0|0|0|Пилотажной группе «Беркуты» исполнилось 20 лет. 
<Military_Russia>|2012-04-15|11:45:19|0|0|0|0|0|0|0|0|0|0|0|0|0|1|0|0|В ЮВО проводится специальное учение по материально-техническому обеспечению войск. 
<Military_Russia>|2012-04-15|11:45:28|0|0|0|0|0|0|0|0|0|0|0|0|1|1|0|0|В 2012 году в РВСН будет поставлено более 160 единиц новой автомобильной техники. 
<Military_Russia>|2012-04-15|11:45:36|0|0|0|2|0|0|0|0|0|0|0|0|0|2|0|0|В Липецкий авиацентр на курсы переподготовки прибыли летчики и штурманы авиабазы Западного военного округа. |Липецкий район|Западного административного округа
<Military_Russia>|2012-04-15|11:45:43|0|0|0|0|0|0|0|0|0|0|0|0|0|0|0|0|Делегация участников 26-й сессии Совместной контрольной группы посетила подмосковное соединение ЗВО. 
<Military_Russia>|2012-04-15|11:45:53|0|0|0|1|0|0|0|0|0|0|0|0|0|1|0|0|Министр обороны России Анатолий Сердюков совершил рабочую поездку в Приднестровье. |России
<Military_Russia>|2012-04-15|11:46:01|0|0|0|1|0|0|0|0|0|0|0|0|0|0|0|0|В Астраханской области проходит ротное тактическое учение морской пехоты. |Астраханской области
<Military_Russia>|2012-04-15|11:46:07|0|0|0|1|0|0|0|0|0|0|0|0|0|1|0|0|Военнослужащие Московского гарнизона переходят на ношение летней формы одежды. |Московского района
<Military_Russia>|2012-04-15|11:46:16|0|0|0|2|0|0|0|0|0|0|0|0|0|2|0|0|Общевойсковое соединение Южного военного округа, дислоцированное в Дагестане, готово к приему молодого пополнения. |Южного административного округа|Дагестане
<Military_Russia>|2012-04-15|11:46:24|0|0|0|0|0|0|0|0|0|0|0|0|0|1|0|0|Моряки Тихоокеанского флота готовятся к российско-китайскому учению «Морское взаимодействие — 2012». 
<Military_Russia>|2012-04-15|11:46:35|0|0|0|1|0|0|0|0|0|0|0|0|0|2|0|0|В Восточном военном округе проходит завершающий этап тактического учения с боевой стрельбой соединений и частей противовоздушной обороны. |Восточном Лотиане
<Military_Russia>|2012-04-15|11:46:41|0|0|0|1|0|0|0|0|0|0|1|0|0|1|0|0|Патриотическая акция десантников России у Могилы Неизвестного Солдата. |России
<Military_Russia>|2012-04-15|11:46:48|0|0|0|0|0|0|0|0|0|0|0|0|0|1|0|0|Военный институт физической культуры выпустил первых войсковых инструкторов по физической подготовке. 
<Military_Russia>|2012-04-15|11:46:55|0|0|0|1|0|0|0|0|0|0|0|0|0|2|0|0|Летчики бомбардировочной авиации Западного военного округа выполняют учебно-тренировочные полеты с аэродрома в Черняховске. |Западного административного округа
<Military_Russia>|2012-04-15|11:47:04|0|0|0|0|0|0|0|0|0|0|0|0|0|0|0|0|В подмосковном Алабино прошла очередная репетиция военного парада. 
<Military_Russia>|2012-04-15|11:47:13|0|0|0|1|0|0|0|0|0|0|0|0|0|3|0|0|Военные железнодорожники Южного военного округа будут выполнять задачи на удалении до 1700 км от места дислокации. |Южного административного округа
<Military_Russia>|2012-04-15|11:47:20|0|0|0|0|0|0|0|0|0|0|0|0|0|2|0|0|Летчики ЗВО уничтожили более 200 самолетов условного противника в небе над Ладогой. 
<Military_Russia>|2012-04-15|11:47:28|0|0|0|0|0|0|0|0|0|0|0|0|0|2|0|0|Вертолетчики ЮВО отработали комплекс задач по доставке материальных средств в труднодоступные районы. 
<Military_Russia>|2012-04-15|11:47:38|0|0|0|0|0|0|0|0|0|0|0|0|0|1|0|0|Связисты ЗВО создали для межвидовой группировки войск (сил) единое информационное пространство. 
<Military_Russia>|2012-04-15|11:47:45|0|0|0|1|0|0|0|0|0|0|0|0|0|1|0|0|Корабли Черноморской военно-морской группы оперативного взаимодействия «Блэксифор» прибыли в Севастополь. |Севастополь
<Military_Russia>|2012-04-15|11:47:56|0|2|0|0|0|0|0|0|0|0|0|0|0|1|0|0|В Войсках воздушно-космической обороны заботятся о подготовке будущих защитников Отечества. 
<Military_Russia>|2012-04-15|11:48:14|0|0|0|2|0|0|0|0|0|0|0|0|0|1|0|0|В Новороссийск с неофициальным визитом прибыл отряд кораблей ВМС Турции. |Новороссийск|Турции
<Military_Russia>|2012-04-15|11:49:08|0|0|0|1|0|0|0|0|0|0|0|0|0|1|0|0|Летчикам-испытателям Александру Кружалину и Олегу Спичке присвоено звание Героя России (посмертно). |России
<Military_Russia>|2012-04-15|11:49:15|0|0|0|0|0|0|0|0|0|0|0|0|0|1|0|0|Они трагически погибли, выполняя испытательный полет на новом самолете-истребителе МиГ-29 КУБ. 
<Military_Russia>|2012-04-15|11:49:27|0|0|0|1|0|0|0|0|0|0|0|0|0|2|0|0|Экипаж БДК «Георгий Победоносец» Северного флота принял участие в учении по морской десантной подготовке. |Северного административного округа
<Military_Russia>|2012-04-15|11:49:36|0|1|0|0|0|0|0|0|0|0|0|0|0|0|0|0|Экипажи Дальней авиации провели успешные пуски крылатых ракет. 
<Military_Russia>|2012-04-15|11:49:46|0|0|0|2|0|0|0|0|0|0|0|0|0|1|0|0|Заместитель Министра обороны России Анатолий Антонов встретился с военной делегацией Ирака. |России|Ирака
<Military_Russia>|2012-04-15|11:50:35|0|0|0|0|0|0|0|0|0|0|1|0|0|2|0|0|Всем военнослужащим, имеющим право на получение постоянного жилья, необходимо обращаться к специальному разделу на официальном сайте МО. 
<Military_Russia>|2012-04-15|11:50:47|0|0|0|0|0|0|0|0|0|0|0|0|0|0|0|0|Общероссийской общественной организации «Российская ассоциация Героев» — 20 лет. 
<Military_Russia>|2012-04-15|11:50:57|0|0|0|1|0|0|0|0|0|0|0|0|0|2|0|0|Сегодня в Вооруженных Силах России отмечается День специалиста по радиоэлектронной борьбе. |России
<Military_Russia>|2012-04-15|11:51:42|0|0|0|2|0|0|0|0|0|0|0|0|0|2|0|0|Российские инспекторы выполнят наблюдательные полеты над территориями Литвы и Польши. |Литвы|Польши
<Military_Russia>|2012-04-15|11:52:00|0|0|0|1|0|0|0|0|0|0|0|0|0|2|0|0|Полеты будет осуществляться с аэродромов городов Шауляй и Варшава. |Варшава
<Military_Russia>|2012-04-15|11:59:13|0|0|0|0|0|0|0|0|0|0|0|0|0|2|1|0|RT @Aleksei_Kudrin: Спасибо Минобороны за переданное ун-ту(САФУ) здание бывшего штаба Армии. Отремонтируем для занятий. http://t.co/5Ucun3Y7 
<Military_Russia>|2012-04-16|17:44:46|0|0|0|0|0|0|0|0|0|0|0|0|0|0|0|0|Тихоокеанцы почтили память экипажа малого ракетного корабля «Муссон». 
<Military_Russia>|2012-04-16|17:45:06|0|0|0|0|0|0|0|0|0|0|1|0|0|1|0|0|Артиллеристы ЦВО учатся поражать цели в режиме реального времени. 
<Military_Russia>|2012-04-16|17:45:24|0|0|0|1|0|0|0|0|0|0|0|0|0|1|0|0|Санкт-Петербург отправляет в войска первых новобранцев. |Санкт-Петербург
<Military_Russia>|2012-04-16|17:45:34|0|0|0|0|0|0|0|0|0|0|0|0|1|0|0|0|К концу текущего года Каспийская флотилия пополнится новым малым артиллерийским кораблем. 
<Military_Russia>|2012-04-16|17:45:44|0|0|0|0|0|0|0|0|0|0|0|0|0|1|0|0|Все готово к началу белорусско-российского учения десантников. 
<Military_Russia>|2012-04-16|17:45:53|0|1|0|0|0|0|0|0|0|0|0|0|0|1|0|0|В Военно-историческом музее артиллерии, инженерных войск и войск связи состоялось торжественное открытие новой экспозиции. 
<Military_Russia>|2012-04-17|21:10:43|0|0|0|0|0|0|0|0|0|0|0|0|0|1|0|0|На Балтийский флот прибывают младшие специалисты, прошедшие подготовку в учебных центрах/ 
<Military_Russia>|2012-04-17|21:10:56|0|0|0|0|0|0|0|0|0|0|0|0|0|0|0|0|ОАО «Спецремонт» гарантирует высокое качество обслуживания военной техники. 
<Military_Russia>|2012-04-17|21:11:21|0|0|0|0|0|0|0|0|0|0|0|0|0|1|0|0|Экипажи соединения Дальней авиации в восточном регионе РФ проведут практические пуски крылатых ракет в рамках командно-штабной тренировки. 
<Military_Russia>|2012-04-17|21:11:29|0|0|0|0|0|0|0|0|0|0|0|0|0|0|0|0|Состоялся очередной выпуск факультета православной культуры Военной академии РВСН. 
<Military_Russia>|2012-04-17|21:11:40|0|0|0|1|0|0|0|0|0|0|0|0|0|2|0|0|В Свердловской области завершился учебно-методический сбор с руководящим составом учебных соединений и воинских частей Сухопутных войск. |Свердловской области
<Military_Russia>|2012-04-17|21:11:50|0|0|0|0|0|0|0|0|0|0|0|0|0|1|0|0|Большой противолодочный корабль СФ «Вице-адмирал Кулаков» зашел в Средиземное море. 
<Military_Russia>|2012-04-17|21:12:00|0|0|0|1|0|0|0|0|0|0|0|0|0|0|0|0|В войсках Южного военного округа идет обновление парка вооружения. |Южного административного округа
<Military_Russia>|2012-04-17|21:12:08|0|0|0|1|0|0|0|0|0|0|0|0|0|2|0|0|Военная академия РВСН имени Петра Великого представит свои экспонаты на Международном форуме «Высокие технологии ХХI века». |Великого Новгорода
<Military_Russia>|2012-04-17|21:12:14|0|0|0|0|0|0|0|0|0|0|0|0|0|0|0|0|В учебных центрах РВСН начались выпускные экзамены младших специалистов. 
<Military_Russia>|2012-04-17|21:12:23|0|0|0|1|0|0|0|0|0|0|0|0|0|0|0|0|В военных комиссариатах Восточного военного округа отмечается повышенная явка призывников. |Восточного Лотиана
<Military_Russia>|2012-04-17|21:12:30|0|1|0|1|0|0|0|0|0|0|0|0|0|1|0|0|К 770-летию победы русских воинов князя Александра Невского в Ледовом побоище. |Невского района
<Military_Russia>|2012-04-17|21:12:46|0|0|0|0|0|0|0|0|0|0|0|0|0|1|0|0|Начальник ракетных войск и артиллерии Сухопутных войск посетит ОАО «Саратовский агрегатный завод». 
<Military_Russia>|2012-04-17|21:12:52|0|0|0|0|0|0|0|0|0|0|0|0|0|1|0|0|Летчики военной базы в Буденновске осваивают новейшие вертолеты Ми-35. 
<Military_Russia>|2012-04-17|21:13:02|0|2|0|1|0|0|0|0|0|0|0|0|1|1|0|0|18 апреля десантники проведут торжественные мероприятия в честь Дня воинской славы России. |России
<Military_Russia>|2012-04-17|21:13:10|0|0|0|1|0|0|0|0|0|0|0|0|0|0|0|0|Во Владивостоке прошло расширенное заседание спортивного комитета Тихоокеанского флота. |Владивостоке
<Military_Russia>|2012-04-17|21:13:17|0|0|0|0|0|0|0|0|0|0|0|0|0|1|0|0|Корабли международного соединения «Блэксифор» продолжили отработку совместных задач в море. 
<Military_Russia>|2012-04-17|21:13:27|0|0|0|0|0|0|1|0|0|0|0|0|0|2|0|0|На Кубани участники военной ипотеки стали приобретать жилье на стадии его строительства. 
<Military_Russia>|2012-04-17|21:13:36|0|0|0|2|0|0|0|0|0|0|0|0|0|1|0|0|Состоялся телефонный разговор начальников генеральных штабов ВС России и Народно-освободительной армии Китая. |России|Китая
<Military_Russia>|2012-04-17|21:13:43|0|0|0|0|0|0|0|0|0|0|0|0|0|0|0|0|В Войска ВКО начинает прибывать молодое пополнение. 
<Military_Russia>|2012-04-17|21:14:28|0|0|0|0|0|0|0|0|0|0|0|0|0|0|0|0|Офицерам штаба ЗВО представлен новый начальник организационно-мобилизационного управления.Указом Президента назначен ген.-майор Сергей Юдин. 
<Military_Russia>|2012-04-17|21:14:40|0|0|0|0|0|0|0|0|0|0|0|0|0|0|0|0|В войска ЮВО прибудут более 1000 младших специалистов. 
<Military_Russia>|2012-04-17|21:14:50|0|0|0|1|0|0|0|0|0|0|0|0|0|2|0|0|В общевойсковом объединении, дислоцированном на территории Самарской области, завершилась итоговая проверка за зимний период обучения. |Самарской области
<Military_Russia>|2012-04-17|21:14:58|0|0|0|0|0|0|0|0|0|0|0|0|0|3|0|0|Отряд кораблей Каспийской флотилии готовится к выходу в Каспийское море на сбор-поход. 
<Military_Russia>|2012-04-17|21:15:04|0|0|0|1|0|0|0|0|0|0|0|0|0|0|0|0|Командиры учебных подразделений Восточного военного округа осваивают новые методики подготовки специалистов. |Восточного Лотиана
<Military_Russia>|2012-04-17|21:15:13|0|0|0|0|0|0|0|0|0|0|0|0|0|1|0|0|Курсанты Воронежского военного авиационного инженерного университета работают на отечественный ОПК. 
<Military_Russia>|2012-04-17|21:15:22|0|0|0|0|0|0|0|0|0|0|0|0|0|0|0|0|В Совете Федерации обсудили вопросы обеспечения жильем военнослужащих. 
<Military_Russia>|2012-04-19|01:16:49|0|0|0|1|0|0|0|0|0|0|0|0|0|1|0|0|«Воздушные дуэли» российских летчиков в небе Армении. |Армении
<Military_Russia>|2012-04-19|01:17:14|0|0|0|0|0|0|0|0|0|0|0|0|0|1|0|0|В ВДВ начинается второй этап итоговой проверки за зимний период обучения. 
<Military_Russia>|2012-04-19|01:17:48|0|0|0|1|0|0|0|0|0|0|0|0|0|1|0|0|В Минобороны России формируется корпус инспекторов из числа высших офицеров запаса. |России
<Military_Russia>|2012-04-19|01:18:16|0|0|0|0|0|0|0|0|0|0|0|0|0|0|0|0|Завершается планирование совместного российско-украинского учения «Фарватер мира-2012». 
<Military_Russia>|2012-04-19|01:18:40|0|0|0|1|0|0|0|0|0|0|0|0|0|1|0|0|Командующий Северным флотом поздравил экипаж ТАРКР «Пётр Великий» с годовщиной корабля. |Северным административным округом
<Military_Russia>|2012-04-19|01:19:04|0|0|0|1|0|0|0|0|0|0|1|0|0|1|0|0|Связисты ЮВО совершенствуют систему военной связи на территории Чеченской Республики. |Чеченской республике
<Military_Russia>|2012-04-19|01:19:31|0|0|0|1|0|0|0|0|0|0|0|0|0|1|0|0|Минобороны России оказывает помощь регионам в обеспечении пожарной техникой. |России
<Military_Russia>|2012-04-19|01:20:12|0|0|0|1|0|0|0|0|0|0|0|0|0|0|0|0|В штабе ЗВО состоялось выездное заседание призывной комиссии Санкт-Петербурга. |Санкт-Петербурга
<Military_Russia>|2012-04-19|01:22:21|0|0|0|0|0|0|0|0|0|0|0|0|0|1|0|0|Около 10 тысяч военных РВСН, проходящих военную службу по контракту, пройдут обучение по программам интенсивной общевойсковой подготовки. 
<Military_Russia>|2012-04-19|01:22:49|0|0|0|1|0|0|0|0|0|0|0|0|0|2|0|0|В Москве началась первая Всеармейская олимпиада по иностранному языку среди курсантов высших военно-учебных заведений Минобороны. |Москве
<Military_Russia>|2012-04-19|01:23:13|0|0|0|2|0|0|0|0|0|0|0|0|0|1|0|0|Из Краснодарского края отправлены в войска Южного военного округа первые команды новобранцев. |Краснодарского края|Южного административного округа
<Military_Russia>|2012-04-19|01:23:35|0|0|0|0|0|0|0|0|0|0|0|0|0|1|0|0|В главном гарнизоне РВСН состоялся день социального обслуживания военнослужащих. 
<Military_Russia>|2012-04-19|21:27:40|0|0|0|0|0|0|0|0|0|0|0|0|0|0|0|0|В подмосковном Алабино прошла первая сводная репетиция военного парада. 
<Military_Russia>|2012-04-19|21:27:49|0|0|0|0|0|0|0|0|0|0|0|0|0|0|0|0|В российской армии возрождают традиции пошива военной формы одежды. 
<Military_Russia>|2012-04-19|21:28:00|0|0|0|0|0|0|0|0|0|0|0|0|0|0|0|0|Делегация Главного командования Сухопутных войск посетила Саратовский агрегатный завод. 
<Military_Russia>|2012-04-19|21:28:07|0|0|0|2|0|0|0|0|0|0|0|0|0|1|0|0|Десантники из Тулы посетят аэромобильный полк Вооруженных сил Украины. |Тулы|Украины
<Military_Russia>|2012-04-19|21:28:17|0|0|0|1|0|0|0|0|0|0|0|0|0|1|0|0|В Центральном военном округе завершился лагерный сбор ракетных войск и артиллерии. |Центральном остане
<Military_Russia>|2012-04-19|21:28:23|0|0|0|0|0|0|0|0|0|0|0|0|0|1|0|0|В вузах, осуществляющих подготовку офицеров для РВСН, завершается сервисное обслуживание учебно-тренировочной техники. 
<Military_Russia>|2012-04-19|21:28:31|0|0|0|1|0|0|0|0|0|0|0|0|0|1|0|0|В Волгоградской области саперы уничтожили около сотни снарядов времен Великой Отечественной войны. |Волгоградской области
<Military_Russia>|2012-04-19|21:28:39|0|0|0|0|0|0|0|0|0|0|0|0|0|1|0|0|Патриарх Кирилл освятил восстановленный Морской собор в Кронштадте. 
<Military_Russia>|2012-04-19|21:28:49|0|0|0|1|0|0|0|0|0|0|0|0|0|0|0|0|Состоялась пресс-конференция первого заместителя Министра обороны России Александра Сухорукова. |России
<Military_Russia>|2012-04-19|21:28:59|0|0|0|0|0|0|0|0|0|0|0|0|0|0|0|0|Десантники отдадут дань памяти генерал-лейтенанту Александру Лебедю. 
<Military_Russia>|2012-04-19|21:29:13|0|0|0|0|0|0|0|0|0|0|0|0|0|0|0|0|На авиабазе ЮВО проходят стажировку курсанты Сызранского высшего военного авиационного училища летчиков. 
<Military_Russia>|2012-04-19|21:29:21|0|0|0|0|0|0|0|0|0|0|0|0|0|2|0|0|В зимнем периоде обучения сроки нахождения ПГРК РВСН на маршрутах боевого патрулирования увеличились в 2 раза. 
<Military_Russia>|2012-04-19|21:29:29|0|0|0|0|0|0|0|0|0|0|1|0|0|0|0|0|В подмосковном Алабино пройдет военно-патриотическая акция «Под Знаменем Победы!». 
<Military_Russia>|2012-04-19|21:29:37|0|0|0|1|0|0|0|0|0|0|0|0|0|2|0|0|Морская пехота Северного флота готова к ведению боевых действий в Заполярье. |Северного административного округа
<Military_Russia>|2012-04-19|21:29:47|0|0|0|0|0|0|0|0|0|0|0|0|0|2|0|0|Флагман Каспийской флотилии РК «Татарстан» выйдет в море для выполнения ракетной стрельбы. 
<Military_Russia>|2012-04-19|21:29:53|0|1|0|1|0|0|0|0|0|0|0|0|0|2|0|0|Офицеры управления 58-й армии Южного военного округа дружат со спортом и физкультурой. |Южного административного округа
<Military_Russia>|2012-04-19|21:30:01|0|0|0|0|0|0|0|0|0|0|0|0|0|0|0|0|Экипажи дальних ракетоносцев-бомбардировщиков Ту-22МЗ проведут пуски крылатых ракет. 
<Military_Russia>|2012-04-19|21:30:07|0|0|0|0|0|0|0|0|0|0|0|0|0|2|0|0|На Всеармейской олимпиаде по иностранному языку среди курсантов высших военно-учебных заведений Минобороны появились лидеры. 
<Military_Russia>|2012-04-19|21:30:23|0|0|0|3|0|0|0|0|0|0|0|1|2|2|0|0|20 апреля 2012 г. в Москве состоится вторая встреча министров иностранных дел и обороны России и Италии в формате «два плюс два». |Москве|России|Италии
<Military_Russia>|2012-04-21|00:18:57|0|0|0|1|0|0|0|0|0|0|0|0|0|2|0|0|Экипажи дальней авиации на самолетах Ту-95МС совершили патрулирование над акваторией Северного Ледовитого океана. |Северного административного округа
<Military_Russia>|2012-04-21|00:19:05|0|0|0|1|0|0|0|0|0|0|0|0|0|1|0|0|Разведчики Южного военного округа совершили прыжки с парашютом. |Южного административного округа
<Military_Russia>|2012-04-21|00:19:12|0|0|0|1|0|0|0|0|0|0|0|0|0|0|0|0|В 41-й армии Центрального военного округа специалисты-кинологи тренируют караульных собак. |Центрального остана
<Military_Russia>|2012-04-21|00:19:22|0|0|0|1|0|0|0|0|0|0|0|0|0|2|0|0|Исполнилось 70 лет со дня окончания битвы за Москву. |Москву
<Military_Russia>|2012-04-21|00:19:30|0|0|0|0|0|0|0|0|0|0|0|0|0|2|0|0|К проведению Дня призывника в ВДВ относятся ответственно и творчески. 
<Military_Russia>|2012-04-21|00:19:38|0|0|0|0|0|0|0|0|0|0|0|0|0|0|0|0|Завершена покраска техники парадного расчета РВСН. 
<Military_Russia>|2012-04-21|00:20:00|0|0|0|0|0|0|0|0|0|0|0|0|0|2|0|0|Главнокомандующий Сухопутными войсками выехал с рабочей поездкой в Нижегородскую область. 
<Military_Russia>|2012-04-21|00:20:09|0|0|0|0|0|0|0|0|0|0|0|0|0|0|0|0|Генерал-полковник Александр Постников намерен посетить предприятие оборонно-промышленного комплекса «Буревестник». 
<Military_Russia>|2012-04-21|00:20:19|0|0|0|1|0|0|0|0|0|0|0|0|0|0|0|0|Северный флот принимает молодое пополнение. |Северный административный округ
<Military_Russia>|2012-04-21|00:20:38|0|0|0|1|0|0|0|0|0|0|0|0|0|0|0|0|В Армении завершилось учение российских мотострелков. |Армении
<Military_Russia>|2012-04-21|00:20:45|0|0|0|1|0|0|0|0|0|0|0|0|0|2|0|0|Первые 200 новобранцев из Ставропольского края отправлены к местам прохождения военной службы. |Ставропольского края
<Military_Russia>|2012-04-21|00:20:55|0|0|0|1|0|0|0|0|0|0|0|0|0|2|0|0|Механизированная колонна военного парада перемещается из Подмосковья на Ходынское поле. |Подмосковья
<Military_Russia>|2012-04-21|00:21:02|0|0|0|3|0|0|0|0|0|0|0|1|0|2|0|0|В Москве состоялась вторая встреча министров иностранных дел и обороны России и Италии в формате «два плюс два». |Москве|России|Италии
<Military_Russia>|2012-04-21|00:21:09|0|0|0|3|0|0|0|0|0|0|0|0|0|1|0|0|В Севастополе прошла совместная тренировка парадных расчетов Черноморского флота России и ВМС Украины. |Севастополе|России|Украины
<Military_Russia>|2012-04-21|00:21:21|0|0|0|0|0|0|0|0|0|0|0|0|0|0|0|0|В учебных центрах РВСН проходят выпуски младших военных специалистов. 
<Military_Russia>|2012-04-21|00:21:28|0|0|0|0|0|0|0|0|0|0|0|0|0|1|0|0|Войска ВКО взяли на управление грузовой космический корабль «Прогресс М-15М». 
<Military_Russia>|2012-04-21|00:21:34|0|0|0|1|0|0|0|0|0|0|0|0|0|1|0|0|В Костроме десантники проведут фестиваль военно-патриотической песни «Мы родом из ВДВ». |Костроме
<Military_Russia>|2012-04-21|00:22:00|0|0|0|1|0|0|1|0|0|0|0|0|0|1|0|0|Разработка ученых Военной академии РВСН им.Петра Великого удостоилась золотой медали 13 Международного форума «Высокие технологии ХХI века». |Великого Новгорода
<Military_Russia>|2012-04-21|00:22:07|0|0|0|0|0|0|0|0|0|0|0|0|0|1|0|0|Летчики ЮВО учатся выживать в экстремальных условиях. 
<Military_Russia>|2012-04-21|00:22:16|0|0|0|0|0|0|0|0|0|0|0|0|0|3|0|0|Тюменский полигон ЦВО полностью перешел на утилизацию устаревших боеприпасов по новой технологии без взрывов. 
<Military_Russia>|2012-04-21|00:22:22|0|0|0|0|0|0|0|0|0|0|1|0|1|0|0|0|До конца текущего года ВДВ получат большую партию новой воздушно-десантной техники. 
<Military_Russia>|2012-04-21|00:22:31|0|0|0|0|0|0|0|0|0|0|0|0|0|2|0|0|Завтра Всеармейская олимпиадa по иностранному языку среди курсантов высших военно-учебных заведений Минобороны назовет своих победителей. 
<Military_Russia>|2012-04-21|00:22:38|0|0|0|0|0|0|0|0|0|0|0|0|0|2|0|0|Российские миротворцы, находящиеся в Приднестровье, изучают национальные традиции и язык региона пребывания. 
<Military_Russia>|2012-04-21|00:22:45|0|0|0|0|0|0|0|0|0|0|0|0|0|0|0|0|В строю именных кораблей Балтийского флота ожидается пополнение. 
<Military_Russia>|2012-04-22|15:31:06|0|0|0|2|0|0|0|0|0|0|0|0|0|3|0|0|Российские инспекторы на самолете Ан-30Б выполнят наблюдательные полеты над территориями Румынии и Венгрии. |Румынии|Венгрии
<Military_Russia>|2012-04-22|15:31:13|0|0|0|0|0|0|0|0|0|0|0|0|1|2|0|0|Заложенный на Амурском судостроительном заводе корвет «Громкий» будет передан Тихоокеанскому флоту в 2015 году. 
<Military_Russia>|2012-04-22|15:31:20|0|0|0|1|0|0|0|0|0|0|0|0|0|0|0|0|Школьники Йошкар-Олы посетили соединение РВСН. |Йошкар-Олы
<Military_Russia>|2012-04-22|15:31:27|0|0|0|0|0|0|0|0|0|0|0|0|0|1|0|0|Ракетный подводный крейсер стратегического назначения «Верхотурье» еще послужит ВМФ. 
<Military_Russia>|2012-05-02|23:33:25|0|0|0|0|0|0|0|0|0|0|0|0|0|1|0|0|В РВСН начинается обучение на «курсах выживания». 
<Military_Russia>|2012-05-02|23:33:53|0|0|0|0|0|0|0|0|0|0|0|0|0|0|0|0|Войска ВКО получат новейшие радиолокационные комплексы. 
<Military_Russia>|2012-05-02|23:34:38|0|0|0|0|0|0|0|0|0|0|0|0|0|2|0|0|Чрезвычайное происшествие на полигоне Мулино в Нижегородской области. 
<Military_Russia>|2012-05-02|23:35:27|0|0|0|0|0|0|0|0|0|0|0|0|0|0|0|0|Балтийский флот пополнился новым буксиром проекта 90600. 
<Military_Russia>|2012-05-02|23:35:57|0|0|0|1|0|0|0|0|0|0|0|0|1|2|0|0|3 и 4 мая Министерство обороны России проводит международную конференцию по проблематике ПРО. |России
<Military_Russia>|2012-06-01|15:23:58|0|0|0|0|0|0|0|0|0|0|0|0|0|1|0|0|В РВСН поступает новая техника инженерного обеспечения и маскировки 
<Military_Russia>|2012-06-01|15:24:24|0|0|0|1|0|0|0|0|0|0|0|0|0|1|0|0|Сегодня Северному флоту исполнилось 79 лет со дня образования |Северному административному округу
<Military_Russia>|2012-06-01|15:24:56|0|0|0|1|0|0|0|0|0|0|0|0|1|1|0|0|Военно-транспортной авиации ВВС России — 81 год |России
<Military_Russia>|2012-06-01|15:26:18|0|0|0|0|0|0|0|0|0|0|0|0|0|1|0|0|Во Владикавказском гарнизоне началась подготовка к отопительному сезону 
<Military_Russia>|2012-06-02|13:23:20|0|0|0|0|0|0|0|0|0|0|1|0|0|1|0|0|Благотворительная акция авиаторов в День защиты детей 
<Military_Russia>|2012-06-02|13:23:50|0|0|0|0|0|0|0|0|0|0|0|0|0|0|0|0|На Балтийском флоте начинается напряженная боевая учеба 
<Military_Russia>|2012-06-02|13:24:16|0|1|0|1|0|0|0|0|0|0|0|0|0|0|0|0|В Центральном военном округе выявили лучшего командира артиллерийской батареи |Центральном остане
<Military_Russia>|2012-06-02|13:24:39|0|0|0|1|0|0|0|0|0|0|0|0|0|0|0|0|В Рязанском высшем воздушно-десантном командном училище началась государственная аттестация |Рязанском районе
<Military_Russia>|2012-06-02|13:25:02|0|0|0|1|0|0|0|0|0|0|0|0|0|1|0|0|На Балтийский флот с деловым заходом прибыл корабль ВМС Франции «Кассиопея» |Франции
<Military_Russia>|2012-06-22|18:19:08|0|0|0|0|0|0|0|0|0|0|0|0|0|0|0|0|В Александровском саду прошли памятные мероприятия, посвященные 71-й годовщине начала Великой Отечественной войны. 
<Military_Russia>|2012-06-22|18:19:32|0|0|0|0|0|0|0|0|0|0|0|0|0|2|0|0|Сторожевой корабль «Ярослав Мудрый» завершил подготовку к участию в международном учении «Фрукус -2012». 
<Military_Russia>|2012-06-22|18:19:42|0|0|0|1|0|0|0|0|0|0|0|0|0|2|0|0|На официальном сайте Минобороны России размещена информация о контактных телефонах Единого расчетного центра по вопросам удержания алиментов |России
<Military_Russia>|2012-06-22|18:19:51|0|0|0|0|0|0|0|0|0|0|0|0|0|1|0|0|Еще одним без вести пропавшим воином Великой Отечественной войны стало меньше. 
<Military_Russia>|2012-06-22|18:20:07|0|1|0|1|0|0|0|0|0|0|0|0|0|3|0|0|Отряд специального назначения войск и сил на Северо-Востоке России успешно выполнил боевые стрельбы из противодиверсионного вооружения. |России
<Military_Russia>|2012-08-02|09:47:11|0|0|0|0|0|0|0|0|0|0|0|0|0|1|0|0|Сегодня отмечается День Воздушно-Десантных Войск. МО поздравляет всех рядовых, сержатнов, старшин, младших и старших офицеров, генералов ВДВ 
<Military_Russia>|2012-08-11|14:20:58|2|0|0|2|0|0|0|0|0|0|0|0|0|1|0|0|В Мурманске и гарнизонах Северного флота пройдут траурные мероприятия, посвященные 12-й годовщине гибели экипажа АПРК «Курск» |Мурманске|Северного административного округа
<Military_Russia>|2012-08-11|14:21:22|0|0|0|0|0|0|0|0|0|0|0|0|0|1|0|0|На международном учении «Индра-2012» прошли учебно-тренировочные полеты штурмовой и армейской авиации 
<Military_Russia>|2012-08-22|16:49:04|0|0|0|0|0|0|0|0|0|0|0|0|0|1|0|0|В ЗВО началось формирование второй эскадрильи на современных фронтовых бомбардировщиках Су-34 
<Military_Russia>|2012-08-22|16:49:43|0|0|0|0|0|0|0|0|0|0|0|0|0|0|0|0|На объектах тыла РВСН задействовано сегодня более 30 аутсорсинговых компаний. 
<Military_Russia>|2012-08-22|16:50:13|0|0|0|0|0|0|0|0|0|0|0|0|0|0|0|0|Участники международного учения «Северный орел-2012» провели совместные артиллерийские стрельбы. 
<Military_Russia>|2013-07-16|12:22:46|0|0|0|0|0|0|0|0|0|0|0|0|0|1|0|0|Ракетные полки выполняют задачи несения боевого дежурства на полевых позициях 
<Military_Russia>|2013-07-16|12:23:15|0|0|0|1|0|0|0|0|0|0|0|0|0|1|0|0|До конца лета боевой состав Западного военного округа пополнится ударными вертолетами Ми-28Н и транспортным Ми-26 |Западного административного округа
<Military_Russia>|2013-07-16|12:28:11|0|0|0|1|0|0|0|0|0|0|0|0|0|1|0|0|Вертолетчики Новосибирской авиационной базы армейской авиации ЦВО приступили к учебно-тренировочным полетам |Новосибирской области
<Military_Russia>|2013-07-16|12:28:50|0|0|0|0|0|0|0|0|0|0|0|0|0|0|0|0|В Новороссийской военно-морской базе Черноморского флота проходит гос. испытания новый противодиверсионный катер «Грачонок» 
<Military_Russia>|2013-07-16|12:29:51|0|0|0|2|0|0|0|0|0|0|0|0|0|1|0|0|Саперы Центрального военного округа обезвредили в Иркутской области боеприпасы военных лет |Центрального остана|Иркутской области
<Military_Russia>|2013-07-28|13:33:21|0|0|0|3|0|0|0|0|0|0|0|0|0|1|0|0|В Севастополе Министр обороны России генерал армии Сергей Шойгу встретился с Министром обороны Украины Павлом Лебедевым |Севастополе|России|Украины
<Military_Russia>|2013-07-28|13:33:36|0|0|0|0|0|0|0|0|0|0|0|0|0|1|0|0|Впервые в праздновании Дня ВМФ в Балтийске примет участие пилотажная группа «Русские витязи» 
<Military_Russia>|2013-07-28|13:33:54|0|0|0|1|0|0|0|0|0|0|0|0|2|2|0|0|С 28 июля по 12 августа российская группа инспекторов выполнит два наблюдательных полета над территорией США |США
<Military_Russia>|2013-07-28|13:34:20|0|1|0|1|0|0|0|0|0|0|0|0|0|0|0|0|На Балтийском флоте начались торжества, посвященные Дню ВМФ России |России
<Military_Russia>|2013-07-28|13:36:10|0|0|0|1|0|0|0|0|0|0|0|0|1|2|0|0|28 июля в Вооруженных Силах России отмечается День Военно-Морского Флота. Министерство Обороны поздравляет всех с праздником! |России
