<MinistryEconomy>|2013-04-03|11:34:22|0|0|0|1|0|0|0|0|0|0|0|0|2|5|0|0|Информация о конъюнктуре цен на потребительских рынках Российской Федерации за период с 19 по 25 марта 2013 г. http://t.co/aqVwMrWg9o |Российской Федерацией
<MinistryEconomy>|2013-04-03|11:41:46|0|0|0|0|0|0|0|0|0|0|0|0|0|3|0|0|О расчете ставок вывозных таможенных пошлин на нефть сырую и отдельные категории товаров, выработанных из нефтиhttp://t.co/CKdYUATPaY 
<MinistryEconomy>|2013-04-03|11:45:09|0|0|0|1|0|0|0|0|0|0|0|0|2|2|0|0|Мониторинг социально-экономического развития Российской Федерации по состоянию на 29 марта 2013 года http://t.co/k3CAOiKhvu |Российской Федерацией
<MinistryEconomy>|2013-04-03|11:47:10|0|0|0|1|0|0|0|0|0|0|0|0|2|2|0|0|Информация Торгпредства РФ в Финляндии за март 2013 г. http://t.co/2hLKvfSPxB |Финляндии
<MinistryEconomy>|2013-04-04|10:49:05|0|0|0|0|0|0|0|0|0|0|0|0|0|1|0|0|Министр А.Р. Белоусов выступил на церемонии открытия IX Всероссийского Форума-выставка «ГОСЗАКАЗ-2013» http://t.co/poDKHZxsCd 
<MinistryEconomy>|2013-04-04|10:51:10|0|0|0|0|0|0|0|0|0|0|0|0|2|0|0|0|5 апреля 2013 г. состоится совещание Минэкономразвития «Повышение доступности энергетической инфраструктуры» http://t.co/AjCXI4OeJv 
<MinistryEconomy>|2013-04-04|10:51:52|0|0|0|0|0|0|0|0|0|0|0|0|0|1|0|0|О промежуточных итогах взаимодействия Минэкономразвития и ОАО «ЭКСАР» http://t.co/yZxunDoi9Z 
<MinistryEconomy>|2013-04-05|08:32:10|0|0|0|0|0|0|0|0|0|0|0|0|0|1|0|0|Министр А.Р. Белоусов выступил на церемонии открытия IX Всероссийского Форума-выставка «ГОСЗАКАЗ-2013» http://t.co/poDKHZxsCd 
<MinistryEconomy>|2013-04-05|10:01:41|0|0|0|0|0|0|0|0|0|0|0|0|0|2|0|0|Началось совещание в #Минэкономразвития по дорожной карте "повышение доступности энергетической инфраструктуры" 
<MinistryEconomy>|2013-04-05|10:02:24|0|0|0|0|0|0|0|0|0|0|0|0|0|1|0|0|8 пунктов дорожной карты из 10 исполнено 
<MinistryEconomy>|2013-04-05|10:05:49|0|0|0|0|0|0|0|0|0|0|0|0|0|1|0|0|Срок согласования рабочих проектов сокращен до 10 дней 
<MinistryEconomy>|2013-04-05|10:10:23|0|0|0|0|0|0|0|0|0|0|1|0|0|2|0|0|Разногласия с ФАС в аппарате правительства сняты 
<MinistryEconomy>|2013-04-05|10:11:02|0|0|0|0|0|0|0|0|0|0|1|0|1|2|0|0|Белоусов: соответствующее постановление правительства вступит в силу до конца апреля 
<MinistryEconomy>|2013-04-05|10:12:17|0|0|0|0|0|0|0|0|0|0|0|0|0|2|0|0|Будут внесены изменения в градостроительный и земельный кодексы 
<MinistryEconomy>|2013-04-05|10:12:59|0|0|0|0|0|0|0|0|0|0|0|0|0|1|0|0|Есть разногласия с #Минрегионом 
<MinistryEconomy>|2013-04-05|10:16:12|0|0|0|0|0|0|0|0|0|0|1|0|0|2|0|0|#Минэкономразвития инициирует изменения в градостроительный и земельный кодекс 
<MinistryEconomy>|2013-04-05|10:17:41|0|0|0|0|0|0|0|0|0|0|0|0|0|2|0|0|Поправки должны быть готовы в течение следующей недели 
<MinistryEconomy>|2013-04-05|10:20:55|0|0|0|1|0|0|0|0|0|0|0|0|0|4|0|0|Тарифы на временное подключение - разногласий с ФСТ нет |Тарифы
<MinistryEconomy>|2013-04-05|10:21:56|0|0|0|0|0|0|0|0|0|0|0|0|0|0|0|0|Мироносецкий Сергей-руководитель рабочей группы "повышение доступности энергетической инфраструктуры" 
<MinistryEconomy>|2013-04-05|10:24:37|0|0|0|0|0|0|0|0|0|0|0|0|0|0|0|0|Белоусов: Минюст затягивает принятие необходимых документов 
<MinistryEconomy>|2013-04-05|10:31:06|0|0|0|0|0|0|0|0|0|0|0|0|0|1|0|0|Белоусов: Принятие дорожной карты затягивается из-за бюрократических процедур 
<MinistryEconomy>|2013-04-05|10:33:25|0|0|0|0|0|0|0|0|0|0|0|0|0|0|0|0|Мироносецкий: потребители ждут информационной открытости 
<MinistryEconomy>|2013-04-05|10:46:50|0|0|0|0|0|0|0|0|0|0|0|0|0|1|0|0|#Минэкономразвития: за нарушение сроков подключения предусмотрены серьезные штрафы 
<MinistryEconomy>|2013-04-05|10:48:21|0|0|0|0|0|0|0|0|0|0|0|0|1|3|0|0|за 2012 год возбуждено порядка 1.5 дел по нарушениям 
<MinistryEconomy>|2013-04-05|10:48:37|0|0|0|0|0|0|0|0|0|0|0|0|0|0|0|0|1.5 тысячи дел 
<MinistryEconomy>|2013-04-05|10:49:49|0|0|0|0|0|0|0|0|0|0|0|0|0|3|0|0|Мироносецкий: будут приниматься заявки потребителей на подключение через интернет. Не согласовано с Минюстом 
<MinistryEconomy>|2013-04-05|10:55:27|1|0|0|0|0|0|0|0|0|0|0|0|0|1|0|0|portal-tp.rf  - информация неактуальная, ссылки работают плохо 
<MinistryEconomy>|2013-04-05|10:56:11|0|0|0|0|0|0|0|0|0|0|0|0|0|3|0|0|Потребители должны видеть в интернете доступные и недоступные подстанции для подключения 
<MinistryEconomy>|2013-04-05|10:56:43|0|0|0|0|0|0|0|0|0|0|0|0|0|0|0|0|портал-тп.рф 
<MinistryEconomy>|2013-04-05|10:57:52|0|0|0|0|0|0|0|0|0|0|0|0|0|2|0|0|Горевой: МСК и ФРСК дорабатывают ТЗ на усовершенствование портала 
<MinistryEconomy>|2013-04-05|10:58:11|0|0|0|0|0|0|0|0|0|0|0|0|0|2|0|0|Белоусов: на портале нет обратной связи 
<MinistryEconomy>|2013-04-05|11:02:51|0|0|0|0|0|0|0|0|0|0|0|0|0|1|0|0|Мироносецкий докладывает по пунктам реализации дорожной карты "повышение досутпности энергетической инфраструктуры" 
<MinistryEconomy>|2013-04-05|11:08:09|0|0|0|0|0|0|0|0|0|0|0|0|0|0|0|0|Мироносецкий: механизм общественных слушаний работает 
<MinistryEconomy>|2013-04-05|11:09:18|0|0|0|0|0|0|0|0|0|0|0|0|0|0|0|0|#Минэкономразвития: дорожная карта включает 34 пункта 
<MinistryEconomy>|2013-04-05|11:13:24|0|0|0|0|0|0|0|0|0|0|0|0|0|2|0|0|#Белоусов: по 28 пунктам сроки уже наступили 
<MinistryEconomy>|2013-04-05|11:14:17|0|0|0|0|0|0|0|0|0|0|0|0|1|2|0|0|#Белоусов: до конца апреля будут приняты еще 9 пунктов 
<MinistryEconomy>|2013-04-05|11:15:42|0|1|0|0|0|0|0|0|0|0|0|0|0|0|0|0|#Белоусов: очень хороший результат 
<MinistryEconomy>|2013-04-05|11:17:12|0|0|0|0|0|1|0|0|0|0|0|0|1|5|0|0|#Белоусов: к 15 мая у нас должно быть полное понимание по дорожной карте 
<MinistryEconomy>|2013-04-05|11:19:04|0|0|0|0|0|0|0|0|0|0|1|0|0|1|0|0|#Белоусов: нужно запустить систему мониторинга, как работает дорожная карта 
<MinistryEconomy>|2013-04-05|11:20:49|1|0|0|0|0|0|0|0|0|0|0|0|0|2|0|0|#Минэкономразвития: необходимо опросить 200-400 компаний, которых затрагивает проблема присоединения к электросетям 
<MinistryEconomy>|2013-04-05|11:21:27|0|0|0|0|0|0|0|0|0|0|0|0|0|0|0|0|#Минэкономразвития: этим должно заниматься агентство стратегических инициатив 
<MinistryEconomy>|2013-04-05|11:23:11|0|0|0|1|0|0|0|0|0|0|0|0|0|4|0|0|#Белоусов: Нужно сделать выборку соответствующих регионов, чтобы определить ситуацию во всей России с подключением к электросетям |России
<MinistryEconomy>|2013-04-05|11:25:37|0|0|0|0|0|0|0|0|0|0|0|0|0|1|0|0|#МОЭСК рассказывает о ходе внедрения дорожной карты 
<MinistryEconomy>|2013-04-05|11:26:12|0|0|0|0|0|0|0|0|0|0|0|0|0|2|0|0|#МОЭСК: заявителю на подключение к электросетям необходимо пройти 5 процедур 
<MinistryEconomy>|2013-04-05|11:27:10|0|0|0|0|0|0|0|0|0|0|0|0|0|3|0|0|#МОЭСК: на портале можно отслеживать ход исполнения заявки, также есть смс-уведомление 
<MinistryEconomy>|2013-04-05|11:28:15|0|0|0|0|0|0|0|0|0|0|0|0|1|3|0|0|#МОЭСК: с 2008 до 2012 года количество заявок выросло в 3 раза 
<MinistryEconomy>|2013-04-05|11:29:02|0|0|0|0|0|0|0|0|0|0|0|0|0|2|0|0|#МОЭСК: большинство заявок на подключение до 150Квт 
<MinistryEconomy>|2013-04-05|11:30:16|0|0|0|0|0|0|0|0|0|0|0|0|0|0|0|0|#МОЭСК представляет Станислав Хацкевич-зам. генерального директора 
<MinistryEconomy>|2013-04-05|11:32:51|0|0|0|0|0|0|0|0|0|0|0|0|0|1|0|0|#ПравительствоМосквы: создана служба технологического присоединения, чтобы мониторить ситуацию 
<MinistryEconomy>|2013-04-05|11:34:07|0|0|0|0|0|0|0|0|0|0|0|0|0|4|0|0|#ПравительствоМосквы: разрешения на строительство выдаются в течение 7 дней, а раньше - 30 
<MinistryEconomy>|2013-04-05|11:38:15|0|0|0|0|0|0|0|0|0|0|0|0|0|1|0|0|#Минэкономразвития: в новой редакции дорожной карты 39 пунктов 
<MinistryEconomy>|2013-04-05|14:38:16|0|0|0|0|0|0|0|0|0|0|0|0|0|0|0|0|В Минэкономики обсудили энергетику http://t.co/HPmu2cwelC 
<MinistryEconomy>|2013-04-08|16:49:37|0|0|0|1|0|0|0|0|0|0|0|0|2|2|0|0|Мониторинг социально-экономического развития Российской Федерации по состоянию на 5 апреля 2013 года http://t.co/lc7b4sjHKp |Российской Федерацией
<MinistryEconomy>|2013-04-08|16:50:14|0|0|0|1|0|0|0|0|0|0|0|0|0|1|0|0|Государственная программа Российской Федерации «Экономическое развитие и инновационная экономика» http://t.co/Zq2ChoijL6 |Российской Федерацией
<MinistryEconomy>|2013-04-11|11:58:23|0|0|0|0|0|0|0|0|0|0|1|0|2|2|0|0|Интервью Министра А.Р. Белоусова «Пять лет без права передышки», «Московский Комсомолец» от 10 апреля 2013 г. http://t.co/CuEOwmnbsc 
<MinistryEconomy>|2013-04-12|09:49:27|0|0|0|0|0|0|0|0|0|0|1|0|0|3|0|0|Оценка легкости ведения бизнеса по методики Doing Business с учетом проведенных реформ в 2012-2013 гг. http://t.co/pY11gU7u0K 
<MinistryEconomy>|2013-04-15|11:16:55|0|0|0|1|0|0|0|0|0|0|0|0|0|0|0|0|Основные параметры прогноза социально-экономического развития Российской Федерации http://t.co/qkTD6hQALq |Российской Федерацией
<MinistryEconomy>|2013-04-18|16:52:50|0|0|1|0|0|0|0|0|0|0|0|0|0|1|0|0|Директор Департамента торговых переговоров М.Ю. Медведков провел пресс-конференцию по ВТО http://t.co/oCzXsXfp8W 
<MinistryEconomy>|2013-04-18|16:53:52|0|0|0|0|0|0|0|0|0|0|0|0|0|3|0|0|Межправительственные комиссии по торгово-экономическому сотрудничеству со странами Азии и Африки http://t.co/yboE6opYMq 
<MinistryEconomy>|2013-04-26|10:36:23|0|0|0|1|0|0|0|0|0|0|0|0|1|0|0|0|29 апреля состоится Коллегия Минэкономразвития России  http://t.co/4Z63tdceYl |России
<MinistryEconomy>|2013-04-29|11:33:12|0|0|0|1|0|0|0|0|0|0|1|0|0|2|0|0|Государственная Дума приняла в первом чтении законопроект об основах государственно-частного партнерства http://t.co/O3KfxnllfY |Дума
<MinistryEconomy>|2013-04-29|11:34:03|0|0|0|1|0|0|0|0|0|0|1|0|0|1|0|0|Минэкономразвития России запускает представительства в социальных сетях http://t.co/Usl5ZYwqBE |России
<MinistryEconomy>|2013-04-29|13:01:21|0|0|0|1|0|0|0|0|0|0|0|0|0|2|0|0|Сегодня пройдет Коллегия #Минэкономразвития, в которой примет участие Председатель  Правительства России Дмитрий Медведев @MedvedevRussia |России
<MinistryEconomy>|2013-04-29|14:13:37|0|0|0|0|0|0|0|0|0|0|0|0|0|1|0|0|Интернет-трансляция Коллегии Минэкономразвития доступна по ссылке http://t.co/kjMf0EpxwK 
<MinistryEconomy>|2013-04-29|14:14:08|0|0|0|0|0|0|0|0|0|0|0|0|0|1|0|0|Для просмотра трансляции рекомендуется использовать браузер Internet Explorer или Mozilla 
<MinistryEconomy>|2013-04-29|14:18:19|0|0|0|1|0|0|0|0|0|0|0|0|0|1|0|0|Председатель Правительства России Д.А. #Медведев выступает на коллегии #Минэкономразвития |России
<MinistryEconomy>|2013-04-29|14:21:33|0|0|0|0|0|0|0|0|0|0|1|0|0|2|0|0|#Медведев: Нам необходим переход на новую модель экономического развития, за счёт опережающего роста несырьевого сектора экономики 
<MinistryEconomy>|2013-04-29|14:23:15|0|0|0|0|0|0|0|0|0|0|0|0|0|0|0|0|#Медведев: В рамках Наци­о­нальной предпринимательской инициативы утверждено 7 "дорожных карт" 
<MinistryEconomy>|2013-04-29|14:24:31|0|0|0|0|0|0|0|0|0|0|0|0|0|1|0|0|#Медведев: Ещё одно направление работы, влияющее на предпринимательский климат–развитие института оценки регулирующего воздействия 
<MinistryEconomy>|2013-04-29|14:25:02|0|0|0|0|0|0|0|0|0|0|0|0|0|2|0|0|#Медведев: более трети правовых актов, проходящих через ОРВ, содержат сегодня избыточные барьеры и ограничения 
<MinistryEconomy>|2013-04-29|14:25:36|0|0|0|0|0|0|0|0|0|0|0|0|2|1|0|0|#Медведев: С 1 июля 2013 г. необхо­димо перейти к организации ОРВ самими разра­ботчиками законодательных актов 
<MinistryEconomy>|2013-04-29|14:30:02|0|0|0|0|0|1|0|0|0|0|2|0|0|3|0|0|#Медведев: мы и дальше будем сокращать неоправданное при­сутствие государства в экономике, избыточную госсобственность 
<MinistryEconomy>|2013-04-29|14:31:09|0|0|0|0|0|0|0|0|0|0|1|0|0|3|0|0|#Медведев: необходимо продолжить работу   по созданию более прозрачных правил  поведения компаний с госучастием на рынке 
<MinistryEconomy>|2013-04-29|14:32:06|0|0|0|0|0|0|0|0|0|0|0|0|0|2|0|0|#Медведев: Хочу отметить работу #МЭР по сопровождению   и подготовке 40 государственных программ. 
<MinistryEconomy>|2013-04-29|14:33:23|0|0|0|0|0|1|0|0|0|0|0|0|0|4|0|0|#Медведев: мы значительно отстаём от многих стран и по масштабам поддержки, и по качеству услуг, предоставляемых экспортёрам 
<MinistryEconomy>|2013-04-29|14:34:06|0|0|0|0|0|0|0|0|0|0|0|0|0|1|0|0|#Медведев: Наши торгпредства обязаны оперативно отвечать на запросы российских компаний 
<MinistryEconomy>|2013-04-29|14:35:24|0|0|0|0|0|0|0|0|0|0|2|0|1|2|0|0|#Медведев: В декабре в Правительстве будут конкретные согласованные предложения по совершенствованию системы торговых представительств 
<MinistryEconomy>|2013-04-29|14:36:30|0|0|0|0|0|0|0|0|0|0|0|0|0|0|0|0|Выступает #Министр экономического развития А.Р. #Белоусов 
<MinistryEconomy>|2013-04-29|14:38:04|1|0|0|0|0|0|0|0|0|0|0|0|1|1|0|0|#Белоусов: Мы должны решить накопленные за многие годы социальные проблемы 
<MinistryEconomy>|2013-04-29|14:38:40|0|0|0|0|0|0|0|0|0|0|0|0|1|6|0|0|#Белоусов: Если перевести эту задачу в деньги – то это порядка 0,6 процентов ВВП в среднем за год 
<MinistryEconomy>|2013-04-29|14:40:29|0|0|0|0|0|0|0|0|0|0|0|0|0|1|0|0|#Белоусов: Необходимо создавать новые региональные центры экономического развития. Цена вопроса – порядка 0,4 процента ВВП 
<MinistryEconomy>|2013-04-29|14:42:13|0|0|0|0|0|0|0|0|0|0|0|0|0|4|0|0|#Белоусов: Согласно оценкам экспертов, уже в следующем пятилетии мировые цены на нефть снизятся, по оценкам, на 20-30 процентов 
<MinistryEconomy>|2013-04-29|14:45:24|0|1|0|0|0|1|0|0|0|0|0|0|1|5|0|0|#Белоусов: В целом за год мы ожидаем, с некоторой долей оптимизма – 2,4 процента экономического роста 
<MinistryEconomy>|2013-04-29|14:46:51|0|0|0|1|0|0|0|0|0|0|1|0|1|3|0|0|#Белоусов: Уже к 2015 году необходимо достичь инвестиций в 25 процентов ВВП, а в перспективе приблизиться к 30 процентам |Уже
<MinistryEconomy>|2013-04-29|14:47:15|1|0|0|1|0|0|0|1|0|0|0|0|0|2|0|0|#Белоусов: Россия экспортирует машин и оборудования всего на 27 млрд. долларов. Это позорная цифра! |Россия
<MinistryEconomy>|2013-04-29|14:48:08|0|0|0|1|0|0|0|1|0|0|0|0|0|3|0|0|#Белоусов: Россия может увеличить машиностроительный экспорт к концу десятилетия, как минимум, до 60-65 млрд. долларов |Россия
<MinistryEconomy>|2013-04-29|14:48:31|0|0|0|2|0|0|0|0|0|0|0|0|0|5|0|0|#Белоусов: уровень производительности труда в России составляет лишь 36 процентов относительно уровня США и 45 процентов – от стран Еврозоны |России|США
<MinistryEconomy>|2013-04-29|14:49:11|0|0|0|0|0|0|0|0|0|0|0|0|0|1|0|0|#Белоусов: У российских компаний есть очень большие возможности повышения производительности труда 
<MinistryEconomy>|2013-04-29|14:49:39|0|0|0|0|0|0|0|0|0|0|0|0|1|4|0|0|#Белоусов: Необходимо ускорение роста производительности труда до 7 % в год и более 
<MinistryEconomy>|2013-04-29|14:50:37|0|0|0|0|0|0|0|0|0|0|1|0|0|5|0|0|#Белоусов: За счет создания условий для выхода из тени малых предпринимателей можно увеличить долю малого бизнеса в ВВП с 19% до 40-50% 
<MinistryEconomy>|2013-04-29|14:56:20|0|0|0|0|0|0|0|0|0|0|1|0|0|0|0|0|#Белоусов: Задача министерства вооружить Правительство эффективным инструментарием осуществления структурной модернизации 
<MinistryEconomy>|2013-04-29|14:57:08|0|0|0|0|0|0|0|0|0|0|0|0|0|5|0|0|#Белоусов:Область института оценки регулирующего воздействия распространяется теперь и на таможенное, а также налоговое нормотворчество 
<MinistryEconomy>|2013-04-29|14:58:10|0|0|0|0|0|0|0|0|0|0|0|0|0|1|0|0|#Белоусов: новое направление - развитие института третейских судов 
<MinistryEconomy>|2013-04-29|14:58:50|0|0|0|0|0|0|0|0|0|0|0|0|0|1|0|0|#Белоусов: Другое новое направление - совершенствование института оценочной деятельности 
<MinistryEconomy>|2013-04-29|14:59:25|0|0|0|0|0|0|0|0|0|0|0|0|0|0|0|0|#Белоусов:Центральным звеном работы, является реализация национальной предпринимательской инициативы 
<MinistryEconomy>|2013-04-29|15:01:41|0|0|0|0|0|0|0|1|0|0|0|0|1|3|0|0|#Белоусов: Объем программы поддержки малого и среднего предпринимательства составляет 21,8 млрд. рублей в год, регионы добавляют порядка 10 
<MinistryEconomy>|2013-04-29|15:03:41|0|0|0|0|0|0|0|1|0|0|0|0|1|6|0|0|#Белоусов: ИП, имеющие оборот до 300 тысяч рублей в год, – будут выплачивать взнос,исходя из применяемой ранее формулы на базе 1 МРОТ 
<MinistryEconomy>|2013-04-29|15:04:34|0|0|0|1|0|0|0|0|0|0|1|0|0|3|0|0|#Белоусов: Новая система поддержки экспорта должна быть ориентирована на продвижение массовых несырьевых продуктов за рубеж |Новая Гвинея
<MinistryEconomy>|2013-04-29|15:05:01|0|0|0|0|0|0|0|0|0|0|0|0|0|1|0|0|#Белоусов: Мы запустили детально разработанный проект, нацеленный на коренную перестройку работы торгпредств 
<MinistryEconomy>|2013-04-29|15:07:04|0|0|0|0|0|0|0|1|0|0|1|0|0|3|0|0|#Белоусов: Общую сумму финансов, выделяемых на исследования с учетом предложений технологических платформ, планируем довести до 10 млрд. руб 
<MinistryEconomy>|2013-04-29|15:08:28|0|0|0|0|0|0|0|0|0|0|1|0|0|3|0|0|#Белоусов: Многофункциональный центр – это, по сути, сервисно-ориентированный образ государства 
<MinistryEconomy>|2013-04-29|15:09:23|0|0|0|0|0|0|1|0|0|0|0|0|1|5|0|0|#Белоусов: Необходимо обеспечить удвоение числа МФЦ в 2013 и 2014 году. А в концу 2015 году выйти на их число 2887 
<MinistryEconomy>|2013-04-29|15:10:02|0|0|0|0|0|0|0|0|0|0|1|0|0|1|0|0|#Белоусов: Организована работа по оценке гражданами качества оказываемых государственных услуг 
<MinistryEconomy>|2013-04-29|15:12:40|0|0|0|0|0|0|0|0|0|0|1|0|0|2|0|0|#Белоусов: Росимущество начало масштабную реформу, связанную с наведением порядка в системе управления государственным имуществом 
<MinistryEconomy>|2013-04-29|15:13:34|0|0|0|0|0|0|0|1|0|0|1|0|1|3|0|0|#Белоусов: В прошлом году был осуществлен ряд сделок с акциями крупнейших акционерных обществ – на сумму 217 млрд. рублей 
<MinistryEconomy>|2013-04-29|15:13:57|0|0|0|0|0|0|0|1|0|0|0|0|1|2|0|0|#Белоусов: В текущем году оценка от продажи крупных активов составляет около 320 млрд. рублей 
<MinistryEconomy>|2013-04-29|15:16:09|0|0|0|3|0|0|0|0|0|0|0|0|1|4|0|0|#Белоусов:Президентами России, Белоруссии и Казахстана - поставлена задача подготовки к 2014 году договора о Евразийском экономическом союзе |России|Белоруссии|Казахстана
<MinistryEconomy>|2013-04-29|15:20:47|0|0|0|1|0|0|0|0|0|0|0|0|0|0|0|0|Председатель Правительства России Д.А. #Медведев подводит итоги |России
<MinistryEconomy>|2013-04-29|15:23:49|0|1|0|0|0|0|2|0|0|0|0|0|0|5|0|0|#Медведев: Наш инвестиционный климат оставляет желать лучшего, но он лучше, чем о нем говорят 
<MinistryEconomy>|2013-04-29|15:26:08|0|0|0|0|0|0|0|0|0|0|0|0|0|0|0|0|#Медведев: В существующих МФЦ очень правильно выстроена работа 
<MinistryEconomy>|2013-04-29|15:28:19|0|0|0|0|0|0|0|0|0|0|0|0|1|2|0|0|Начинается церемония награждения сотрудников #Минэкономразвития по итогам работы в 2012 году 
<MinistryEconomy>|2013-04-29|15:36:14|0|0|0|0|0|0|0|0|0|0|0|0|0|0|0|0|Проходят выступления участников заседания Коллегии #Минэкономразвития 
<MinistryEconomy>|2013-04-29|16:23:09|0|0|0|0|0|0|0|0|0|0|0|0|0|0|0|0|Во время Коллегии http://t.co/UI6ce7DWqj 
<MinistryEconomy>|2013-04-29|18:02:53|0|0|0|1|0|0|0|0|0|0|0|0|0|1|0|0|Председатель Правительства России Дмитрий Медведев на Коллегии #Минэкономразвития http://t.co/PNCZJvRDmy |России
<MinistryEconomy>|2013-04-29|23:22:54|0|0|0|1|0|0|0|0|0|0|0|0|2|1|1|0|RT @Pravitelstvo_RF: О состоянии исполнения указов Президента России от 7 мая 2012 года №№596-606 http://t.co/yF3hJqTtRC |России
<MinistryEconomy>|2013-05-06|17:57:59|0|0|0|0|0|0|0|0|0|0|0|0|0|1|0|0|Министр А.Р. Белоусов поздравил победителей студенческой Универсиады по эконометрике http://t.co/CutnaHLfbg 
<MinistryEconomy>|2013-05-06|18:06:02|0|0|1|0|0|0|0|0|0|0|0|0|0|4|0|0|Страница Минэкономразвития в сети Facebook теперь доступна по короткой ссылке - http://t.co/0kji4IjshL 
<MinistryEconomy>|2013-05-07|15:12:49|0|0|0|0|0|0|0|0|0|0|0|0|0|0|0|0|Реализация внешнеэкономических проектов http://t.co/hVL2sNYJlu 
<MinistryEconomy>|2013-05-07|15:46:15|0|0|0|0|0|0|0|0|0|0|0|0|0|1|0|0|Совещание с европейскими торгпредствами http://t.co/z1BW7yoMv2 
<MinistryEconomy>|2013-05-08|09:57:54|0|0|0|0|0|0|0|0|0|0|0|0|0|0|0|0|С наступающим праздником! http://t.co/ZG5S2FNaXW 
<MinistryEconomy>|2013-05-13|19:00:08|0|0|1|0|0|0|0|0|0|0|0|0|0|6|0|0|Директор Департамента торговых переговоров Максим Медведков: Мы вступили в ВТО не для того, чтобы потом думать,... http://t.co/ldscEJ4g27 
<MinistryEconomy>|2013-05-14|14:28:09|0|0|0|0|0|0|0|0|0|0|0|0|0|1|0|0|Замдиректора департамента госрегулирования тарифов, инфраструктурных реформ и энергоэффективности Ярослав Мандрон:... http://t.co/2Kjq3ijvIU 
<MinistryEconomy>|2013-05-15|14:04:25|0|0|0|0|0|0|0|0|0|0|0|0|0|2|0|0|Заместитель Министра экономического развития Андрей Клепач: "Экономика находится на переломе, скачка сейчас не... http://t.co/4sMvXkFOx3 
<MinistryEconomy>|2013-05-15|16:14:42|0|0|0|0|0|0|1|0|0|0|0|0|0|3|0|0|Министр Андрей Белоусов: "Мы разработали план по мерам стимулирования экономического роста, внесли его в... http://t.co/uZMTQMRJSs 
<MinistryEconomy>|2013-05-15|17:48:01|0|0|0|1|0|0|0|0|0|0|0|0|0|2|0|0|Положение об Общественном совете при Министерстве экономического развития Российской Федерации http://t.co/yZIwBC76ye |Российской Федерацией
<MinistryEconomy>|2013-05-15|17:49:07|0|0|0|0|0|0|0|0|0|0|0|0|0|0|0|0|Статья заместителя Министра А.Н. Клепача «ДЛЯ РОСТА ЭКОНОМИКИ НУЖЕН ВЕДУЩИЙ» http://t.co/ulhD3NQi8T 
<MinistryEconomy>|2013-05-16|11:38:39|0|0|0|0|0|0|0|0|0|0|0|0|0|0|0|0|В Минэк нагрянул "гламурный контроль" http://t.co/7YIypWZyDW 
<MinistryEconomy>|2013-05-16|14:42:53|0|0|0|0|0|0|0|0|0|0|2|0|1|4|0|0|Министр Андрей Белоусов:"Долговая нагрузка на доходы домохозяйств выросла с 10-11% доходов в 2007-2008 годах до... http://t.co/esVi6pkX38 
<MinistryEconomy>|2013-05-16|14:51:38|1|0|0|0|0|0|0|0|0|0|0|0|0|4|0|0|Министр Андрей Белоусов: ""Мы ожидаем, что уже во втором квартале произойдет перелом негативных тенденций, а во... http://t.co/9HTyr6BS9O 
<MinistryEconomy>|2013-05-16|14:52:27|0|0|0|0|0|0|0|0|0|0|1|0|0|0|1|0|RT @Pravitelstvo_RF: Заседание Правительства: сценарные прогнозы экономического развития, таможенная политика http://t.co/AR44bNVKmi http://t.co/NjEuOy02kQ 
<MinistryEconomy>|2013-05-16|17:28:16|0|0|0|0|0|0|0|0|0|0|0|0|1|2|1|0|RT @Pravitelstvo_RF: Министр экономического развития @MinistryEconomy А.Белоусов о прогнозах экономического развития в 2013-2015 годах http://t.co/xpZloCVGkk 
<MinistryEconomy>|2013-05-16|17:34:23|0|0|0|1|0|0|0|0|0|0|0|0|0|0|0|1|@AIBelova Так держать! |Так
<MinistryEconomy>|2013-05-17|10:56:21|0|0|0|0|0|0|0|0|0|0|1|0|0|1|0|0|Минэкономразвития заняло 3 место в рейтинге открытости федеральных органов исполнительной власти (рейтинг... http://t.co/GlQ6lITMGI 
<MinistryEconomy>|2013-05-17|13:29:41|0|0|0|0|0|0|0|0|0|0|0|0|0|3|0|0|Министр Андрей Белоусов: "Я не писал заявления об уходе и не собираюсь. Не было никаких предложений написать... http://t.co/AWhBOUdhPv 
<MinistryEconomy>|2013-05-18|17:00:49|0|0|0|1|0|0|0|0|0|0|0|0|0|2|0|0|Состоялось заседание Экспертно-консультативного совета по оценочной деятельности при Минэкономразвития России http://t.co/gbegCbp7cF |России
<MinistryEconomy>|2013-05-20|14:21:38|0|0|0|0|0|0|0|0|0|0|0|0|1|3|1|0|RT @Pravitelstvo_RF: Информация о работе Правительства в 2012 году. Основные цифры и факты в инфографике: http://t.co/RDqy9mhVOO 
<MinistryEconomy>|2013-05-20|14:57:25|0|0|0|0|0|0|0|0|0|0|0|0|0|0|0|0|http://t.co/D3tDEcVTMR 
<MinistryEconomy>|2013-05-20|21:58:06|0|0|0|0|0|0|0|0|0|0|0|0|0|2|0|0|Министр Андрей Белоусов внес в #Правительство проект плана #приватизации на 2014-16 гг. 
<MinistryEconomy>|2013-05-20|22:01:03|0|0|0|0|0|0|0|0|0|0|0|0|0|3|0|0|#Правительством предусматривается выход гос-ва из капитала компаний "несырьевого сектора", не относящихся к субъектам естественных монополий 
<MinistryEconomy>|2013-05-20|22:05:45|0|0|0|0|0|0|0|0|0|0|0|0|0|1|0|0|#Правительство предусматривает #приватизацию #Совкомфлот, #ВТБ, #Роснано, #Аэрофлот, #Росспиртпром, #Русгидро, #ОЗК и др. 
<MinistryEconomy>|2013-05-20|22:10:21|0|0|0|0|0|0|0|1|0|0|1|0|0|3|0|0|Поступления в федеральный #бюджет от #приватизации без учета стоимости акций крупнейших компаний составят в 14-16гг. 3 млрд. руб.ежегодно 
<MinistryEconomy>|2013-05-21|00:33:42|0|0|0|0|0|0|0|0|0|0|0|0|1|2|1|0|RT @AVBorodin: @MinistryEconomy внесло в @Pravitelstvo_RF  проект программы #приватизации на 2014-2016 годы. К проекту направлено 40 кг. приложений. 
<MinistryEconomy>|2013-05-21|11:08:09|0|0|0|0|0|0|0|0|0|0|0|0|0|4|1|0|RT @AVBorodin: Сегодня встречаюсь с @DmitryLivanov для обсуждения вопроса эксплуатации объектов Дальневосточного федерального университета на о. Русский. 
<MinistryEconomy>|2013-05-21|12:04:19|0|0|0|0|0|0|0|0|0|0|0|0|0|2|0|0|Директор Департамента недвижимости Андрей Ивакин: "Земля садоводческих товариществ может быть внесена в кадастр,... http://t.co/ylnpz2GTCE 
<MinistryEconomy>|2013-05-21|12:15:23|0|0|0|0|0|0|0|0|0|0|1|0|0|1|0|0|Заместитель Директора Департамента развития малого и среднего предпринимательства и конкуренции Андрей Медведев:... http://t.co/spuQ5pYlDz 
<MinistryEconomy>|2013-05-21|12:25:38|0|0|0|0|0|0|0|0|0|0|0|0|0|2|0|0|Радиостанция "Эхо Москвы", РИА Новости, газета "Известия" и агентство "Интерфакс" к первой годовщине работы... http://t.co/wI0UcPnVKd 
<MinistryEconomy>|2013-05-21|15:35:48|0|0|0|0|0|0|0|0|0|0|0|0|2|3|0|0|С 1 января 2014 года информация о конкурсах для заключения концессионных соглашений будет доступна на... http://t.co/IAQD6JgQ5k 
<MinistryEconomy>|2013-05-22|16:45:06|0|0|0|0|0|0|0|0|0|0|0|0|0|2|0|0|Заместитель Директора департамента корпоративного управления Ростислав Кокорев: "Логично то, что человеку,... http://t.co/1hs221xoYo 
<MinistryEconomy>|2013-05-23|13:17:32|1|0|0|0|0|1|0|0|0|0|0|0|0|6|0|0|Статс-секретарь - заместитель Министра Олег Фомичев: "Большая проблема заключается в том, что у нас инновационный... http://t.co/s96TuqaNPp 
<MinistryEconomy>|2013-05-23|15:48:49|0|0|0|1|0|0|0|0|0|0|0|0|0|0|0|0|Заместитель Министра Олег Савельев: "Министерство экономического развития России обеспокоенно постоянным... http://t.co/F1E7xcCMLf |России
<MinistryEconomy>|2013-05-23|16:04:29|0|0|0|1|0|0|0|0|0|0|0|0|0|0|0|0|Заместитель Министра Олег Савельев: "Минэкономразвития России обеспокоено постоянным пересмотром финансирования... http://t.co/A9pbUxy8Iz |России
<MinistryEconomy>|2013-05-23|18:14:58|0|0|0|0|0|0|0|0|0|0|0|0|0|3|0|1|@butsenko Публикация была отредактирована. Из-за этого информация по ссылке временно не отображалась. Сейчас все работает. 
<MinistryEconomy>|2013-05-24|11:28:47|0|0|0|0|0|0|0|0|0|0|0|0|1|2|0|0|Сегодня будет завершено формирование плана Министерства до 2018 года, направленного на решение задач, поставленных... http://t.co/XCsdARhJ2V 
<MinistryEconomy>|2013-05-24|11:33:54|0|0|0|0|0|0|0|0|0|0|0|0|2|0|0|0|22-22 июня 2013 года состоится Петербургский международный экономический форум. http://t.co/rx26bKEbsH 
<MinistryEconomy>|2013-05-24|11:38:06|0|0|0|0|0|0|0|0|0|0|0|0|0|3|0|0|Приглашаем экспортеров и компании, планирующие экспортную деятельность, к участию в анкетировании! http://t.co/jB3upEkCOS 
<MinistryEconomy>|2013-05-24|13:45:03|0|0|0|0|0|0|0|0|0|0|0|0|2|0|0|0|20-22 июня 2013 года состоится Петербургский международный экономический форум http://t.co/dP8tXcrTZF 
<MinistryEconomy>|2013-05-24|13:56:04|0|0|0|0|0|0|0|0|0|0|1|0|0|1|0|0|Директор Департамента недвижимости Андрей Ивакин: "Минэкономразвития представило в правительство изменения в... http://t.co/zJQhMNxjim 
<MinistryEconomy>|2013-05-24|16:17:37|0|0|0|0|0|0|0|0|0|0|1|1|1|4|0|0|Заместитель министра Сергей Беляков: "Если после 2013 г. не продлить льготы для малого бизнеса по страховым... http://t.co/N7KppEAbco 
<MinistryEconomy>|2013-05-24|16:31:34|0|0|0|0|0|0|0|0|0|0|2|0|0|1|0|0|Директор Департамента развития малого бизнеса и конкуренции Наталья Ларионова: "Минэкономразвития изучает... http://t.co/aPpgCEEp4e 
<MinistryEconomy>|2013-05-25|19:09:14|0|0|0|0|0|0|0|0|0|0|0|0|1|2|0|0|27 мая в 13:00 в зале Коллегии Минэкономразвития (1-я Тверская-Ямская, д.1,3) состоится совещание по Плану... http://t.co/1dTY6nhxDC 
<MinistryEconomy>|2013-05-27|13:15:47|0|0|0|0|0|0|0|0|0|0|0|0|0|1|0|0|Андрей Белоусов:Большинство принятых госпрограмм не являются управленческими документами.Проектное управление призвано изменить ситуацию 
<MinistryEconomy>|2013-05-27|13:16:58|0|0|0|0|0|0|0|0|0|0|1|0|0|3|0|0|Андрей Белоусов: В ближайшем будущем надо будет посмотреть, как принятые госпрограммы коррелируют с планами министерств. 
<MinistryEconomy>|2013-05-27|13:18:05|0|0|0|0|0|0|1|0|0|0|0|0|0|4|0|0|Андрей Белоусов: Дорожных карт принято много, надо сосредоточиться на эффекте от их работы 
<MinistryEconomy>|2013-05-27|13:21:52|0|0|0|0|0|0|0|0|0|0|1|0|0|0|0|0|Андрей Белоусов: Необходимо проводить регулярные опросы представителей бизнеса 
<MinistryEconomy>|2013-05-27|13:31:53|0|0|0|0|0|0|0|0|0|0|0|0|1|2|0|0|В Минэкономразвития проходит совещание по Плану деятельности Министерства до 2018 г. http://t.co/U3FXpSHRp3 
<MinistryEconomy>|2013-05-27|13:34:12|0|0|1|0|0|0|0|0|0|0|0|0|0|1|0|0|Мной опубликована новая фотография на Facebook http://t.co/YC6H6mgLaG 
<MinistryEconomy>|2013-05-27|13:34:12|0|0|1|0|0|0|0|0|0|0|0|0|0|1|0|0|Мной опубликована новая фотография на Facebook http://t.co/i8F8ofzCBm 
<MinistryEconomy>|2013-05-27|13:34:13|0|0|1|0|0|0|0|0|0|0|0|0|0|1|0|0|Мной опубликована новая фотография на Facebook http://t.co/cEXSOHbgjB 
<MinistryEconomy>|2013-05-27|13:36:55|0|0|0|0|0|0|0|0|0|0|0|0|0|1|0|0|Юлия Чижова, департамент корпоративного управления: РСПП и Торгово-промышленная палата поддержали концепцию реформирования третейских судов. 
<MinistryEconomy>|2013-05-27|13:42:27|0|0|0|0|0|0|1|0|0|0|0|0|0|3|0|0|Андрей Белоусов: Я попрошу Игоря Ивановича (Шувалова), чтобы он побыстрее провел совещание по концепции реформирования третейских судов 
<MinistryEconomy>|2013-05-27|13:49:31|0|0|0|0|0|0|0|0|0|0|0|0|0|2|0|0|Андрей Белоусов: Если не будет денег на оценку объектов недвижимости-план выполнить практически не удастся. 
<MinistryEconomy>|2013-05-27|13:50:36|0|0|0|0|0|1|0|0|0|0|1|0|1|3|0|0|Руководитель Росимущества Ольга Дергунова: 20 июня мы рассмотрим в Правительстве план по приватизации 
<MinistryEconomy>|2013-05-27|13:51:38|0|0|0|0|0|0|0|0|0|0|0|0|0|3|0|0|Андрей Белоусов: Нужно добиться, чтобы менеджмент компаний был премирован или депримирован по результатам исполнения задач. 
<MinistryEconomy>|2013-05-27|13:54:50|0|0|0|1|0|0|0|0|0|0|2|0|0|3|0|0|Заместитель Министра Владимир Симоненко: Мы подготовили проект изменений в законодательство по снятию ряда ограничений для бизнеса |Владимир
<MinistryEconomy>|2013-05-27|13:56:03|0|0|0|1|0|0|0|0|0|0|1|0|0|3|0|0|Владимир Симоненко:Информационная открытость заложена в виде создания навигатора мер государственной поддержки для малого и среднего бизнеса |Владимир
<MinistryEconomy>|2013-05-27|13:59:39|0|0|0|1|0|0|0|0|0|0|1|0|1|4|0|0|Владимир Симоненко:Программа поддержки бизнеса к 18 году должна охватить 80% МСП вместо 3%, которые есть сейчас |Владимир
<MinistryEconomy>|2013-05-27|14:06:39|0|0|0|0|0|0|0|0|0|0|0|0|0|2|0|0|Вероника Никишина: Необходимо увеличить страхование несырьевого экспорта до 10%, вместо 1% 
<MinistryEconomy>|2013-05-27|14:11:23|0|0|0|0|0|1|0|0|0|0|0|0|1|4|0|0|Вероника Никишина:У нас сейчас порядка 100 экспортных проектов над которыми идут работы. Целевой показатель до конца года - 200 
<MinistryEconomy>|2013-05-27|14:12:21|0|0|0|5|0|0|0|0|0|0|0|0|0|4|0|0|Вероника Никишина: Чувашия, Мордовия, Татарстан, Тула, Пермь - некоторые из регионов, с кем идет работа по этому направлению |Чувашия|Мордовия|Татарстан|Тула|Пермь
<MinistryEconomy>|2013-05-27|14:18:35|0|0|0|0|0|0|0|0|0|0|1|0|0|1|0|0|Заместитель Министра Олег Фомичев:Разрабатывается портал по поддержке инновационного бизнеса 
<MinistryEconomy>|2013-05-27|15:00:03|0|0|0|0|0|0|0|0|0|0|0|0|0|2|0|0|По мнению заместителя Министра Павла Королева конкурс на закупку автомобиля BMW для нужд Росреестра был... http://t.co/k8ASTbVW7e 
<MinistryEconomy>|2013-05-27|15:16:43|0|0|0|0|0|0|0|0|0|0|0|0|0|1|0|0|Олег Фомичев:Необходимо повышать информационную открытость госорганов.У всех должны быть сформированы общественные советы. 
<MinistryEconomy>|2013-05-27|15:18:05|0|0|0|0|0|0|0|0|0|0|0|0|0|0|0|0|Олег Фомичев:Минэкономразвития формирует новый состав общественного совета 
<MinistryEconomy>|2013-05-27|19:43:15|0|0|0|0|0|0|0|0|0|0|0|0|1|2|0|0|В Минэкономразвития прошло открытое совещание по принятию Плана деятельности Министерства до 2018 года http://t.co/pwbax04mH4 
<MinistryEconomy>|2013-05-27|20:05:00|0|0|0|0|0|0|0|0|0|0|0|0|0|2|0|0|Полная видеозапись Совещания по Плану деятельности Минэкономразвития до 2018г. http://t.co/wi89UwbI9a 
<MinistryEconomy>|2013-05-28|15:45:57|0|0|0|0|0|0|0|0|0|0|1|0|0|1|0|0|Заместитель Министра Сергей Беляков: "Мы провели аудит законодательства о ГЧП (государственно-частное... http://t.co/L4lJ46Kc2r 
<MinistryEconomy>|2013-05-29|14:48:41|0|0|0|0|0|0|0|0|0|0|0|0|0|1|0|0|Минэкономразвития опубликовало законопроект, предусматривающий установление льготных тарифов страховых взносов в... http://t.co/bWkhYK7QwK 
<MinistryEconomy>|2013-05-29|16:11:49|0|0|0|0|0|0|0|0|0|0|0|0|0|1|0|0|Подготовка к международной выставке ONS (Offshore Northern Seas) http://t.co/RGHEwzCGDV 
<MinistryEconomy>|2013-05-30|10:32:07|0|0|0|1|0|0|0|0|0|0|0|0|0|1|0|0|Министр Андрей Белоусов: "Все страны ОЭСР заинтересованы в скорейшем вступлении России в ряды организации. Для... http://t.co/jWVijlSaXI |России
<MinistryEconomy>|2013-05-30|10:36:12|0|0|0|1|0|0|0|0|0|0|0|0|0|1|0|0|Министр Андрей Белоусов: "Все страны ОЭСР заинтересованы в скорейшем вступлении России в ряды организации. Для... http://t.co/j7136m1TQ4 |России
<MinistryEconomy>|2013-05-30|10:47:06|0|0|0|1|0|0|0|0|0|0|0|0|0|1|0|0|Министр Андрей Белоусов: "Все страны ОЭСР заинтересованы в скорейшем вступлении России в ряды организации. Для... http://t.co/3CHWVjtQ73 |России
<MinistryEconomy>|2013-05-30|11:21:33|0|0|0|0|0|0|0|0|0|0|1|0|0|2|1|0|RT @Pravitelstvo_RF: Поручения Дмитрия Медведева по итогам заседания президиума Совета при Президенте по модернизации экономики http://t.co/KDqclMKd8x 
<MinistryEconomy>|2013-05-30|12:25:21|0|1|0|1|0|0|0|0|0|0|0|0|0|1|0|0|Министр Андрей Белоусов: "Мы предлагаем, чтобы Центральный банк устанавливал индикативно справедливый уровень... http://t.co/vv3bIPMDK2 |Центральный остан
<MinistryEconomy>|2013-05-31|14:25:56|0|0|0|1|0|0|0|0|0|0|0|0|0|3|0|0|Министр Андрей Белоусов об отставке ректора Российской экономической школы Сергея Гуриева: "Я не знаю и не вижу... http://t.co/6D3GyhkwWg |Российской Федерацией
<MinistryEconomy>|2013-05-31|15:55:48|0|0|0|0|0|0|0|0|0|0|1|0|0|2|0|0|Министр Андрей Белоусов: "Ускорение недельной инфляции до 0,2% носит сезонный характер, и Минэкономразвития... http://t.co/Vp3imEIpt2 
<MinistryEconomy>|2013-06-03|11:53:25|0|0|0|1|0|0|0|0|0|0|1|0|0|2|0|0|Результаты конкурсного отбора субъектов Российской Федерации для предоставления субсидий из федерального бюджета http://t.co/Iga9zFgu8a |Российской Федерацией
<MinistryEconomy>|2013-06-03|12:31:08|0|0|0|0|0|0|0|0|0|0|0|0|0|1|0|0|Директор департамента государственного регулирования тарифов, инфраструктурных реформ и энергоэффективности... http://t.co/KXHjoMsYPD 
<MinistryEconomy>|2013-06-03|13:58:08|0|0|0|0|0|0|0|0|0|0|0|0|1|2|0|0|О текущей макроэкономической ситуации по состоянию на 1 Июня 2013 года http://t.co/OQHKFYL5Pu 
<MinistryEconomy>|2013-06-03|14:07:32|0|0|0|0|0|0|0|0|0|0|0|0|0|0|0|0|Минэкономразвития предлагает упростить порядок оплаты уставного капитала ООО http://t.co/6x3SzQIfGM 
<MinistryEconomy>|2013-06-03|16:09:13|0|0|0|0|0|0|0|0|0|0|0|0|0|1|0|0|Заместитель директора департамента государственного регулирования тарифов, инфраструктурных реформ и... http://t.co/Vybmhi0TY6 
<MinistryEconomy>|2013-06-04|14:33:58|0|0|0|1|0|0|0|0|0|0|1|0|1|1|0|0|Заместитель Министра Владимир Симоненко: "Министерство к октябрю разработает постановление правительства, которое... http://t.co/xC1aOtMLEY |Владимир
<MinistryEconomy>|2013-06-04|18:30:12|0|0|0|0|0|0|0|0|0|0|0|0|0|1|0|0|Министр Андрей Белоусов: "Минэкономразвития подготовило предварительную версию роста тарифов монополий в 2014-2016... http://t.co/Z3Ts5G2rSt 
<MinistryEconomy>|2013-06-05|14:39:20|0|1|0|0|0|0|0|0|0|0|0|0|0|1|0|0|Cистема«Мониторинг деятельности контрольно-надзорных органов»признана лучшим межведомственным проектом для госсектора http://t.co/PrbfZhTTP8 
<MinistryEconomy>|2013-06-05|14:48:24|0|1|0|0|0|0|0|0|0|0|1|0|0|0|0|0|Информационная система «Мониторинг деятельности контрольно-надзорных органов» признана лучшим межведомственным... http://t.co/VotpDvHkAR 
<MinistryEconomy>|2013-06-07|12:49:15|0|0|0|0|0|0|0|0|0|0|0|0|0|1|0|0|В Минэкономразвития заработал Совет по внедрению проектного управления. Председателем Совета является заместитель... http://t.co/pPSG2oCwx7 
<MinistryEconomy>|2013-06-07|21:50:11|0|0|0|0|0|0|0|0|0|0|0|0|0|1|0|1|@naumovstanislav Поздравляем! Вы наш 1001 подписчик! 
<MinistryEconomy>|2013-06-08|13:05:31|0|0|0|0|0|0|0|0|0|0|0|0|0|1|0|0|Министр Андрей Белоусов участвует в работе оргкомитета Петербургского международного экономического форума http://t.co/XeayShEk5t 
<MinistryEconomy>|2013-06-08|13:07:51|0|0|1|0|0|0|0|0|0|0|0|0|0|1|0|0|Мной опубликована новая фотография на Facebook http://t.co/cWgYZ0MixR 
<MinistryEconomy>|2013-06-08|13:07:52|0|0|1|0|0|0|0|0|0|0|0|0|0|1|0|0|Мной опубликована новая фотография на Facebook http://t.co/J8sDtXfXeF 
<MinistryEconomy>|2013-06-08|13:12:44|0|0|0|0|0|0|0|0|0|0|0|0|1|2|0|0|В этом году на #ПМЭФ зарегистрировано 3142 участника. В прошлом году было чуть более 2000. 
<MinistryEconomy>|2013-06-08|13:13:28|0|0|0|0|0|0|0|0|0|0|0|0|0|1|0|0|Из последних подтвердившихся участников #ПМЭФ - Тони Блэр 
<MinistryEconomy>|2013-06-08|13:15:10|0|0|0|0|0|0|0|0|0|0|0|0|0|3|0|0|На сегодня готовность города к #ПМЭФ составляет 98% по результатам встреч с членами всех рабочих групп 
<MinistryEconomy>|2013-06-08|13:15:49|0|0|0|0|0|0|0|0|0|0|0|0|1|1|0|0|16 июня состоится полная приемка работ по #ПМЭФ 
<MinistryEconomy>|2013-06-08|13:17:26|0|0|0|0|0|0|0|0|0|0|0|0|0|2|0|0|Компания "Мерседес" для #ПМЭФ предоставит 250 автомобилей с водителями 
<MinistryEconomy>|2013-06-08|17:23:29|0|0|0|0|0|0|0|0|0|0|0|0|1|1|0|0|Министр Андрей Белоусов и руководитель Росреестра Наталья Антипина посетили МФЦ Красногвардейского района г.... http://t.co/CjRoxMqKTW 
<MinistryEconomy>|2013-06-08|17:28:59|0|0|0|0|0|0|0|0|0|0|0|0|0|2|0|0|Министр Андрей Белоусов высоко оценил качество и скорость предоставления услуг МФЦ, но отметил перегруженность... http://t.co/aMie9vBFEG 
<MinistryEconomy>|2013-06-10|16:22:41|0|0|0|0|0|0|0|0|0|0|1|0|0|1|0|0|Директор Департамента развития малого и среднего предпринимательства и конкуренции Наталья Ларионова: "Задача... http://t.co/xQfJRRKNf4 
<MinistryEconomy>|2013-06-10|16:24:14|1|0|0|0|0|0|0|0|0|0|1|0|0|2|0|0|Минэкономразвития подало апелляционную жалобу на решение суда о признании недействующим приказа министерства,... http://t.co/8fUBKNlVGK 
<MinistryEconomy>|2013-06-10|18:04:50|0|1|0|0|0|0|0|0|0|0|1|0|0|2|0|0|Самые высокие шансы успешно перейти в частный сектор у представителей Минэкономразвития, аппарата правительства,... http://t.co/6uHesMMuHx 
<MinistryEconomy>|2013-06-10|18:11:03|0|0|0|0|0|0|0|0|0|0|0|0|0|4|0|0|В связи с предыдущим постом сообщаем, что в отделе Интернет-коммуникаций Минэкономразвития есть несколько... http://t.co/UCjOCJsbL2 
<MinistryEconomy>|2013-06-10|18:16:40|0|0|0|0|0|0|0|0|0|0|0|0|0|4|0|0|В связи с предыдущим постом сообщаем, что в отделе Интернет-коммуникаций Минэкономразвития есть несколько... http://t.co/R26fH21YJb 
<MinistryEconomy>|2013-06-10|18:31:19|0|0|0|0|0|0|0|0|0|0|1|0|0|2|0|0|Госслужба с видом на бизнес http://t.co/JrnltoFsvP 
<MinistryEconomy>|2013-06-11|17:04:19|0|0|1|0|0|0|0|0|0|0|0|0|1|1|0|0|13 июня в 17:00 в ИТАР-ТАСС Министр А.Р. Белоусов проведет пресс-конференцию, посвященную проведению #ПМЭФ http://t.co/EXBuGIxfGe 
<MinistryEconomy>|2013-06-11|18:12:02|0|0|0|0|0|0|0|0|0|0|0|0|2|1|0|0|13 июня 2013 г. в 17:00 в пресс-центре ИТАР-ТАСС(Тверской бульвар, дом 2, 2-й этаж) Министр А.Р. Белоусов... http://t.co/tljvDxEiMG 
<MinistryEconomy>|2013-06-11|18:56:07|0|0|0|0|0|0|0|0|0|0|0|0|0|1|0|0|Директор департамента особых экономических зон и проектов регионального развития Андрей Соколов: "Зарплаты (в... http://t.co/DgTvKXCmMP 
<MinistryEconomy>|2013-06-11|19:08:02|0|0|0|0|0|0|0|0|0|0|0|0|1|1|1|0|RT @Pravitelstvo_RF: Дмитрий Медведев: @MinistryEconomy завершает работу по организации мониторинга «дорожных карт».16 мая запущен сайт Инвестклимат.рф 
<MinistryEconomy>|2013-06-13|13:11:02|0|0|0|0|0|0|0|0|0|0|0|0|0|4|0|0|Министр Андрей Белоусов: "Индикативные ставки не будут для банков обязательными, а лишь будут служить ориентиром.... http://t.co/Bm1U2RtunI 
<MinistryEconomy>|2013-06-13|16:11:08|0|0|0|0|0|0|0|0|0|0|1|0|0|3|0|0|Министр Андрей Белоусов: "Бюджетная политика стала инструментом, от которого в значительной степени зависит... http://t.co/SQiKcXJDvc 
<MinistryEconomy>|2013-06-13|16:13:11|0|0|0|0|0|0|0|0|0|0|0|0|0|0|0|0|В 17:00 начнется Twitter-трансляция пресс-конференции, посвященной проведению Петербургского международного... http://t.co/ww3azhFZit 
<MinistryEconomy>|2013-06-13|17:17:31|0|0|0|0|0|0|0|0|0|0|1|0|0|0|0|0|Белоусов: Девиз форума: "Перспективы глобальной экономики. Время решительных действий". 
<MinistryEconomy>|2013-06-13|17:18:47|0|0|0|0|0|0|0|0|0|0|0|0|0|1|0|0|Белоусов: Форум будет сопряжен с мероприятиями G20 
<MinistryEconomy>|2013-06-13|17:19:37|0|0|0|0|0|0|0|0|0|0|0|0|0|3|0|0|Белоусов: На сегодняшний день общее число подтвердивших участие в Форуме составляет 3669 участников 
<MinistryEconomy>|2013-06-13|17:20:01|0|0|0|2|0|0|0|0|0|0|0|0|0|1|0|0|Белоусов:В качестве почётных гостей форума приглашены Германия и Королевство Нидерланды |Германия|Нидерланды
<MinistryEconomy>|2013-06-13|17:20:31|0|0|0|3|0|0|0|0|0|0|0|0|0|1|0|0|Белоусов: На Форуме в Петербурге будут представлены ключевые регионы мира: страны БРИКС, США, Европейский союз, Япония, Арабские Эмираты |Петербурге|США|Япония
<MinistryEconomy>|2013-06-13|17:20:50|0|0|0|0|0|0|0|0|0|0|0|0|0|1|0|0|Белоусов: 170 членов иностранных официальных делегаций из 71 страны 
<MinistryEconomy>|2013-06-13|17:21:21|0|0|0|0|0|0|0|0|0|0|0|0|0|1|0|0|Белоусов: подтвердили участие 190 глав крупнейших иностранных и 429 глав российских компаний 
<MinistryEconomy>|2013-06-13|17:21:41|0|0|0|0|0|0|0|0|0|0|1|0|0|4|0|0|Белоусов: Всего же от бизнеса подтвердили участие в Форуме 1868 представителей иностранных и российских компаний 
<MinistryEconomy>|2013-06-13|17:22:47|0|0|0|0|0|0|0|0|0|0|0|0|1|4|0|0|Белоусов:в этом году на Форуме пройдут сессии «Открытые дебаты»,предполагающего участие аудитории в общении с участниками дискуссии. 
<MinistryEconomy>|2013-06-13|17:23:08|0|0|0|0|0|0|0|0|0|0|0|0|0|2|0|0|Белоусов: Вопросы будут собираться посредством социальных сетей и адресоваться модератору 
<MinistryEconomy>|2013-06-13|17:23:25|0|0|0|0|0|0|0|0|0|0|0|0|0|2|0|0|Белоусов: В программу Форума на сегодняшний день включены 74 сессии 
<MinistryEconomy>|2013-06-13|17:23:52|0|0|0|0|0|0|0|0|0|0|0|0|0|1|0|0|Белоусов: Программа будет построена вокруг четырех основных тематических направлений 
<MinistryEconomy>|2013-06-13|17:24:13|0|0|0|0|0|0|0|0|0|0|0|0|0|1|0|0|Белоусов: «Глобальная повестка устойчивого экономического роста», «Россия в глобальной повестке», «Новые катализаторы изменений» 
<MinistryEconomy>|2013-06-13|17:24:30|0|0|0|0|0|0|0|0|0|0|0|0|0|1|0|0|Белоусов: «Цикл встреч с лидерами: беседы, меняющие мир» 
<MinistryEconomy>|2013-06-13|17:24:57|0|0|0|1|0|0|0|0|0|0|0|0|0|0|0|0|Белоусов: Отдельная тема будет посвящена Китаю |Китаю
<MinistryEconomy>|2013-06-13|17:25:43|0|0|0|0|0|0|0|0|0|0|0|0|0|4|0|0|Белоусов: Одна из тем - назревающий взрыв в мобильном траффике: "Гаджеты рулят" 
<MinistryEconomy>|2013-06-13|17:28:15|0|0|0|0|0|0|0|0|0|0|0|0|0|1|0|0|Беляков: Большое внимание уделяется сервису для участников 
<MinistryEconomy>|2013-06-13|17:29:00|0|0|0|0|0|0|0|0|0|0|0|0|0|0|0|0|Беляков: Все сессии будут транслироваться онлайн 
<MinistryEconomy>|2013-06-13|17:31:26|0|0|0|0|0|0|0|0|0|0|0|0|0|0|0|0|Беляков: Будет задействован формат теледебатов 
<MinistryEconomy>|2013-06-13|17:31:57|0|0|0|0|0|0|0|0|0|0|0|0|0|6|0|0|Беляков: Возможен будет диалог не только между участниками, но и с широкой аудиторией 
<MinistryEconomy>|2013-06-13|17:35:02|0|0|0|0|0|0|0|0|0|0|0|0|0|0|0|0|Звучат вопросы журналистов 
<MinistryEconomy>|2013-06-13|17:36:20|0|0|0|0|0|1|0|0|0|0|0|0|0|4|0|0|Белоусов: Риск рецессии существует, но у нас есть возможность ее избежать 
<MinistryEconomy>|2013-06-13|17:40:04|0|0|0|0|0|0|0|0|0|0|0|0|0|2|0|0|Белоусов: Успех форума никакого отношения к инвестиционным контрактам не имеет 
<MinistryEconomy>|2013-06-13|17:40:41|0|1|0|0|0|0|2|0|0|0|0|0|0|6|0|0|Белоусов: успех форума определяется до его начала, тем составом участников, которые на него приезжают 
<MinistryEconomy>|2013-06-13|17:44:00|0|0|0|0|0|0|0|0|0|0|1|0|0|3|0|0|Белоусов: В странах БРИКС средний класс быстро растет - это сильный вызов для экономики 
<MinistryEconomy>|2013-06-13|17:47:26|0|0|0|0|0|0|0|0|0|0|0|1|0|1|0|0|Беляков: из 83 регионов 60 губернаторов подтвердили участие 
<MinistryEconomy>|2013-06-13|17:51:27|0|0|0|0|0|1|0|0|0|0|1|0|0|3|0|0|Беляков: у нас с "Давосом" здоровая конкуренция 
<MinistryEconomy>|2013-06-13|17:57:43|0|2|0|0|0|0|2|0|0|0|0|0|0|7|0|0|Белоусов: Я давно знаю Сергея Гуриева и отношусь к нему с уважением, но не одобряю излишнюю публичность его поступка 
<MinistryEconomy>|2013-06-13|17:58:52|0|0|0|0|1|0|0|0|0|0|0|0|0|5|0|0|Белоусов: Западные СМИ делают из Гуриева политического беженца, однако я не вижу для этого оснований 
<MinistryEconomy>|2013-06-13|18:08:26|0|0|1|0|0|0|0|0|0|0|0|0|0|2|0|0|Я добавил 4 фотографий в Facebook в альбом "Пресс-конференция, посвященная подготовке к ПЭФ" http://t.co/d5ewU4akQl 
<MinistryEconomy>|2013-06-13|18:23:07|0|0|0|0|0|0|0|0|0|0|0|0|0|0|0|0|Интервью Министра телеканалу Россия-24 http://t.co/WsViPWwGNt 
<MinistryEconomy>|2013-06-14|18:53:50|0|0|0|0|0|0|0|0|0|0|0|0|0|2|0|0|Приглашаем принять участие в опросе российских компаний по теме: «Поддержка экспорта, оценка предпринимаемых мер» http://t.co/vtDdUNfkuH 
<MinistryEconomy>|2013-06-17|11:57:52|0|0|0|1|0|0|0|0|0|0|0|0|0|1|0|0|Начальник отдела стратегического управления и институционального развития Минэкономразвития России Владислав... http://t.co/EAKzPEv1bX |России
<MinistryEconomy>|2013-06-17|16:59:05|0|0|0|0|0|0|0|0|0|0|0|0|1|3|0|0|Министр Андрей Белоусов: "Отмечу, что по сравнению с первым кварталом прошлого года показатели реализации... http://t.co/2cA9ZdWo2u 
<MinistryEconomy>|2013-06-17|17:04:43|0|0|0|0|0|0|0|0|0|0|0|0|1|3|0|0|Министр Андрей Белоусов: "Отмечу, что по сравнению с первым кварталом прошлого года показатели реализации... http://t.co/HFsGWjFPBH 
<MinistryEconomy>|2013-06-18|12:18:18|0|0|0|0|0|0|0|0|0|0|1|0|0|1|0|0|Директор Департамента инвестиционной политики и развития частно-государственного партнерства Игорь Коваль:... http://t.co/cRBsQoHxqC 
<MinistryEconomy>|2013-06-19|10:09:53|0|0|0|0|0|0|0|0|0|0|0|0|0|0|0|1|@bfvsevmeste63 Добрый день! Абсолютно реально: http://t.co/nugj2xWaEV 
<MinistryEconomy>|2013-06-19|12:29:42|0|0|0|0|0|0|0|0|0|0|0|0|0|1|0|0|Подготовка к ПМЭФ 2013 http://t.co/32soV2Q7Xj 
<MinistryEconomy>|2013-06-19|14:54:37|0|0|0|0|0|0|0|0|0|0|0|0|0|0|0|0|Заместитель Министра Сергей Беляков анонсирует #ПМЭФ2013 Первому каналу http://t.co/v1VDP9fO1G 
<MinistryEconomy>|2013-06-19|17:04:13|0|0|0|0|0|0|0|0|0|0|0|0|0|2|1|0|RT @AVBorodin: В @MinistryEconomy организована регистрация на С-б международный #экономический форум. Работают волонтеры из вузов. http://t.co/piaxJRdjHJ 
<MinistryEconomy>|2013-06-19|17:50:13|1|0|0|0|0|0|0|0|0|0|0|0|0|3|0|0|Заместитель Министра Сергей Беляков в преддверии #ПМЭФ2013 о предложениях #Минэнерго по решению проблемы... http://t.co/biamZoDMes 
<MinistryEconomy>|2013-06-19|18:08:21|0|0|0|0|0|0|0|0|0|0|1|0|0|1|0|0|Заместитель Министра Олег Савельев: "Российские автопроизводители, действующие в режиме промсборки, получат... http://t.co/AdnzwFegA4 
<MinistryEconomy>|2013-06-19|18:15:01|0|0|0|1|0|0|0|0|0|0|0|0|0|2|0|0|В Стрельне под Петербургом открыли первый научно-технический центр, построенный в Особой экономической зоне http://t.co/omJeGdxVK6 |Петербургом
<MinistryEconomy>|2013-06-20|12:02:21|0|0|0|0|0|0|0|0|0|0|0|0|0|1|0|0|Прямой эфир #ПМЭФ2013 на телеканале Россия-24 http://t.co/VJKDrD0YTO 
<MinistryEconomy>|2013-06-20|12:10:49|0|0|0|0|0|0|0|0|0|0|1|0|0|1|1|0|RT @AVBorodin: Перед началом дискуссии по прогнозу развития мировой экономики http://t.co/RBX6cXZc1r 
<MinistryEconomy>|2013-06-20|12:31:41|0|0|0|0|0|0|0|0|0|0|0|0|0|0|0|0|Authorities pin hopes on St. Petersburg Economic Forum / Russia Beyond The Headlines http://t.co/OluP7ALZvK 
<MinistryEconomy>|2013-06-20|14:19:58|0|0|0|0|0|0|0|0|0|0|0|0|0|0|1|0|RT @SPIEF: At SPIEF 2013 several sessions will be held in the Open Debate format. Please post to SPIEF2013OD@gmail.com or on Twitter @SPIEF2013OD. 
<MinistryEconomy>|2013-06-20|14:21:28|0|0|0|0|0|0|0|0|0|0|0|0|0|0|0|0|http://t.co/4zqdtoyzRX 
<MinistryEconomy>|2013-06-20|15:00:50|0|0|0|1|0|0|0|0|0|0|0|0|0|2|0|0|Министр Андрей Белоусов принимает участие в панельной дискуссии на #ПМЭФ2013. Прямой эфир на Россия 24 |Россия
<MinistryEconomy>|2013-06-20|15:05:41|0|0|0|0|0|0|0|0|0|0|0|0|0|1|0|0|Министр Андрей Белоусов на #ПМЭФ2013 #Санкт-Петербург http://t.co/kMRL7KxdX0 
<MinistryEconomy>|2013-06-20|15:55:20|0|0|0|0|0|0|0|0|0|0|0|0|0|1|0|0|Министр Андрей Белоусов на #ПМЭФ2013 #Санкт-Петербург: "Резкое снижение инвестиционной активности стало основной... http://t.co/Mof2anlksn 
<MinistryEconomy>|2013-06-20|15:58:10|0|0|0|0|0|0|0|0|0|0|0|1|0|1|1|0|RT @AVBorodin: Рядом два экс-министра @MinistryEconomy Г.Греф, Э.Набиуллина, действующий министр А. Белоусов и .... Улюкаев. http://t.co/G1suc4ClCR 
<MinistryEconomy>|2013-06-20|17:27:14|0|0|0|1|0|0|0|0|0|0|2|0|0|0|0|0|Министр Андрей Белоусов: "На фоне падения экономики Россия имеет стабильный приток прямых иностранных инвестиций... http://t.co/eAPdEMHv5C |Россия
<MinistryEconomy>|2013-06-20|19:42:27|0|0|0|0|0|0|0|0|0|0|0|0|0|1|0|0|Интервью руководителя Росимущества Ольги Дергуновой для радио Business FM #ПМЭФ2013 #Санкт-Петербург http://t.co/Sgm5XZb8yZ 
<MinistryEconomy>|2013-06-21|10:33:11|0|0|0|0|0|0|0|0|0|0|0|0|0|1|0|0|Заместитель Министра Алексей Лихачев принимает участие в дискуссии, посвященной поддержке экспорта #ПМЭФ2013... http://t.co/ei9fc3qNDb 
<MinistryEconomy>|2013-06-21|10:41:11|0|0|0|0|0|0|0|0|0|0|0|0|0|1|0|0|В дискуссии также принимают участие: генеральный директор #ЭКСАР Петр Фрадков, генеральный директор #Камаз Сергей... http://t.co/eJMVZCSfMe 
<MinistryEconomy>|2013-06-21|10:45:29|0|0|0|0|0|0|0|0|0|0|1|0|0|4|0|0|Шленский: Мы удерживаем до 45% рынка, но необходимы новые продукты.Нам надо бороться и конкурировать. 
<MinistryEconomy>|2013-06-21|10:46:38|0|0|0|0|0|0|0|0|0|0|1|0|0|5|0|0|Шленский: В результате захода на какой-либо рынок, как правило, необходимо создать СП с участием другой стороны 
<MinistryEconomy>|2013-06-21|10:47:13|0|1|0|0|0|0|0|0|0|0|0|0|0|2|0|0|Шленский: и здесь Министерство и курирующий торгпред оказывают непосредственную поддержку 
<MinistryEconomy>|2013-06-21|10:48:28|0|0|0|0|0|0|1|0|0|0|0|0|0|2|0|0|Когодин:регуляторные барьеры растут,в основном их стимулируют большие корпорации. 
<MinistryEconomy>|2013-06-21|10:48:55|0|0|0|0|0|0|0|0|0|0|0|0|0|1|0|0|Когодин:конкуренция сейчас происходит на уровне технологического отрыва 
<MinistryEconomy>|2013-06-21|10:49:42|0|0|0|0|0|0|0|0|0|0|0|0|0|3|0|0|Фрадков:программа, которую запустило Министерство,- это больший прорыв вперед 
<MinistryEconomy>|2013-06-21|10:50:14|0|0|0|0|0|0|0|0|0|0|1|0|0|1|0|0|Фрадков:тема экспорта сегодня в правительстве выведена в приоритет 
<MinistryEconomy>|2013-06-21|10:52:56|0|0|0|0|0|0|1|0|0|0|0|0|0|2|0|0|Фрадков:торговый оборот России-846 млрд., из них 530-это экспорт 
<MinistryEconomy>|2013-06-21|10:55:46|0|0|0|0|0|0|0|0|0|0|0|1|0|3|1|0|RT @Alex_Tokar: Брифинг с участ министра экономразвит РФ @MinistryEconomy Андрея Белоусова по вопросам улучшения инвест климата в РФ http://t.co/dZmr8atwrX 
<MinistryEconomy>|2013-06-21|11:17:24|0|0|0|0|0|0|0|0|0|0|0|0|0|2|1|0|RT @AVBorodin: Второй день #ПМЭФ2013. Участников прибавилось. На фото экран с твиттер-сообщениями форума. Ждите фото с этим твитом http://t.co/MFm0FKCbpK 
<MinistryEconomy>|2013-06-21|11:32:54|0|0|0|0|0|0|0|0|0|0|0|0|0|3|1|0|RT @rusventure: Артем Кудрявцев: европейский опыт показывает - увеличение проникновения интернета на 10% приводит к росту ВВП на 1,5% #SPIEF2013 #SPIEF_rvc 
<MinistryEconomy>|2013-06-21|11:42:46|0|0|0|0|0|0|0|0|0|0|0|0|0|1|0|0|Министр Андрей Белоусов на #SPIEF2013: "Пока рано обсуждать возможность введения прогрессивной шкалы подоходного... http://t.co/d4S02oX2QM 
<MinistryEconomy>|2013-06-21|11:55:29|0|1|0|0|0|0|0|0|0|0|0|0|0|3|1|0|RT @EmbaMexRus: #SPIEF2013 #Gurría: «Процесс вступления РФ в @OECD идет успешно, были получены рекомендации от 6 из 22 комитетов» http://t.co/LIaTF5KMLi 
<MinistryEconomy>|2013-06-21|11:59:35|0|1|0|0|0|0|0|0|0|0|0|0|0|3|0|0|#SPIEF2013 #Gurría: «Процесс вступления РФ в @OECD идет успешно, были получены рекомендации от 6 из 22 комитетов» http://t.co/ydb2MdBXC4 
<MinistryEconomy>|2013-06-21|12:16:10|0|0|0|0|0|0|0|0|0|0|0|0|0|3|0|0|Министр Андрей Белоусов на #SPIEF2013: "Власти РФ не планируют административно предотвращать отток капитала из... http://t.co/0l9JWEfmRb 
<MinistryEconomy>|2013-06-21|12:33:03|0|0|1|0|0|0|0|0|0|0|0|0|0|2|0|0|Министр Андрей Белоусов принимает участие в панельной сессии: "Вступление в ВТО и повышение конкурентоспособности... http://t.co/jDo3x9YjSp 
<MinistryEconomy>|2013-06-21|12:37:50|0|0|0|0|0|0|0|0|0|0|0|0|0|0|0|0|http://t.co/ajylZxBd4a 
<MinistryEconomy>|2013-06-21|13:24:50|0|1|0|1|0|0|0|0|0|0|1|0|0|2|1|0|RT @EY_Russia: Россия занимает 6 место в списке самых привлекательных для инвестиций направлений http://t.co/KaCGBQkr6R #SPIEF2013 http://t.co/DX70BOA8eE |Россия
<MinistryEconomy>|2013-06-21|14:20:40|0|0|0|0|0|0|0|0|0|0|0|0|0|0|0|0|http://t.co/W6CxZWQdYr 
<MinistryEconomy>|2013-06-21|16:58:16|0|0|0|0|0|0|0|0|0|0|0|0|1|3|0|0|Заместитель Министра Андрей Клепач на #SPIEF2013: "Сальдо торгового баланса, по оценке Минэкономразвития, в мае... http://t.co/bj9Nxr2DOm 
<MinistryEconomy>|2013-06-24|10:37:30|0|0|0|0|0|0|0|0|0|0|0|0|0|0|0|0|Алексей Улюкаев назначен Министром экономического развития http://t.co/ID9aS0QVLm 
<MinistryEconomy>|2013-06-24|10:37:38|0|0|0|0|0|0|0|0|0|0|0|0|0|0|1|0|RT @KremlinRussia: Алексей Улюкаев назначен Министром экономического развития http://t.co/LRsuEv5fls 
<MinistryEconomy>|2013-06-24|10:37:42|0|0|0|0|0|0|0|0|0|0|0|0|0|0|1|0|RT @KremlinRussia: Андрей Белоусов назначен помощником Президента http://t.co/MXflvDSQJ2 
<MinistryEconomy>|2013-06-24|10:38:05|0|0|0|0|0|0|0|0|0|0|0|0|0|0|0|0|Андрей Белоусов назначен помощником Президента http://t.co/4xBrGlLVoc 
<MinistryEconomy>|2013-06-25|12:19:02|0|0|0|0|0|0|0|0|0|0|0|1|0|2|1|0|RT @AVBorodin: И.Шувалов представил министра @MinistryEconomy А.Улюкаева. Сегодня в 16.00 иду докладывать о работе Департамента. http://t.co/JCmD8nbUrc 
<MinistryEconomy>|2013-06-25|12:39:39|0|0|0|0|0|0|0|0|0|0|0|0|0|0|0|0|Первый заместитель Председателя Правительства Игорь Шувалов представил сотрудникам Минэкономразвития Министра... http://t.co/Lk9Pnp8nzR 
<MinistryEconomy>|2013-06-25|12:55:59|0|0|0|0|0|0|0|0|0|0|0|0|0|0|0|0|Министр экономического развития Алексей Улюкаев http://t.co/UtS1RwDnLT 
<MinistryEconomy>|2013-06-25|14:14:13|0|0|0|0|0|0|0|0|0|0|0|0|0|0|0|0|Полная видеозапись мероприятия http://t.co/0Qx32sFJtx 
<MinistryEconomy>|2013-06-25|16:19:14|0|0|0|0|0|0|0|0|0|0|0|0|0|1|0|0|Министр Алексей Улюкаев:  "России необходимо максимально стимулировать несырьевой экспорт, чтобы занимать... http://t.co/YpAnfW7rmv 
<MinistryEconomy>|2013-06-26|11:39:20|0|0|0|0|0|0|0|0|0|0|1|0|0|1|0|0|Директор Департамента развития малого и среднего предпринимательства и конкуренции Наталья Ларионова:... http://t.co/4QDfEDzG7n 
<MinistryEconomy>|2013-06-26|12:07:47|0|0|0|0|0|0|0|0|0|0|0|0|1|4|0|0|Минэкономразвития дало отрицательное заключение на законопроект о введении в РФ до 2016 года инновационных... http://t.co/Ng1JpWYe48 
<MinistryEconomy>|2013-06-26|15:42:06|0|0|0|1|0|0|0|0|0|0|0|0|0|3|0|0|Заключение об оценке регулирующего воздействия на проект распоряжения Правительства Российской Федерации о... http://t.co/Rg6uAaLEAy |Российской Федерацией
<MinistryEconomy>|2013-06-26|17:31:25|0|0|0|0|0|0|0|0|0|0|0|0|1|3|1|0|RT @Pravitelstvo_RF: К 2018 году около четверти закупок компаний с госучастием должны обеспечиваться малыми и средними предприятиями http://t.co/oP4lNRrrs5 
<MinistryEconomy>|2013-06-27|08:13:47|0|1|0|0|0|0|0|0|0|0|1|1|0|2|1|0|RT @AVBorodin: Сегодня министр @MinistryEconomy А.Улюкаев представляет в @GovernmentRF проект программы приватизации на 2014-2016 гг. Ожидаем одобрения. 
<MinistryEconomy>|2013-06-27|11:56:27|0|0|0|0|0|0|0|0|0|0|2|0|0|1|0|0|Министр Алексей Улюкаев представит сегодня на заседании правительства проект программы приватизации на 2014-2016 гг. 
<MinistryEconomy>|2013-06-27|12:37:27|0|0|0|0|0|0|0|0|0|0|0|0|0|1|0|0|Улюкаев:предполагается выход для компаний несырьевого сектора 
<MinistryEconomy>|2013-06-27|12:40:11|0|0|0|0|0|0|0|0|0|0|1|0|0|2|0|0|Улюкаев:порядка 30% унитарных предприятий не включается в проект приватизации 
<MinistryEconomy>|2013-06-27|12:41:19|0|0|0|0|0|0|0|0|0|0|1|0|0|2|0|0|Улюкаев:в основном включены в программу предприятия, в которых доля государства 100% 
<MinistryEconomy>|2013-06-27|12:42:52|0|0|0|0|0|0|0|0|0|0|1|0|0|4|0|0|Улюкаев:следует рассмотреть вопрос об отмене ограничений на приватизацию, это позволит приватизировать еще 217 унитарных предприятий 
<MinistryEconomy>|2013-06-27|12:43:17|0|0|0|0|0|0|0|0|0|0|1|0|0|1|0|0|Улюкаев:были разработаны дорожные карты приватизации совместно с отраслевыми ведомствами 
<MinistryEconomy>|2013-06-27|12:43:41|0|0|1|0|0|0|0|0|0|0|0|0|0|0|0|0|Улюкаев:предлагаем приватизировать Ростелеком полностью 
<MinistryEconomy>|2013-06-27|12:44:31|0|0|2|0|0|0|0|0|0|0|0|0|0|1|0|0|Улюкаев:сохранены планы в отношении РЖД,Роснефть,Уралвагонзавод,РАО ЕЭС 
<MinistryEconomy>|2013-06-27|12:45:57|0|0|0|0|0|0|0|0|0|0|0|0|0|2|0|0|Улюкаев:внесены предложения по сохранению 25% в Алроса 
<MinistryEconomy>|2013-06-27|12:46:51|0|0|0|0|0|0|0|1|0|0|0|0|1|1|0|0|Улюкаев:фискальный эффект-1,7 триллиона рублей за 3 года 
<MinistryEconomy>|2013-06-27|12:47:18|0|0|0|0|0|0|0|0|0|0|0|0|0|1|0|0|Улюкаев:часть средств будет направлена на развитие приватизируемых компаний 
<MinistryEconomy>|2013-06-27|13:01:51|0|0|0|0|0|0|0|0|0|0|1|0|0|3|1|0|RT @AVBorodin: Всего приватизации в 2013-2016 гг. подлежит 1201 АО и 638 ФГУП. 29% АО и 41%ФГУП это непроизводственная сфера. 
<MinistryEconomy>|2013-06-27|13:01:59|0|0|0|0|0|0|0|1|0|0|1|0|1|3|1|0|RT @AVBorodin: Планируем поступлений от #приватизации до 1 трлн 700 млрд руб. За 3 года. Неплохая прибавка к бюджету 
<MinistryEconomy>|2013-06-27|13:02:18|0|0|0|0|0|0|0|0|0|0|0|0|2|4|1|0|RT @AVBorodin: Всего в собственности РФ: на 1 января 2013 г. 2337 АО и 1795 ФГУП. Рассчитываем сохранить к 2017 г. примерно 200 крупнейших компаний. 
<MinistryEconomy>|2013-06-27|13:23:21|0|0|0|0|0|0|0|0|0|0|1|0|0|2|0|0|Министр Алексей Улюкаев на заседании правительства РФ: "Минэкономразвития предлагает приватизировать полностью в... http://t.co/nQdoVpDSz9 
<MinistryEconomy>|2013-06-27|14:32:44|0|0|1|0|0|0|0|0|0|0|1|0|0|3|0|0|Министр Алексей Улюкаев на заседании правительства РФ: "Минэкономразвития не включило Россельхозбанк и ОАО... http://t.co/Ix4Ksf12J1 
<MinistryEconomy>|2013-06-27|16:21:51|0|0|0|1|0|0|0|0|0|0|0|0|1|1|0|0|Министерство экономического развития Российской Федерации представило план деятельности на 2013-2018 годы.... http://t.co/mf5J0SXgQQ |Российской Федерацией
<MinistryEconomy>|2013-06-27|16:36:51|0|0|0|1|0|0|0|0|0|0|1|0|0|2|0|0|Опубликован "Мониторинг о текущей ситуации в экономике Российской Федерации в январе-мае 2013 года"... http://t.co/1X3GYV4bPa |Российской Федерацией
<MinistryEconomy>|2013-06-27|17:17:01|0|0|0|0|0|0|0|0|0|0|0|0|0|0|0|0|http://t.co/09L660QCPY 
<MinistryEconomy>|2013-06-28|00:05:44|0|0|0|0|1|0|0|0|0|0|0|0|0|2|1|0|RT @AVBorodin: Предложения в п.8.1.1.плана @MinistryEconomy направляйте мне http://t.co/Puce64kJql каждый может поучаствовать в управл. гос. собственностью 
<MinistryEconomy>|2013-06-28|12:28:33|0|0|0|0|0|0|0|0|0|0|0|0|0|1|0|0|Заместитель Министра Андрей Клепач сделал заявление, выступая на конференции "Быть сильными: гарантии... http://t.co/XXOCpEO5Eh 
<MinistryEconomy>|2013-06-28|16:39:26|0|0|0|0|0|0|0|0|0|0|1|0|3|4|0|0|Минэкономразвития ожидает, что инфляция в июне 2013 года в годовом выражении снизится до 6,8% с 7,4% в мае.... http://t.co/fq8GWlOZlb 
<MinistryEconomy>|2013-06-30|20:38:44|0|0|1|0|0|0|0|0|0|0|0|0|0|1|0|0|Мной опубликована новая фотография на Facebook http://t.co/iah9lAE5oE 
<MinistryEconomy>|2013-06-30|21:05:50|0|0|1|0|0|0|0|0|0|0|0|0|0|1|0|0|Улюкаев рассказал о «трех моторах экономики»: эксклюзивное интервью НТВ // НТВ.Ru http://t.co/XVHnT1gPQX 
<MinistryEconomy>|2013-07-01|15:40:10|0|0|0|0|0|0|0|0|0|0|1|0|1|3|0|0|Директор Департамента государственного регулирования в экономике Алексей Херсонцев прокомментировал, как с 1 июля... http://t.co/zEOoMUUJQp 
<MinistryEconomy>|2013-07-02|11:38:12|0|0|0|0|0|0|0|0|0|0|0|0|0|0|0|0|Интервью Министра А.В. Улюкаева "РИА Новости" http://t.co/KcivaFDtij http://t.co/033R3FSd9S 
<MinistryEconomy>|2013-07-02|15:24:35|0|1|0|0|0|0|0|0|0|0|1|0|1|3|0|0|Правительство РФ в целом одобрило программу приватизации федерального имущества на 2014-2016 годы, которая... http://t.co/WSnmfmvMY5 
<MinistryEconomy>|2013-07-03|14:58:12|0|0|0|2|0|0|0|0|0|0|0|0|0|2|0|0|Директор Департамента инновационного развития Артём Шадрин выступил на саммите деловых кругов «Сильная Россия -... http://t.co/MEvgyWxyYr |Артём|Россия
<MinistryEconomy>|2013-07-03|15:13:25|0|0|0|0|0|0|0|0|0|0|0|0|0|1|0|0|Интервью заместителя Министра Алексея Лихачева для World Economic Journal http://t.co/t57IPBAk2A 
<MinistryEconomy>|2013-07-04|21:08:41|0|0|0|0|0|0|0|0|0|0|1|0|0|1|0|0|Министр А.В. Улюкаев принял участие в заседании правительства РФ. http://t.co/6PUChven0A http://t.co/8tQpjC1dsO 
<MinistryEconomy>|2013-07-05|09:13:18|0|0|0|1|0|0|0|0|0|0|0|1|0|2|0|0|Министр Алексей Улюкаев по итогам совещания, на котором Президент России поручил сформулировать комплекс мер по... http://t.co/j16ZRmR6Sn |России
<MinistryEconomy>|2013-07-05|10:07:53|0|0|0|0|0|0|0|0|0|0|0|0|0|2|1|0|RT @economy_samreg: @MinistryEconomy Олег Фомичев выступает модератором кр.стола на тему инновац.развития крупных компаний с помощью кластера #форум #самара 
<MinistryEconomy>|2013-07-05|16:12:13|0|0|0|0|0|0|0|0|0|0|1|0|0|2|0|0|Минэкономразвития совместно с региональными правительствами прорабатывает вопрос о финансовой поддержке... http://t.co/gKnJ5vgicA 
<MinistryEconomy>|2013-07-05|16:54:42|0|0|0|0|0|0|0|0|0|0|0|0|0|1|1|0|RT @economy_samreg: Подведение итогов #Форум #Самара А.Кобенко @akobenko и А.Шадрин @MinistryEconomy http://t.co/N0ZJrXzJBL 
<MinistryEconomy>|2013-07-08|10:54:49|0|0|0|0|0|0|0|0|0|0|0|0|0|0|0|0|Интервью заместителя Министра Алексея Лихачева изданию Газета.ру http://t.co/v7JTtpkPtK 
<MinistryEconomy>|2013-07-09|11:15:48|0|0|0|0|0|0|0|0|0|0|0|0|0|1|0|0|Минэкономразвития начинает публичные консультации в целях оценки регулирующего воздействия проекта постановления... http://t.co/2bB6pFirtz 
<MinistryEconomy>|2013-07-09|15:57:03|0|0|0|0|0|0|0|0|0|0|1|0|0|1|1|0|RT @economy_samreg: @i_regions: Олег Фомичев @MinistryEconomy «Самарский #форум —это площадка,где формируется кластерная политика страны» http://t.co/yXFwmwh7RE 
<MinistryEconomy>|2013-07-10|11:58:21|0|0|0|0|0|0|0|0|0|0|1|0|2|2|0|0|10-12 июля 2013 г. состоится семинар-конференция "Контрактная система. Закупки для государственных и... http://t.co/k8nfbopvGh 
<MinistryEconomy>|2013-07-10|12:41:56|0|0|0|1|0|0|0|0|0|0|0|0|0|0|0|0|Семинар-конференция Минэкономразвития России. День первый http://t.co/k1keYiweWs |России
<MinistryEconomy>|2013-07-11|08:15:02|0|0|0|0|0|0|0|0|0|0|1|0|0|3|0|0|Министр А.В. Улюкаев выступил на встрече с членами бюро правления Российского союза промышленников и предпринимателей http://t.co/3nr9fTjpvY 
<MinistryEconomy>|2013-07-12|14:36:05|0|0|0|1|0|0|0|0|0|0|0|0|1|4|0|0|Минэкономразвития России опубликовало "Мониторинг о текущей макроэкономической ситуации за период с 5 по 12 июля... http://t.co/MAcVcr5bbC |России
<MinistryEconomy>|2013-07-12|18:59:08|0|0|0|0|0|0|0|0|0|0|0|0|1|2|1|0|RT @OpenGovtRussia: @MinistryEconomy @MinSvyaz_news @MinObrNauki_ru @news_pravmos 15 июля расскажут об открытых данных в действии: http://t.co/2VifHkk3da 
<MinistryEconomy>|2013-07-15|11:31:33|0|0|0|1|0|0|0|0|0|0|0|1|0|0|0|0|Алексей Лихачев представил премьеру Армении результаты деятельности совместной рабочей группы http://t.co/AhfiKxc478 |Армении
<MinistryEconomy>|2013-07-15|12:12:05|0|0|0|0|0|0|0|0|0|0|1|1|0|5|0|0|"Недавно на встрече с бюро правления РСПП  премьер-министр РФ Дмитрий Медведев заявлял о том, что порядок... http://t.co/awscsKP77k 
<MinistryEconomy>|2013-07-16|12:12:08|0|0|1|0|0|0|0|0|0|0|0|0|1|2|0|0|ИТАР-ТАСС : Глава Минэкономразвития не ожидает рецессии до конца года http://t.co/iAsvnX7x31 
<MinistryEconomy>|2013-07-16|12:39:48|0|0|0|0|0|0|0|0|0|0|0|0|0|1|0|0|"Министр экономического развития Алексей Улюкаев считает верным решение по плавающей ставке, принятое недавно... http://t.co/TVuzTt3XyM 
<MinistryEconomy>|2013-07-17|11:52:01|0|0|0|0|0|0|0|0|0|0|1|0|0|1|0|0|Директор департамента развития малого и среднего предпринимательства и конкуренции Наталья Ларионова:... http://t.co/Omyi5zAXZJ 
<MinistryEconomy>|2013-07-17|17:45:57|0|0|0|0|0|0|0|0|0|0|1|0|1|2|0|0|Минэкономразвития подготовило документ "О распределении в 2013 году субсидий из федерального бюджета бюджетам... http://t.co/groJhi4oCA 
<MinistryEconomy>|2013-07-18|17:55:14|0|0|0|0|0|0|0|0|0|0|0|0|0|3|0|0|На сайте Минэкономразвития доступны для использования открытые данные в машиночитаемом формате по наборам:... http://t.co/1vnEoM7JwD 
<MinistryEconomy>|2013-07-21|08:35:00|0|0|1|0|0|0|0|0|0|0|1|0|1|1|0|0|ИТАР-ТАСС : Минэкономразвития: рост экономики РФ в январе-июне 2013 года составил 1,7 процентов http://t.co/Auo6FMVKHz 
<MinistryEconomy>|2013-07-23|17:47:20|0|0|0|0|0|0|0|0|0|0|1|0|1|1|0|0|Заместитель директора департамента государственного регулирования в экономике Евгений Ковтун: "До 1 января... http://t.co/AB8kdaUCAc 
<MinistryEconomy>|2013-07-24|18:06:26|0|0|0|0|0|0|0|0|0|0|1|0|1|4|0|0|Министр Алексей Улюкаев: "Сокращение инвестиций в основной капитал в июне на 2,4% с учетом сезонного и... http://t.co/e94xWZ7qvD 
<MinistryEconomy>|2013-07-25|12:14:50|0|0|0|0|0|0|0|0|0|0|1|0|0|2|0|0|Директор Департамента развития малого и среднего предпринимательства и конкуренции Наталья Ларионова об открытии... http://t.co/POOvlQ9klP 
<MinistryEconomy>|2013-07-25|16:44:25|0|0|0|0|0|0|0|0|0|0|1|0|0|1|0|0|Министр Алексей Улюкаев представил план мероприятий, направленный на повышение темпов роста российской экономики. http://t.co/sB94Kzw5Hs 
<MinistryEconomy>|2013-07-25|16:47:10|0|0|0|0|0|0|0|0|0|0|0|0|0|1|0|0|А.Улюкаев обозначил 5 шагов для повышения темпов экономического роста http://t.co/GJPQHHBzEt 
<MinistryEconomy>|2013-07-25|17:18:01|0|0|0|0|0|0|0|0|0|0|0|0|0|1|1|0|RT @Pravitelstvo_RF: Дмитрий Медведев:нужно проработать надёжные механизмы инвестирования средств ФНБ, пенсионных накоплений в окупаемыe инфраструктурные проекты 
<MinistryEconomy>|2013-07-25|17:18:21|0|0|0|0|0|0|0|0|0|0|1|0|0|0|1|0|RT @Pravitelstvo_RF: Медведев: основа долгосрочного развития -это реальный сектор. Для базовых отраслей экономики предусмотрен целый ряд мер господдержки. 
<MinistryEconomy>|2013-07-26|14:27:37|0|0|0|0|0|0|0|0|0|0|0|0|0|3|0|0|Минэкономразвития и ФЦПФ подписали соглашение о взаимодействии во внешнеэкономической сфере http://t.co/WqvXgPUUXo 
<MinistryEconomy>|2013-07-26|14:42:02|0|0|0|1|0|0|0|0|0|0|2|0|0|2|0|0|Департамент развития контрактной системы Минэкономразвития России и образовательный портал о контрактной системе... http://t.co/oYlBW4dSrj |России
<MinistryEconomy>|2013-07-26|16:52:18|0|0|0|1|0|0|0|0|0|0|0|0|0|1|0|0|В соответствии с Планом мероприятий («дорожная карта») «Открытые данные Российской Федерации» Минэкономразвития... http://t.co/fq5wnvB28e |Российской Федерацией
<MinistryEconomy>|2013-07-26|17:01:51|0|0|0|0|0|0|0|0|0|0|0|0|0|0|0|0|Обсуждаем Концепцию портала открытых данных https://t.co/4ZvVsX6neG 
<MinistryEconomy>|2013-07-29|18:29:07|0|0|0|0|0|0|0|0|0|0|0|0|0|3|0|0|Расписание семинаров для специалистов в области государственного и муниципального заказа http://t.co/i8i1NYatP0 
<MinistryEconomy>|2013-07-30|11:04:18|0|0|0|0|0|0|0|0|0|0|1|0|0|1|0|0|Директор Департамента развития малого и среднего предпринимательства и конкуренции Наталья Ларионова: «Степень... http://t.co/2e12uSY4be 
<MinistryEconomy>|2013-07-31|13:55:05|0|0|0|0|0|0|0|0|0|0|1|0|2|3|0|0|С 1 января 2014 года информация о проведении конкурсов на право заключения концессионного соглашения и аукционов... http://t.co/go4ftO9ihc 
<MinistryEconomy>|2013-07-31|16:39:53|0|0|0|0|0|0|0|0|0|0|0|0|1|2|0|0|Министр Алексей Улюкаев: "Мы рассчитываем, что до конца этого года будет сформирована электронная кадастровая... http://t.co/8TNTIYbUWW 
<MinistryEconomy>|2013-08-01|10:19:36|0|0|0|0|0|0|0|0|0|0|1|0|0|1|0|0|О плане мероприятий, направленных на повышение темпов роста российской экономики http://t.co/4TB9eAQxIi 
<MinistryEconomy>|2013-08-01|10:23:52|0|0|0|1|0|0|0|0|0|0|0|0|0|0|0|0|Елин Евгений Иванович назначен заместителем Министра экономического развития Российской Федерации http://t.co/IDLUktVmG3 |Российской Федерацией
<MinistryEconomy>|2013-08-02|10:35:22|0|0|0|1|0|0|0|0|0|0|0|0|0|3|0|0|Минэкономразвития России подготовило поправки по регулированию долгосрочных тарифов на железнодорожные и грузовые... http://t.co/u9WIyU3XaC |России
<MinistryEconomy>|2013-08-02|11:29:44|0|0|0|0|0|0|0|0|0|0|0|0|1|1|0|0|Министр Алексей Улюкаев: "К 2020 году предполагается открыть не менее 50 локализованных действующих... http://t.co/JbB2pFQdLE 
<MinistryEconomy>|2013-08-05|10:02:26|0|0|0|0|0|0|0|0|0|0|0|0|0|1|0|0|Заместитель Министра Сергей Беляков принял участие в  IV Международном инвестиционном форуме «Индустриальные... http://t.co/IKeFqGND0n 
<MinistryEconomy>|2013-08-05|16:26:51|0|0|0|0|0|0|0|0|0|0|1|0|0|1|0|0|Директор департамента развития малого и среднего предпринимательства и конкуренции Наталья Ларионова:... http://t.co/pFebNAw7wu 
<MinistryEconomy>|2013-08-06|11:37:51|0|0|0|0|0|0|0|0|0|0|1|0|0|1|0|0|О налоговых каникулах для малого бизнеса http://t.co/0duTo2R5Fd 
