<MNR_Government>|2012-08-16|10:21:11|0|0|0|0|0|0|0|0|0|0|0|0|0|1|0|0|Приветствуем читателей Твиттера! Надеемся, что наши новости будут вам интересны! 
<MNR_Government>|2012-08-16|12:55:41|0|0|0|0|0|0|0|0|0|0|0|0|2|2|0|0|Закон "Об отходах производства и потребления" будет доработан. Поправки планируется принять в октябре 2012 года. http://t.co/vZCQ8SeD 
<MNR_Government>|2012-08-16|12:56:50|0|0|0|0|0|0|0|0|0|0|0|0|0|2|0|0|Это позволит сократить количество отходов, направляемых на захоронение, и будет способствовать экономии материальных и природных ресурсов. 
<MNR_Government>|2012-08-16|12:59:37|0|0|0|0|0|0|0|0|0|0|0|0|0|2|0|0|Министр природных ресурсов и экологии РФ Сергей Донской намерен повысить штрафы за несанкционированное размещение твердых бытовых отходов. 
<MNR_Government>|2012-08-16|13:01:18|0|0|0|1|0|0|0|0|0|0|0|0|0|5|0|0|«Проблема с отходами стала для России почти исторической. Необходимы реформы на законодательном уровне", - считает глава Минприроды. |России
<MNR_Government>|2012-08-16|13:13:23|0|0|0|0|0|0|0|0|0|0|0|0|0|0|0|1|@kuminaidoo wish you the best of everything! 
<MNR_Government>|2012-08-16|13:14:22|0|0|0|0|0|0|0|0|0|0|0|0|0|0|1|0|RT @kuminaidoo: Our calls @Greenpeace slowly being heard: meeting today with the Russian Minister for Natural Resources &amp; Environment #JustGettingStarted 
<MNR_Government>|2012-08-17|15:33:52|0|0|0|0|0|0|0|0|0|0|1|0|1|2|0|0|ФЦП «Охрана озера Байкал и социально-экономическое развитие природной территории до 2020 г.» одобрена правительством РФ http://t.co/hqPo7bes 
<MNR_Government>|2012-08-17|15:35:16|0|0|0|0|0|0|0|0|0|0|0|0|0|3|0|0|За счет строительства и модернизации 62-х объектов водоотведения планируется сократить на 70% поступление в Байкал загрязняющих сточных вод 
<MNR_Government>|2012-08-17|15:39:47|0|0|0|0|0|0|0|0|0|0|0|0|0|3|0|0|Будут ликвидированы накопленные последствия промышленного производства на шести объектах, включая Байкальский ЦБК и Джидинский комбинат 
<MNR_Government>|2012-08-17|15:42:23|0|0|0|0|0|0|0|0|0|0|0|0|1|2|0|0|К 2020 году планируется построить 49 объектов по утилизации и размещению отходов, 24 пожарно-химические станции, 170 км берегоукреплений 
<MNR_Government>|2012-08-17|15:46:51|0|0|0|0|0|0|0|0|0|0|0|0|0|2|0|0|Кроме того, Байкальская природная территория будет охвачена экологическим мониторингом на 100 процентов. 
<MNR_Government>|2012-08-25|15:14:37|0|0|0|2|0|0|0|0|0|0|0|0|0|3|0|0|Минприроды России и Германии обсудили реализацию совместных проектов, в частности, внедрение НДТ с целью защиты климата http://t.co/SvA4crQz |России|Германии
<MNR_Government>|2012-08-25|15:17:59|0|0|0|0|0|0|0|0|0|0|0|0|0|2|0|0|Экологический мониторинг российской секции «Северного потока» не обнаружил существенного влияния на водную среду. http://t.co/w4OypMsU 
<MNR_Government>|2012-08-25|15:20:13|0|0|0|0|0|0|0|0|0|0|0|0|0|1|0|0|Сергей Донской обсудил создание Российско-Китайского инвестиционного фонда с Китайской инвестиционной корпорацией. http://t.co/aMHcTJrO 
<MNR_Government>|2012-08-25|15:24:29|0|0|0|0|0|0|0|0|0|0|1|0|0|3|0|0|Сергей Донской - о программе правительства РФ по "генеральной уборке" Арктики (интервью телеканалу "Россия"). https://t.co/V77sjGvW 
<MNR_Government>|2012-08-27|21:03:33|0|0|0|0|0|0|0|1|0|0|0|0|0|0|0|0|http://t.co/dX3uttkF Сергей Донской: На охрану озера Байкал потратят 58 миллиардов рублей 
<MNR_Government>|2012-08-27|21:04:29|0|0|0|0|0|0|0|0|0|0|0|0|0|1|0|0|http://t.co/Ln9Go389 За неделю на территории РФ ликвидировано 264 несанкционированных свалки твердых бытовых отходов на общей площади 52 га 
<MNR_Government>|2012-08-28|16:44:14|0|0|0|1|0|0|0|0|0|0|1|0|0|1|0|0|http://t.co/un41Thqf Директором департамента государственной политики в области лесного хозяйства Минприроды России назначен Юрий Гагарин. |России
<MNR_Government>|2012-08-31|20:15:14|0|0|0|0|0|0|0|0|0|0|1|0|0|2|0|0|Указом председателя правительства РФ территория Северо-Осетинского заповедника увеличена более чем на 1,7 тысяч га. http://t.co/UiNu7bPr 
<MNR_Government>|2012-08-31|20:18:29|0|0|0|1|0|0|0|0|0|0|0|1|0|2|0|0|Заместитель министра Владимир Лебедев провел совещание по сохранению популяции сайгака в Северо-Западном Прикаспии. http://t.co/ocNZU37H |Владимир
<MNR_Government>|2012-09-03|14:15:53|0|0|0|1|0|0|0|0|0|0|0|0|0|2|0|0|В рамках программы по очистке Арктики глава Минприроды России Сергей Донской совершил поездку на Землю Франца-Иосифа. http://t.co/Eu3QZdl4 |России
<MNR_Government>|2012-09-11|12:34:26|0|0|0|1|0|0|0|0|0|0|0|0|0|0|0|0|Глава Минприроды России Сергей Донской поручил обеспечить строгое выполнение требований заявочной книги «Сочи-2014». http://t.co/tlePwMza |России
<MNR_Government>|2012-09-11|12:35:58|0|0|0|0|0|0|0|0|0|0|0|0|0|1|0|0|За прошедшую неделю на территории РФ ликвидировано 297 несанкционированных свалок ТБО на общей площади 30 га. http://t.co/nzKGJUwF 
<MNR_Government>|2012-09-20|14:52:00|0|0|0|2|0|0|0|0|0|0|0|0|0|2|0|0|Россия и Казахстан подписали соглашение по охране, воспроизводству и использованию Волго-Уральской группировки сайгака. http://t.co/ZfY4Cglu |Россия|Казахстан
<MNR_Government>|2012-09-25|17:54:07|0|0|0|1|0|0|0|0|0|0|0|0|0|1|0|0|Глава Минприроды России Сергей Донской провел совещание по вопросам проектирования национального парка «Хибины». http://t.co/dvY7eYoL |России
<MNR_Government>|2012-09-25|17:59:21|0|0|0|0|0|0|0|0|0|0|0|0|0|1|0|0|Участники совещания обсудили экологические угрозы проектируемому нацппарку "Хибины", связанные с разработкой месторождения «Партомчорр». 
<MNR_Government>|2012-09-25|18:00:57|0|0|0|1|0|0|0|0|0|0|0|0|0|2|0|0|Сергей Донской принял решение вынести проекты дороги к месторождению «Партомчорр» на обсуждение общественного совета Минприроды России. |России
<MNR_Government>|2012-09-25|18:12:10|0|0|0|0|0|0|0|0|0|0|0|0|0|1|0|0|За прошедшую неделю на территории РФ ликвидировано 1242 незаконные свалки твердых бытовых отходов общей площадью 231 га http://t.co/TBeUgQhl 
<MNR_Government>|2012-09-28|16:44:08|0|0|0|1|0|0|0|0|0|0|0|0|0|2|0|0|Минприроды России выражает обеспокоенность в связи с возобновлением работы химкинского полигона твердых бытовых отходов http://t.co/uLwE4fXz |России
<MNR_Government>|2012-09-28|16:45:52|0|0|0|0|0|0|0|0|0|0|1|1|0|2|0|0|Заместитель министра Ринат Гизатулин поручил Росприроднадзору в недельный срок провести проверку и выявить лиц, виновных в нарушении закона 
<MNR_Government>|2012-09-29|12:00:25|0|1|0|1|0|0|0|0|0|0|1|0|0|1|0|0|Общественный совет при Минприроды России одобрил три законопроекта, подготовленные министерством. http://t.co/SGarLrEq |России
<MNR_Government>|2012-09-29|12:03:09|0|0|0|1|0|0|0|0|0|0|0|0|0|4|0|0|Первый законопроект направлен на выполнение обязательств России по Монреальскому протоколу и Венской конвенции об охране озонового слоя. |России
<MNR_Government>|2012-09-29|12:07:04|0|0|0|0|0|0|0|0|0|0|0|0|0|3|0|0|Второй - направлен на метеорологическое обеспечение работы высокоширотных полярных экспедиций, гражданской и экспериментальной авиации. 
<MNR_Government>|2012-09-29|12:09:21|0|0|0|0|0|0|0|0|0|0|0|0|1|6|0|0|Третий - вносит изменения в ФЦП по развитию водохозяйственного комплекса РФ и нацелен на комплексное восстановление к 2014 году реки Мзымты. 
<MNR_Government>|2012-10-01|17:50:44|0|0|0|0|0|0|0|0|0|0|0|0|0|1|0|0|Росприроднадзор рекомендовал предприятиям ХМАО приостановить переработку шламов с использованием природного газа. http://t.co/BfThUxkx 
<MNR_Government>|2012-10-01|17:53:47|0|0|0|0|0|0|0|0|0|0|0|0|1|3|0|0|Решение было принято в связи с пожаром 29 сентября в цехе по переработке нефтяных отходов «Инвест Ойл», в котором погибли 8 человек. 
<MNR_Government>|2012-10-01|17:55:30|0|1|0|0|0|0|0|0|0|0|0|0|0|0|0|0|Глава Минприроды Сергей Донской поручил проверить обоснованность получения заводом положительного заключения экоэкспертизы Росприроднадзора. 
<MNR_Government>|2012-10-08|18:54:03|0|0|0|1|0|0|0|0|0|0|0|0|0|2|0|0|В Минприроды подвели итоги визита делегации Организации экономического сотрудничества и развития в Россию. http://t.co/IwQopTat |Россию
<MNR_Government>|2012-10-08|18:55:39|0|0|0|0|0|0|0|0|0|0|0|0|0|1|0|0|Эксперты посетили Среднеуральский медеплавильный и Первоуральский трубный заводы, Широкореченский полигон ТБО, водоканал Екатеринбурга. 
<MNR_Government>|2012-10-08|18:59:54|0|0|0|1|0|1|0|0|0|0|0|0|0|5|0|0|Глава делегации Саймон Аптон сообщил: "Поездка была для нас очень важна. Мы хотели на практике понять позиции России по вступлению в ОЭСР". |России
<MNR_Government>|2012-10-08|19:01:42|0|0|0|1|0|0|0|0|0|0|0|0|0|3|0|0|Замглавы Минприроды Ринат Гизатулин отметил, что Россия заинтересована во вступлении в ОЭСР: «Это повысит значение природоохранных активов» |Россия
<MNR_Government>|2012-10-08|19:03:18|0|0|0|1|0|0|0|0|0|0|0|0|0|1|0|0|За прошедшую неделю на территории России ликвидировано 2160 несанкционированных свалок ТБО общей площадью 190 га. http://t.co/6444lzdr |России
<MNR_Government>|2012-10-10|17:01:39|0|0|0|1|0|0|0|0|0|0|0|0|1|3|0|0|Все запланированные на 2012 год работы по сбору отходов на острове Земля Александры полностью выполнены. http://t.co/KycliwGT |острове Мэн
<MNR_Government>|2012-10-10|17:03:12|0|0|0|1|0|0|0|0|0|0|0|0|0|2|0|0|Министр Сергей Донской посетил Арктический и антарктический научно-исследовательский институт в Санкт-Петербурге. http://t.co/YUf3WgPs |Санкт-Петербурге
<MNR_Government>|2012-10-10|17:04:54|0|0|0|0|0|0|0|0|0|0|0|0|0|1|0|0|Сергей Донской принял участие в церемонии передачи Росгидромету научно-экспедиционного судна «Академик Трёшников». http://t.co/iZgnEaCm 
<MNR_Government>|2012-10-15|16:15:57|0|0|0|1|0|0|0|0|0|0|0|0|0|3|0|0|Сергей Донской провел заседание российской части СМПК по торгово-экономическому сотрудничеству между РФ и ЮАР. http://t.co/dTJue3fr |ЮАР
<MNR_Government>|2012-10-15|16:17:28|0|0|0|1|0|0|0|0|0|0|0|0|0|1|0|0|На территории России выявлено 40974 несанкционированные свалки твердых бытовых отходов на общей площади 13151 га. http://t.co/WX6uBvS0 |России
<MNR_Government>|2012-10-18|17:46:46|0|0|0|1|0|0|0|0|0|0|0|0|0|2|0|0|http://t.co/fMXgPGWb Минприроды России награждено Медалью Почета ЮНЕП в знак признания заслуг по защите озонового слоя Земли. |России
<MNR_Government>|2012-10-18|17:48:27|0|0|0|1|0|0|0|0|0|0|0|0|0|1|0|0|http://t.co/TnA71mPM Глава Минприроды России Сергей Донской провел встречу с руководством золотодобывающей компании Kinross Gold Corporation |России
<MNR_Government>|2012-10-18|17:49:29|0|0|0|1|0|0|0|0|0|0|0|0|1|1|0|0|http://t.co/pX4enXKD Правительством РФ одобрена разработанная Минприроды России госпрограмма «Охрана окружающей среды» на 2012-2020 годы. |России
<MNR_Government>|2012-10-18|17:51:37|0|0|0|0|0|0|0|0|0|0|0|0|1|3|0|0|Благодаря реализации программы к 2020 году будут значительно сокращены объемы выбросов загрязняющих веществ и отходов на единицу ВВП. 
<MNR_Government>|2012-10-18|17:52:55|0|0|0|0|0|0|0|0|0|0|0|0|0|2|0|0|В 2,7 раза будет снижено количество городов с высоким и очень высоким уровнем загрязнения атмосферного воздуха. 
<MNR_Government>|2012-10-18|17:55:41|1|0|0|0|0|0|0|0|0|0|0|0|0|3|0|0|Будут реализованы не менее 10 проектов по ликвидации накопленного ущерба. Это позволит реабилитировать около 27 кв. км загрязненных земель.  
<MNR_Government>|2012-10-18|17:56:51|0|0|0|0|0|0|0|0|0|0|1|0|0|2|0|0|Во всех городах с населением более 100 тысяч человек будет создана система наблюдений за загрязнением атмосферного воздуха. 
<MNR_Government>|2012-10-18|18:00:20|0|0|0|1|0|0|0|0|0|0|0|0|0|1|0|0|Появятся более 30 новых заповедников, нацпарков и федеральных заказников. Таким образом более 13,5% территории России будет занято ООПТ. |России
<MNR_Government>|2012-10-24|16:52:35|0|0|0|0|0|0|0|0|0|0|0|0|0|2|0|0|Министр природных ресурсов и экологии РФ Сергей Донской открыл VII Всероссийский съезд геологов в Кремле. http://t.co/a7MDv5ez 
<MNR_Government>|2012-10-24|16:55:52|0|0|0|1|0|0|0|0|0|0|0|0|0|3|0|0|Донской обозначил задачи, стоящие перед геологической отраслью – освоение Восточной Сибири, Дальнего Востока и континентального шельфа. |Дальнего Востока
<MNR_Government>|2012-10-24|16:59:07|0|0|0|0|0|0|0|0|0|0|0|0|0|4|0|0|В съезде геологов принимают участие около 2 тыс. делегатов из 83 субъектов РФ и 1,4 тыс. гостей – представителей науки, производства и т.д. 
<MNR_Government>|2012-10-24|17:11:59|0|0|0|1|0|0|0|0|0|0|1|0|1|3|0|0|В России в 2013 году будет введена уголовная ответственность за добычу, оборот и транспортировку краснокнижных животных http://t.co/jguiuqbL |России
<MNR_Government>|2012-10-24|22:35:47|0|0|0|1|0|0|0|0|0|0|1|0|0|2|0|0|Двое белых кречетов переданы комендатуре Московского Кремля от министерства природных ресурсов и экологии РФ. http://t.co/yGFFcSeZ |Московского района
<MNR_Government>|2012-10-24|22:36:29|0|0|0|2|0|0|0|0|0|0|0|0|1|3|0|0|Птицы были изъяты у контрабандистов московской таможней в аэропорту Домодедово в 2010 г. при попытке вывоза в Объединенные Арабские Эмираты. |Домодедово|Объединенные Арабские Эмираты
<MNR_Government>|2012-10-24|22:37:41|0|1|0|1|0|0|1|0|0|0|0|0|0|3|0|0|Кречеты прошли реабилитацию во Всероссийском НИИ охраны природы. Теперь они будут присутствовать на всех праздниках Московского Кремля. |Московского района
<MNR_Government>|2012-10-24|22:39:10|0|0|0|1|0|0|0|0|0|0|0|0|1|1|0|0|25-28 октября при поддержке Минприроды России пройдет 13-я Международная выставка «Охота. Рыбалка.Отдых». http://t.co/Q8igKjz8 |России
<MNR_Government>|2012-10-25|13:22:14|0|0|0|0|0|0|0|0|0|0|1|0|0|2|0|0|"Государство должно получать от бизнеса по максимуму". Интервью главы Минприроды Сергея Донского газете "Коммерсантъ". http://t.co/hDARyWNe 
<MNR_Government>|2012-10-25|13:24:25|0|0|0|0|0|0|0|0|0|0|0|0|0|1|0|0|Кремль будут охранять кречеты, изъятые у контрабандистов. Сюжет программы "Вести". http://t.co/bhvnPRkk 
<MNR_Government>|2012-10-25|13:26:37|0|0|0|0|0|0|0|0|0|0|0|0|1|2|0|0|Минприроды ожидает воспроизводства запасов по итогам геологоразведочных работ в 2012 году. http://t.co/vuouFQk7 
<MNR_Government>|2012-10-25|15:30:23|0|0|0|2|0|0|0|0|0|0|0|0|0|1|0|0|Россия и Казахстан начали совместное изучение и разведку трансграничного газоконденсатного месторождения «Имашевское». http://t.co/1XpL4WFw |Россия|Казахстан
<MNR_Government>|2012-10-27|18:46:34|0|0|0|0|0|0|0|0|0|0|0|0|0|0|0|0|Объявлена проверка эффективности использования программного продукта Росприроднадзора «Модуль природопользователя». http://t.co/04L6HTF4 
<MNR_Government>|2012-10-27|18:47:10|1|0|0|0|0|0|0|0|0|0|0|0|0|3|0|0|Программа создана для расчета платы за негативное воздействие на окружающую среду. Данные представляются организациями-плательщиками. 
<MNR_Government>|2012-10-27|18:49:26|0|0|0|0|0|0|0|0|0|0|0|0|0|5|0|0|Знакомство с программой - на сайте Росприроднадзора http://t.co/r95DZH0O. Предложения и замечания присылайте по адресу: ermishina@mnr.gov.ru 
<MNR_Government>|2012-10-27|18:50:03|0|0|0|0|0|0|1|0|0|0|1|0|0|3|0|0|По результатам проверки министерство рассмотрит поступившие обращения по доработке программного продукта и вопросы его применения. 
<MNR_Government>|2012-10-29|15:54:25|0|0|0|0|0|0|0|0|0|0|0|0|0|2|0|0|http://t.co/8BzVszsp Подписан контракт на разведку глубоководных полиметаллических сульфидов в районе Атлантического океана. 
<MNR_Government>|2012-10-29|15:55:40|0|0|0|0|0|0|0|0|0|0|0|0|0|1|0|0|http://t.co/uqiIlr1k На территории РФ выявлено 41610 несанкционированных свалок твердых бытовых отходов на общей площади 13349 га. 
<MNR_Government>|2012-10-29|18:18:32|0|0|0|0|0|0|0|0|0|0|0|0|1|3|0|0|Общественный совет при Минприроды рассмотрел госпрограмму воспроизводства и использования природных ресурсов до 2020 г. http://t.co/ZaZvmLIe 
<MNR_Government>|2012-11-01|13:41:02|0|0|0|0|0|0|0|0|0|0|0|0|0|1|0|0|Минприроды просит Генпрокуратуру отменить передачу земель коммерсантам, санкционированную накануне отставки Громовым. http://t.co/hRPG6vib 
<MNR_Government>|2012-11-01|13:44:20|0|0|0|0|0|0|0|0|0|0|0|0|0|2|0|0|Ученые РФ доказывают принадлежность хребтов Ломоносова и Менделеева к российскому континентальному шельфу. http://t.co/eTXHBGK7 
<MNR_Government>|2012-11-16|13:14:21|0|0|0|0|0|0|0|0|0|0|0|1|0|0|0|0|http://t.co/jidOASkd Заместитель министра Ринат Гизатулин провёл заседание комиссии Инструмента поддержки проектов Арктического совета. 
<MNR_Government>|2012-11-16|13:15:59|0|1|0|2|0|0|0|0|0|0|0|0|0|2|0|0|Россия и ЮАР договорились о совместной добыче полезных ископаемых. http://t.co/Pq4rsWjL |Россия|ЮАР
<MNR_Government>|2012-11-16|13:17:43|0|0|0|0|0|0|0|0|0|0|0|0|0|1|0|0|http://t.co/95ebrU71 Кроноцкий заповедник первым получил сертификат соответствия требованиям ФЗ «Об основах туристской деятельности в РФ». 
<MNR_Government>|2012-11-20|14:26:50|0|0|0|0|0|0|0|0|0|0|0|0|1|0|0|0|http://t.co/fprgps9O Национальный парк «Югыд ва» (Республика Коми) подвел итоги туристического сезона 2012 года. 
<MNR_Government>|2012-11-20|14:27:33|0|0|0|0|0|0|0|0|0|0|0|0|0|1|0|0|http://t.co/r7rO56JP За прошедшую неделю на территории РФ ликвидировано 1040 несанкционированных свалок ТБО на общей площади 56 га. 
<MNR_Government>|2012-11-20|14:32:04|0|0|0|0|0|0|0|0|0|0|0|0|1|2|0|0|Состоялось заседание экспертной группы по доработке государственной программы «Развитие лесного хозяйства» до 2020 г. http://t.co/2E1OD4YM 
<MNR_Government>|2012-11-20|14:33:46|0|0|0|0|0|0|1|0|0|0|0|0|0|4|0|0|Цель программы – повысить эффективность использования, защиты и воспроизводства лесов при гарантированном сохранении их экопотенциала. 
<MNR_Government>|2012-11-20|14:34:39|0|0|0|1|0|0|0|0|0|0|0|0|1|3|0|0|Программа «Развитие лесного хозяйства» до 2020 года размещена на сайте Минприроды России для общественного обсуждения. http://t.co/XoyAU34L |России
<MNR_Government>|2012-11-20|14:43:44|0|0|0|0|0|0|0|0|0|0|0|0|0|3|0|0|http://t.co/j2SyEopD Рассмотрены заявки на участие в открытом конкурсе по ликвидации отходов, накопленных Байкальским ЦБК. 
<MNR_Government>|2012-11-20|14:46:28|0|0|0|0|0|0|0|0|0|0|0|0|0|2|0|0|http://t.co/YQGJoXFC Министр Сергей Донской примет участие в заседании Совета в области охраны природы при Интеграционном комитете ЕврАзЭс. 
<MNR_Government>|2012-11-21|14:25:24|0|0|0|1|0|0|0|0|0|0|0|0|1|3|0|0|http://t.co/Vcd6TRx9 Подготовлен проект Стратегии сохранения редких видов животных и растений в Российской Федерации до 2030 года. |Российской Федерацией
<MNR_Government>|2012-11-21|14:27:05|0|0|0|0|0|0|0|0|0|0|0|0|0|3|0|0|Проект Стратегии открыт к общественному обсуждению и доступен на официальном сайте Минприроды России: http://t.co/TlkMTVu7 
<MNR_Government>|2012-11-21|14:44:00|0|1|0|1|0|0|0|0|0|0|0|0|0|1|0|0|http://t.co/P5lDjWo2 Минприроды России выступило с инициативой учреждения профессионального праздника «День охотника». |России
<MNR_Government>|2012-11-21|14:45:15|0|0|0|1|0|0|0|0|0|0|0|1|0|3|0|0|Проект указа президента РФ разработан в целях поддержки работников охотничьего хозяйства, а также национальных обычаев народов России. |России
<MNR_Government>|2012-11-23|14:11:15|0|0|0|2|0|0|0|0|0|0|1|0|0|2|0|0|http://t.co/XUaXgz0u Главы природоохранных министерств России и Китая подвели итоги сотрудничества в области охраны окружающей среды. |России|Китая
<MNR_Government>|2012-11-23|14:11:58|0|0|0|0|0|0|0|0|0|0|0|0|0|0|0|0|http://t.co/l2E1JXhT Национальный парк «Русская Арктика» (Архангельская область) подвёл итоги Комплексной научной экспедиции. 
<MNR_Government>|2012-11-23|14:13:33|0|0|0|1|0|0|0|0|0|0|0|0|1|1|0|0|http://t.co/xVGUJMi2 В 2013 году в Санкт-Петербурге будет создан Координационный техцентр ЕврАзЭС в области охраны атмосферного воздуха. |Санкт-Петербурге
<MNR_Government>|2012-11-23|14:20:58|0|0|0|1|0|0|0|0|0|0|0|0|0|1|0|0|http://t.co/bpkidEzO На территории Российской Федерации выявлено 43356 несанкционированных свалок ТБО на общей площади 13560 га. |Российской Федерацией
<MNR_Government>|2012-11-23|14:22:26|0|0|0|0|0|0|0|0|0|0|0|0|1|3|0|0|http://t.co/cevaP2AH Утверждён перечень участков недр, предлагаемых в 2013 году для геологического изучения за счёт недропользователей. 
<MNR_Government>|2012-11-28|14:12:33|0|0|0|1|0|0|0|0|0|0|0|0|0|2|0|0|http://t.co/9lUiTIUT Министр Сергей Донской провел рабочую встречу с чрезвычайным и полномочным послом Монголии Идэвхтэном Долоонжином. |Монголии
<MNR_Government>|2012-11-28|14:14:52|0|0|0|1|0|0|0|0|0|0|1|0|0|3|0|0|http://t.co/8KBTA47V В Стамбуле делегация министерства приняла участие в 28-й сессии комиссии по защите среды Черного моря от загрязнения. |Стамбуле
<MNR_Government>|2012-11-28|14:16:22|0|2|0|0|0|0|0|0|0|0|0|1|1|2|0|0|Заместитель министра, председатель Черноморский комиссии в 2012 году Ринат Гизатулин был награжден почетной грамотой за успешную работу. 
<MNR_Government>|2012-11-28|14:17:54|0|0|0|0|0|0|0|0|0|0|1|0|0|3|0|0|http://t.co/zxMO5REL Министр Сергей Донской выступил в комитете Совета Федерации по аграрно-продовольственной политике и природопользованию. 
<MNR_Government>|2012-11-28|14:22:02|0|0|0|0|0|0|0|0|0|0|0|0|0|5|0|0|Одна из важнейших задач в недропользовании – утверждение государственной программы по производству и использованию природных ресурсов. 
<MNR_Government>|2012-11-28|14:24:33|0|0|0|0|0|0|0|0|0|0|0|0|1|3|0|0|В лесном хозяйстве разработана госпрограмма, направленная на развитие отрасли до 2020 года, обеспечение пожарной и санитарной безопасности. 
<MNR_Government>|2012-11-28|14:27:50|0|0|0|0|0|0|0|1|0|0|0|0|1|2|0|0|Также утверждена федеральная целевая программа развития водохозяйственного комплекса РФ до 2020 года с объемом финансирования 523 млрд руб. 
<MNR_Government>|2012-11-28|14:30:05|0|0|0|0|0|0|0|0|0|0|1|0|0|2|0|0|В охотничьем хозяйстве разрабатывается долгосрочная стратегия, ведется работа по гармонизации лесного и охотничьего законодательства. 
<MNR_Government>|2012-11-28|14:32:01|0|0|0|1|0|0|0|0|0|0|0|0|1|1|0|0|В ближайшие годы планируется создать 11 заповедников, 20 нацпарков и федеральный заказник, заповедные места охватят 3% территории России. |России
<MNR_Government>|2012-11-30|13:55:53|0|0|0|0|0|0|0|0|0|0|1|0|0|2|0|0|Правительство РФ определило полномочия федеральных органов власти по регулированию деятельности в Антарктике. http://t.co/GC4w9loz 
<MNR_Government>|2012-11-30|14:01:17|0|0|0|1|0|0|0|0|0|0|0|0|0|1|0|0|Росгидромет будет организовывать научные исследования в Антарктике, обеспечивать деятельность Российской антарктической экспедиции... |Российской Федерацией
<MNR_Government>|2012-11-30|14:02:33|0|0|0|0|0|0|0|0|0|0|0|0|0|5|0|0|... выдавать разрешения на осуществление деятельности в Антарктике, а также назначать наблюдателей для контроля данной деятельности.  
<MNR_Government>|2012-11-30|14:04:08|0|0|0|0|0|0|0|0|0|0|0|0|0|5|0|0|Минприроды будет утверждать правила по обеспечению безопасности деятельности в Антарктике и объектов, используемых при такой деятельности. 
<MNR_Government>|2012-11-30|14:14:09|0|0|0|0|0|0|0|0|0|0|0|0|0|1|0|0|Проект реконструкции «Лосиного острова» вынесли на общественные слушания. Национальный парк ждут глобальные изменения. http://t.co/OMub2yi8 
<MNR_Government>|2012-12-06|14:03:47|0|0|0|1|0|0|0|0|0|0|0|0|1|3|0|0|До 2020 года в России появится еще 11 новых заповедников и 19 национальных парков. http://t.co/9I10PJda |России
<MNR_Government>|2012-12-06|14:04:13|0|0|0|0|0|0|0|0|0|0|1|0|1|2|0|0|С начала девяностых годов общая площадь сети ООПТ в нашей стране увеличилась на 80%. Мы продолжим совершенствование природоохранной системы. 
<MNR_Government>|2012-12-06|14:05:32|0|0|0|0|0|0|0|0|0|0|0|0|3|3|0|0|В последние три года финансирование ООПТ выросло в 2,4 раза. В 2012 году объемы общих затрат ООПТ был на 78% больше, чем в предыдущие годы. 
<MNR_Government>|2012-12-06|14:26:36|0|0|0|1|0|0|0|0|0|0|0|0|1|3|0|0|Прошло совещание по подготовке Всемирного форума по защите снежного барса, который пройдет в 2013 году в Киргизии. http://t.co/fsqa2Kxt |Киргизии
<MNR_Government>|2012-12-06|14:28:22|0|0|0|1|0|0|0|0|0|0|0|0|1|3|0|0|Минприроды поделилось опытом организации в 2010 году Международного форума по сохранению тигра под председательством Владимира Путина. |Владимира
<MNR_Government>|2012-12-06|14:30:06|0|0|0|1|0|0|0|0|0|0|0|0|1|2|0|0|В ходе Всемирного форума в Киргизии планируется утвердить Глобальную программу сохранения снежного барса и реализовать ее в 2013-2020 годах. |Киргизии
<MNR_Government>|2012-12-06|14:40:32|0|0|0|2|0|0|0|0|0|0|0|1|0|2|0|0|Заместитель министра Николай Попов принял участие во II Российско-Шведском инвестиционном форуме в Стокгольме. http://t.co/sJN6y8Pv |Николай|Стокгольме
<MNR_Government>|2012-12-06|14:41:11|0|0|0|1|0|0|0|0|0|0|1|0|0|2|0|0|Николай Попов выступил с презентацией «Совершенствование российского законодательства в природоохранной сфере». |Николай
<MNR_Government>|2012-12-08|15:59:39|0|0|0|0|0|0|0|0|0|0|0|0|0|1|0|0|Правительство РФ приняло проект государственной программы «Развитие лесного хозяйства» на период 2013-2020 гг. http://t.co/3rsPxwyK 
<MNR_Government>|2012-12-08|16:02:48|1|0|0|1|0|0|0|0|0|0|0|0|0|1|0|0|Программа решит целый спектр системных проблем, мешающих эффективному развитию лесного хозяйства и ЛПК России. http://t.co/2ZRcaOq8 |России
<MNR_Government>|2012-12-08|16:05:52|0|0|0|0|0|0|0|0|0|0|0|1|1|3|0|0|"К 2020 году доходность лесного хозяйства может вырасти на 40% в расчете на 1 га леса", - заявил министр Сергей Донской http://t.co/3icDO2CQ 
<MNR_Government>|2012-12-08|16:10:52|0|0|0|0|0|0|0|0|0|0|1|0|0|2|0|0|Сергей Донской поддержал инициативу экологов об увеличении штрафов за нарушение природоохранного законодательства. http://t.co/SRz0MuWs 
<MNR_Government>|2012-12-08|16:12:06|0|0|0|1|0|0|0|0|0|0|0|0|1|3|0|0|До 2020 года в России появится еще 11 новых заповедников и 19 национальных парков. http://t.co/mWQv9kLp |России
<MNR_Government>|2012-12-12|15:47:32|0|0|0|0|0|0|0|0|0|0|0|0|0|0|1|0|RT @KremlinRussia: Послание Президента Федеральному Собранию http://t.co/b8bHRVaR 
<MNR_Government>|2012-12-12|16:04:52|0|0|0|1|0|0|0|0|0|0|0|0|0|1|0|0|Сегодня в 17.05 глава Минприроды России Сергей Донской примет участие в программе "Сенат" телеканала "Россия 24". |России
<MNR_Government>|2012-12-12|16:06:13|0|0|0|1|0|0|0|0|0|0|0|0|0|1|0|0|http://t.co/xB5YRWCl Минприроды России будет устанавливать тарифы на захоронение радиоактивных отходов. |России
<MNR_Government>|2012-12-12|16:13:53|0|0|0|1|0|0|0|0|0|0|0|1|0|1|0|0|http://t.co/X92vlj7B Министр Сергей Донской провел встречу с министром минеральных ресурсов Республики Судан Камалом Абдулатифом. |Судан
<MNR_Government>|2012-12-12|16:15:44|0|0|0|0|0|0|0|0|0|0|0|0|0|1|0|0|http://t.co/ju1uIKdL Министр Сергей Донской провел встречу с исполнительным директором ЮНЕП Ахимом Штайнером. 
<MNR_Government>|2012-12-12|16:19:09|0|0|0|0|0|0|0|0|0|0|0|0|0|2|0|0|http://t.co/Us6p29ko С. Донской: «Необходимо значительно увеличить штрафы компаниям, допускающим разливы нефти при добыче и транспортировке» 
<MNR_Government>|2012-12-12|16:21:05|0|0|0|0|0|0|0|0|0|0|0|0|0|3|0|0|http://t.co/tXIVdq4H Принят протокол Тегеранской конвенции по защите Каспийского моря от загрязнения из наземных источников. 
<MNR_Government>|2012-12-19|18:26:17|0|0|0|0|0|0|0|0|0|0|1|0|0|2|0|0|http://t.co/ZQQGs0QTВ Правительство РФ внесен законопроект, направленный на обеспечение доступа граждан к водным объектам общего пользования 
<MNR_Government>|2012-12-19|19:47:35|0|0|1|1|0|0|0|0|0|0|1|0|0|1|0|0|http://t.co/1NDt5oax Госдума Федерального Собрания РФ приняла изменения в Федеральный закон "О континентальном шельфе Российской Федерации" |Российской Федерацией
<MNR_Government>|2012-12-20|17:57:43|0|0|0|0|0|0|0|0|0|0|0|0|0|2|0|0|http://t.co/nYL1bVXc Специалисты Росгидромета стали лауреатами премии Правительства РФ в области науки и техники 
<MNR_Government>|2012-12-21|14:42:44|0|0|0|0|0|0|0|0|0|0|0|0|0|1|0|0|http://t.co/xKmxJnat Опубликован доклад по экологическому мониторингу морского участка российской секции газопровода «Северный поток» 
<MNR_Government>|2012-12-21|17:28:27|0|0|0|0|0|0|0|0|0|0|0|0|2|1|0|0|http://t.co/SRZ3NpSb 24 декабря 2012 г. в ИД "Комсомольская правда" состоится пресс-конференция Сергея Донского 
<MNR_Government>|2012-12-21|17:32:29|0|0|0|0|0|0|0|0|0|0|0|0|1|3|0|0|http://t.co/OUZWpYHK Специалисты Роснедр стали лауретами Государственной премии в области науки и техники за 2011 г. 
<MNR_Government>|2012-12-24|13:28:32|0|0|0|0|0|0|0|0|0|0|0|0|1|0|0|0|http://t.co/XJ2wnOwd За 1,5 года ликвидировано 31202 свалки твердых бытовых отходов 
<MNR_Government>|2012-12-24|22:06:55|0|0|0|0|0|0|0|0|0|0|0|0|0|1|0|0|http://t.co/Mv3TonGK Сергей Донской: ФЦП по Байкалу решит 80% экологических задач региона 
<MNR_Government>|2012-12-24|22:15:56|0|0|0|0|0|0|0|0|0|0|0|0|0|3|0|0|http://t.co/CYwVT9Fj  Сергей Донской:Минприроды РФ рассчитывает, что реализация ФЦП для Росгидромета повысит точность прогноза погоды до 95% 
<MNR_Government>|2012-12-24|22:17:06|0|0|0|0|0|0|0|0|0|0|0|0|1|2|0|0|http://t.co/JD2vttIb Минприроды РФ планирует в 2013 г. проведение массовых посадок лесов и субботников 
<MNR_Government>|2012-12-25|12:59:05|0|0|0|0|0|0|0|0|0|0|0|0|1|2|0|0|http://t.co/I7hEPjD6 26 декабря Замминистра Ринат Гизатулин примет участие в пресс-конференции в РИА "Новости" - "Экологические итоги года" 
<MNR_Government>|2012-12-25|14:27:37|0|0|0|2|0|0|0|0|0|0|0|0|0|0|0|0|http://t.co/s9EmGj22 Минприроды России поддерживает инициативу Законодательного собрания Владимирской области |России|Владимирской области
<MNR_Government>|2012-12-26|19:28:26|0|0|0|0|0|1|0|0|0|0|1|0|1|2|0|0|http://t.co/EhosWiQc Р. Гизатулин "С точки зрения реформирования экологического законодательства, мы считаем 2012 год успешным" 
<MNR_Government>|2013-01-10|13:58:14|0|0|0|1|0|0|0|0|0|0|0|0|0|1|0|0|http://t.co/CkEnKrZp Послу Финляндии передан доклад по результатам экомониторинга морского участка газопровода «Северный поток» |Финляндии
<MNR_Government>|2013-01-10|15:15:03|0|0|0|0|0|0|0|0|0|0|0|0|0|0|0|0|http://t.co/82QFaEXZ С. Донской: В рамках Года охраны окружающей среды пройдут всероссийские, межрегиональные, международные мероприятия 
<MNR_Government>|2013-01-10|15:16:36|0|0|0|0|0|0|0|0|0|0|0|0|1|0|0|0|http://t.co/82QFaEXZ В 2012 г. была проведена экологическая инвентаризация страны 
<MNR_Government>|2013-01-11|15:01:46|0|0|0|1|0|0|0|0|0|0|0|0|0|1|0|0|http://t.co/4I0KUtHB В Российской Федерации по инициативе ряда экологических организаций отмечается День заповедников |Российской Федерацией
<MNR_Government>|2013-01-15|09:21:50|0|0|0|0|0|0|0|0|0|0|0|0|0|1|0|0|http://t.co/g5M2LDDm Будут улучшены экологические условия жизни более чем 750 тыс. россиян 
<MNR_Government>|2013-01-15|10:28:40|0|0|0|0|0|0|0|0|0|0|0|0|2|1|0|0|http://t.co/e5UI2FUm C августа 2011 г. ликвидировано 31 486 несанкционированных свалок ТБО на общей площади 6148 га 
<MNR_Government>|2013-01-16|09:27:19|0|0|0|0|0|0|0|0|0|0|0|0|0|1|0|0|http://t.co/FAiER1I4 Будет проведена модернизация материально-технической базы предупреждения и тушения лесных пожаров 
<MNR_Government>|2013-01-16|15:03:30|0|0|0|0|0|0|0|0|0|0|0|0|0|1|0|0|http://t.co/BjphCbfi Донской: На шельфах за последние 10 лет сконцентрировано более 90% стоимости вновь открытых активов 
<MNR_Government>|2013-01-16|15:04:10|0|0|0|1|0|0|0|0|0|0|0|0|0|4|0|0|http://t.co/BjphCbfi На континентальном шельфе России выдано 107 лицензий, включая лицензии, выданные по госконтрактам и в транзитных зонах |России
<MNR_Government>|2013-01-16|15:06:06|0|0|0|0|0|0|1|0|0|0|0|0|0|2|0|0|http://t.co/hjsbRQhR Донской: Минприроды дорабатывает программу «Освоение континентального шельфа и разработка его минеральных ресурсов» 
<MNR_Government>|2013-01-16|15:07:05|0|0|0|0|0|0|0|0|0|0|0|0|0|2|0|0|http://t.co/hjsbRQhR Госкомпании ОАО «Газпром» и «НК «Роснефть» сформировали пакеты заявочных материалов по лицензированию участков шельфа 
<MNR_Government>|2013-01-16|15:07:35|0|0|0|0|0|1|0|0|0|0|0|0|0|2|0|0|http://t.co/jnXnJHBX Ежегодно мы наблюдаем увеличение численности охотничьих ресурсов на 3-5% 
<MNR_Government>|2013-01-16|17:22:58|0|0|0|2|0|0|0|0|0|0|0|0|0|1|0|0|http://t.co/Ead77ZXE Представители Минприроды России провели рабочую встречу с делегацией  Королевства Швеции |России|Швеции
<MNR_Government>|2013-01-18|14:19:05|0|0|0|0|0|0|0|0|0|0|0|0|0|1|0|0|http://t.co/7OsSG5k8 учрежден национальный парк «Берингия» на Чукотке 
<MNR_Government>|2013-01-21|12:02:21|0|0|0|0|0|0|0|0|0|0|0|0|0|1|0|0|http://t.co/EQeHJI6E За прошедшую неделю на территории РФ ликвидировано 235 несанкционированных свалок твердых бытовых отходов 
<MNR_Government>|2013-01-22|13:48:32|0|0|0|0|0|0|0|0|0|0|0|0|1|1|0|0|http://t.co/p6QWzHmV Министр Сергей Донской 23 января в 10:30 примет участие в работе заседания Совета Федерации Федерального собрания РФ 
<MNR_Government>|2013-01-22|16:50:39|0|0|0|1|0|0|0|0|0|0|0|0|0|4|0|0|С. Донской обсудил с В. Путиным ход подготовки к проведению в России Года охраны окружающей среды и вопросы недропользования. |России
<MNR_Government>|2013-01-22|17:07:28|0|0|0|1|0|0|0|0|0|0|0|0|1|3|0|0|С. Донской: В 2013 г. впервые за 10 лет в России будет проведен Всероссийский съезд по охране окружающей среды |России
<MNR_Government>|2013-01-22|17:12:10|0|0|0|0|0|0|0|0|0|0|0|0|0|2|0|0|С. Донской: Сейчас разворачиваем работу, и в ближайшее время будут  проведены более масштабные проверки нарушителей лицензионных требований 
<MNR_Government>|2013-01-23|15:03:29|0|0|0|1|0|0|0|0|0|0|0|0|1|1|0|0|http://t.co/WLMcIZBP С. Донской: К концу 2011 года в России накоплено больше 31 млрд. тонн отходов |России
<MNR_Government>|2013-01-23|15:03:58|0|0|0|0|0|0|0|1|0|0|0|0|0|3|0|0|http://t.co/ZSjekDVW Минприроды подготовлены предложения по реализации 50 первоочередных проектов стоимостью от 100 до 230 млрд. рублей 
<MNR_Government>|2013-01-25|12:42:28|0|0|0|1|0|0|0|0|0|0|0|0|0|2|0|0|http://t.co/FO6wPdBE Объявлен конкурс на создание  эмблемы  Года охраны окружающей среды в  Российской Федерации |Российской Федерацией
<MNR_Government>|2013-01-25|13:26:30|0|0|0|1|0|0|0|0|0|0|0|0|0|3|0|0|http://t.co/qCqvxfOU Подписан Меморандум о взаимопонимании между Минприроды России и МОК |России
<MNR_Government>|2013-01-28|11:24:57|0|0|0|0|0|0|0|0|0|0|0|0|0|1|0|0|http://t.co/eZSXOHLH На территории РФ выявлено 45 699 несанкционированных свалок твердых бытовых отходов на общей площади 14 263 га 
<MNR_Government>|2013-01-28|13:50:43|0|0|0|1|0|0|0|0|0|0|0|0|2|1|0|0|http://t.co/v9VknS8y Министр Сергей Донской 30 января 2013 г. проведёт заседание Общественного совета при Минприроды России |России
<MNR_Government>|2013-01-31|18:25:44|0|0|0|0|0|0|0|0|0|0|0|0|0|2|0|0|http://t.co/poj1OzVs Открылось 7-ое заседание российско-корейского совместного комитета по сотрудничеству в области охраны окружающей среды 
<MNR_Government>|2013-02-01|14:31:49|0|0|0|1|0|0|0|0|0|0|0|0|0|2|0|0|http://t.co/CvzuthBB C. Донской:  Создание нацпарка «Хибины» в Мурманской области должно быть ускорено |Мурманской области
<MNR_Government>|2013-02-01|14:32:56|1|0|0|0|0|0|0|0|0|0|0|0|0|2|0|0|http://t.co/ekcjL06e С. Донской:  Мы стремимся создать правовые основы для проведения полномасштабных работ по ликвидации накопленного вреда 
<MNR_Government>|2013-02-01|14:33:58|1|0|0|1|0|0|0|0|0|0|0|0|0|1|0|0|http://t.co/Lk3UgCuw  Специалисты Минприроды России проведут проверку фактов гибели двух зубров и одного бизона |России
<MNR_Government>|2013-02-02|13:03:34|0|0|0|0|0|0|0|0|0|0|0|0|1|2|0|0|http://t.co/pd1UeIjE 2 февраля – Всемирный день водно-болотных угодий 
<MNR_Government>|2013-02-05|11:46:13|0|0|0|1|0|0|0|0|0|0|0|0|0|3|0|0|http://t.co/UTCt3bnv Опубликован Государственный доклад «О состоянии и об охране окружающей среды Российской Федерации в 2011 году» |Российской Федерацией
<MNR_Government>|2013-02-05|14:30:29|0|0|0|0|0|0|0|0|0|0|0|0|0|4|0|0|http://t.co/TrlG1fez Опубликован список регионов с наибольшим объемом выбросов в атмосферный воздух от стационарных и передвижных источников 
<MNR_Government>|2013-02-06|11:38:26|0|0|0|0|0|0|0|0|0|0|0|0|0|1|0|0|http://t.co/PXQarRLE Опубликован список регионов с наибольшим объемом сбросов загрязненных сточных вод 
<MNR_Government>|2013-02-06|15:53:44|0|0|0|0|0|0|0|0|0|0|0|0|0|1|0|0|http://t.co/sZFOR7CQ В ряде регионов на территории СЗФО отмечается снижение уровня загрязнений атмосферного воздуха 
<MNR_Government>|2013-02-07|11:15:31|0|0|0|2|0|0|0|0|0|0|0|0|0|1|0|0|http://t.co/HTfqLuH4 С. Донской: Товарооборот России и ЮАР явно недостаточен, учитывая большой потенциал наших стран |России|ЮАР
<MNR_Government>|2013-02-08|14:01:29|0|0|0|0|0|0|0|0|0|0|0|0|0|2|0|0|http://t.co/rQVV3yAX Самый высокий процент населения, проживающего в городах с высоким уровнем загрязнения атмосферного воздуха в ЦФО 
<MNR_Government>|2013-02-08|16:57:13|0|0|0|2|0|0|0|0|0|0|0|0|0|1|0|0|http://t.co/3TAonaAJ В Курской и Брянской областях отмечен высокий уровень качества питьевой воды |Курской области|Брянской области
<MNR_Government>|2013-02-11|15:21:40|0|0|0|0|0|0|0|0|0|0|0|0|0|1|0|0|http://t.co/U8Djrm8S Опубликован список регионов с наибольшим объемом образования отходов 
<MNR_Government>|2013-02-11|15:53:50|0|0|0|2|0|0|0|0|0|0|0|0|0|1|0|0|http://t.co/w14vK2hb В Центральном федеральном округе образуется треть всех твердых бытовых отходов в России |Центральном остане|России
<MNR_Government>|2013-02-11|16:33:20|0|0|1|0|0|0|0|0|0|0|0|0|0|2|0|0|http://t.co/shv4kB2i внесена поправка в материалы Конвенции по трансграничным водам ЕЭК ООН 
<MNR_Government>|2013-02-11|17:18:27|0|0|0|1|0|0|0|0|0|0|0|0|2|1|0|0|http://t.co/hBOf6ona Сергей Донской 12 февраля 2013 г. посетит с рабочим визитом г. Казань (Республика Татарстан) |Казань
<MNR_Government>|2013-02-12|13:31:46|0|0|0|0|0|0|0|0|0|0|0|0|0|1|0|0|http://t.co/kQOspyH6 Сергей Донской ответил на вопросы газеты «Коммерсантъ. Business Guide» 
<MNR_Government>|2013-02-12|14:22:09|0|0|0|0|0|0|0|0|0|0|0|0|0|1|0|0|http://t.co/4IQbtuhB Сергей Донской ответил на вопросы газеты «Комсомольская правда» 
<MNR_Government>|2013-02-12|15:48:25|0|0|0|1|0|0|0|0|0|0|0|0|1|2|0|0|http://t.co/9e4l5qOx утвержден план нормотворческой деятельности Минприроды России на 2013 год |России
<MNR_Government>|2013-02-12|16:15:59|0|0|0|0|0|0|0|0|0|0|0|0|1|1|0|0|http://t.co/0TKFxyRu С 13 по 15 февраля пройдет заседание научно-технического совета ФГБУ «Центр развития водно-хозяйственного комплекса» 
<MNR_Government>|2013-02-13|16:01:40|0|0|0|1|0|0|0|0|0|0|0|0|1|1|0|0|http://t.co/XgCYeu2Z Подведены итоги работы Минприроды России в 2012 г. |России
<MNR_Government>|2013-02-14|09:50:18|0|0|0|0|0|0|0|0|0|0|0|0|0|1|0|0|http://t.co/ELnCxw2q Ринат Гизатулин возглавляет российскую делегацию на заседании Комитета ОЭСР 
<MNR_Government>|2013-02-14|09:51:08|0|0|0|1|0|0|0|0|0|0|0|0|0|1|0|0|http://t.co/bwDhH6z9 Итоги рабочей поездки Сергея Донского в Республику Татарстан |Татарстан
<MNR_Government>|2013-02-14|10:22:58|0|0|0|0|0|0|0|0|0|0|0|0|1|2|0|0|http://t.co/RKoxKEYe Прогнозные показатели работы Росприроднадзора в 2012 г. превысили запланированные по всем видам деятельности 
<MNR_Government>|2013-02-14|10:24:02|0|0|0|0|0|0|0|0|0|0|1|0|0|0|0|0|http://t.co/4bKSR9xR  Денис Храмов провел совещание, посвященное вопросам формирования ликвидационных фондов 
<MNR_Government>|2013-02-15|13:20:00|1|0|0|0|0|0|0|0|0|0|0|0|0|2|0|0|http://t.co/kt577Yf2 Проведена проверка фактов гибели двух зубров и одного бизона в питомнике Приокско-Террасного заповедника 
<MNR_Government>|2013-02-15|17:31:16|0|0|0|0|0|0|0|0|0|0|0|0|1|4|0|0|http://t.co/IOqRCcYZ Общая сумма недоимки по платежам за использование лесного фонда на начало 2013 г. - 4,6 млрд 
<MNR_Government>|2013-02-15|18:16:35|0|0|0|1|0|0|0|0|0|0|0|0|0|3|0|0|http://t.co/khkJi99C Опубликован «Ежегодный доклад о состоянии и использовании лесов Российской Федерации за 2011 год» |Российской Федерацией
<MNR_Government>|2013-02-19|09:29:53|0|0|0|1|0|0|0|0|0|0|0|0|1|1|0|0|http://t.co/p0ApNWmy В России с 2013 года запрещены ногозахватывающие капканы |России
<MNR_Government>|2013-02-19|13:15:47|0|0|0|0|0|0|0|0|0|0|0|0|0|3|0|0|http://t.co/gJezQWwV  Cостоялось заседание Совета по международному сотрудничеству в области геологии и недропользования 
<MNR_Government>|2013-02-19|15:58:45|0|0|0|1|0|0|0|0|0|0|0|0|0|1|0|0|http://t.co/nCJ9hs6D Определена основная причина загрязнения атмосферного воздуха в Подмосковье |Подмосковье
<MNR_Government>|2013-02-19|17:18:17|0|0|0|1|0|0|0|0|0|0|0|0|1|2|0|0|http://t.co/q4gwkJcM 19 февраля в России отмечается Всемирный день китов |России
<MNR_Government>|2013-02-20|18:22:33|0|0|0|1|0|0|0|0|0|0|0|0|0|2|0|0|http://t.co/ko7bvxI9 Опубликован проект Комплексной стратегии обращения с ТБО в Российской Федерации |Российской Федерацией
<MNR_Government>|2013-02-21|14:51:08|0|0|0|0|0|0|0|0|0|0|0|0|1|1|0|0|http://t.co/9x0aNwCmZo 22 февраля Сергей Донской примет участие в заседании Совета «Деловая Россия», посвященном вопросам геологоразведки 
<MNR_Government>|2013-02-21|17:29:47|0|0|1|0|0|0|0|0|0|0|0|0|0|1|0|0|http://t.co/dl40jNIYLV на пленарном заседании Госдумы рассмотрен новый законопроект, касающийся вопроса Байкальской природной территории 
<MNR_Government>|2013-02-22|15:50:34|0|0|0|0|0|0|0|0|0|0|0|0|1|3|0|0|http://t.co/FFBwY759wV 25 февраля состоится первое заседание Совета по выработке и реализации госполитики в области лесных отношений 
<MNR_Government>|2013-02-22|15:51:17|0|0|0|0|0|0|0|0|0|0|0|0|0|3|0|0|http://t.co/FFBwY759wV Аккредитация на заседание Совета по тел.: 8(499) 254-16-00, 8(499) 254-49-56 и по электронному адресу: pr@mnr.gov.ru 
<MNR_Government>|2013-02-25|14:08:24|0|0|0|0|0|0|0|0|0|0|0|0|2|1|0|0|http://t.co/qKRXHAKbkN По поручению МПР с августа 2011 г. ликвидировано 33517 свалок ТБО 
<MNR_Government>|2013-02-26|14:38:25|0|0|0|0|0|0|0|0|0|0|1|0|1|2|0|0|http://t.co/cssjJocMJN 28 февраля  в 11.00 (МСК) вебинар «Новое в природоохранном законодательстве.Обращение с отходами» 
<MNR_Government>|2013-02-26|16:03:20|0|0|0|2|0|0|0|0|0|0|0|0|2|1|0|0|http://t.co/yI8nn0Q8j6 Делегация Минприроды России в период 25-27 февраля 2013 г. принимает участие в бизнес-миссии в Республику Судан |России|Судан
<MNR_Government>|2013-02-27|13:35:25|0|0|0|0|0|0|0|0|0|0|0|0|0|0|0|0|http://t.co/AW8jtzPHAr Учрежден национальный парк «Онежское Поморье» 
<MNR_Government>|2013-02-27|16:37:57|0|0|0|1|0|0|0|0|0|0|0|0|0|0|0|0|http://t.co/WzoF4Iuseh итогия заседания Лесохозяйственного совета Минприроды России |России
<MNR_Government>|2013-02-27|16:38:47|0|0|1|1|0|0|0|0|0|0|0|0|0|2|0|0|http://t.co/REbDATG5GX В Минприроды России проходит совещание в рамках Конвенции ООН о биологическом разнообразии |России
<MNR_Government>|2013-02-27|17:54:10|0|0|0|0|0|0|0|0|0|0|0|0|0|3|0|0|http://t.co/psgBBKYmsZ Сергей Донской взял под личный контроль ситуацию, возникшую в поселке городского типа Оболенск 
<MNR_Government>|2013-02-28|15:56:49|0|0|0|0|0|0|0|0|0|0|0|0|0|1|0|0|http://t.co/SzL6TSvw9g Сергей Донской принял участие в открытии Всероссийского Форума работников лесного 
<MNR_Government>|2013-02-28|16:44:19|0|0|0|0|0|0|0|0|0|0|0|0|0|2|0|0|http://t.co/CcGSlwMH4s Проект госпрограммы «Воспроизводство и использование природных ресурсов на 2013-2020 гг.», одобрен Правительством РФ 
<MNR_Government>|2013-02-28|16:45:16|0|0|0|1|0|0|0|1|0|0|0|0|1|3|0|0|http://t.co/COyABrHPtY Минприроды России до 2020 г. планирует направить на сохранение и воспроизводство охотничьих ресурсов 17,4 млрд руб. |России
<MNR_Government>|2013-02-28|16:47:18|1|0|0|0|0|0|0|0|0|0|0|0|0|0|0|0|http://t.co/MlaMbCWwJL С. Донской: На территориях, подверженных негативному воздействию вод, проживает более 4,5 млн. человек 
<MNR_Government>|2013-02-28|16:47:44|0|0|0|0|0|1|0|0|0|0|0|0|1|1|0|0|http://t.co/iITrA8SMbz С. Донской: К 2020 году мы должны повысить геологическую изученность страны 
<MNR_Government>|2013-03-01|11:22:57|0|0|0|0|0|0|0|0|0|0|1|0|0|2|0|0|http://t.co/d0tKzwPS8x Итоги вебинара «Новое в природоохранном законодательстве. Обращение с отходами» 
<MNR_Government>|2013-03-01|13:05:39|0|0|0|0|0|0|0|0|0|0|0|0|2|1|0|0|http://t.co/68ICxn3Jd0 С 1 марта 2013 г. вводится в действие строительный ГОСТ Р 54964-2012 
<MNR_Government>|2013-03-01|13:07:45|0|0|0|0|0|0|0|0|0|0|0|0|0|2|0|0|http://t.co/VleMX7Vpgv Правительством РФ одобрен з/п направленный на создание необходимых правовых условий для госрегулирования ОРВ 
<MNR_Government>|2013-03-01|17:02:52|0|0|0|0|0|0|0|0|0|0|0|0|0|1|0|0|http://t.co/DdQXoX4v8D С. Донской поздравил участников форума "Экология" с открытием 
<MNR_Government>|2013-03-04|11:32:34|0|0|0|1|0|0|0|0|0|0|0|0|0|1|0|0|http://t.co/tBFzpLceve На территории Российской Федерации ликвидировано 33558 свалок ТБО на общей площади 6555 га |Российской Федерацией
<MNR_Government>|2013-03-04|11:43:12|0|0|0|0|0|0|0|0|0|0|0|0|0|3|0|0|http://t.co/RDZfErxRix С. Донской: Нам необходимо быть бдительными и не допустить уничтожения краснокнижных экземпляров 
<MNR_Government>|2013-03-05|16:29:56|0|0|0|0|0|0|0|0|0|0|1|0|0|2|0|0|http://t.co/dBPLfcRWWq Выявлены нарушения природоохранного законодательства при строительстве на территории нацпарка «Лосиный остров» 
<MNR_Government>|2013-03-06|15:52:24|0|0|0|0|0|0|0|0|0|0|1|0|0|2|0|0|http://t.co/IOj3HfxEV1 по факту нарушения законодательства на территории нацпарка "Лосиный остров" будет заведено административное дело 
<MNR_Government>|2013-03-12|09:15:55|1|0|0|1|0|0|0|0|0|0|1|0|0|2|0|0|http://t.co/KAPEiXKWyI Минприроды России выражает благодарность трем гражданам, спасшим от гибели провалившуюся под лед самку лося |России
<MNR_Government>|2013-03-12|15:16:20|0|0|1|0|0|0|0|0|0|0|0|0|2|3|0|0|http://t.co/VuF3mwo9PV Сергей Донской 13 марта 2013 г. выступит с докладом на "Правительственном часе" в Госдуме РФ 
<MNR_Government>|2013-03-12|16:00:59|0|0|0|1|0|0|0|0|0|0|0|0|0|2|0|0|http://t.co/NyRrr446r5 Врио Губернатора Московской области Андрею Воробьеву направлено предложение о создании нового нацпарка в регионе |Московской области
<MNR_Government>|2013-03-13|14:37:56|1|0|0|0|0|0|0|0|0|0|0|0|0|0|0|0|http://t.co/OsNjqhUG6s В п. Соблаго складировано более 200 вагонов шпал, пропитанных ядовитыми веществами 
<MNR_Government>|2013-03-13|15:36:51|0|0|0|0|0|0|0|0|0|0|1|0|0|3|0|0|http://t.co/hKHXAwhzVe Минприроды рассчитывает, что власти МО поддержат инициативу по созданию нацпарка в усадьбе "Архангельское" 
<MNR_Government>|2013-03-13|16:16:10|0|0|0|0|0|0|0|0|0|0|0|0|1|1|0|0|http://t.co/E3v9hxdeZl До 2020 г. будет создано 11 заповедников, 17 национальных парков и 1 федеральный заказник 
<MNR_Government>|2013-03-13|16:20:42|0|0|0|0|0|0|0|0|0|0|0|0|1|3|0|0|http://t.co/BxVyOu68a4 Доходность лесного хозяйства к 2020 г. должна увеличиться на 40% в расчете на 1 га лесных земель 
<MNR_Government>|2013-03-13|16:51:41|0|0|0|0|0|0|0|1|0|0|1|0|1|5|0|0|http://t.co/WXIaR8XckP В 2012 г. был отмечен рост инвестиций в ГРР на 30% по сравнению с 2010 г. и составил 225 млрд. руб. 
<MNR_Government>|2013-03-14|14:01:48|0|0|0|0|0|0|0|0|0|0|0|0|0|2|0|0|http://t.co/0HzKiXrar7Правительством РФ одобрены проекты соглашений о создании трансграничных резерватов  «Истоки Амура» и «Тунка-Хубсугул». 
<MNR_Government>|2013-03-14|15:00:19|1|0|0|0|0|0|0|0|0|0|0|0|0|2|0|0|Минприроды направило благодарность спасшим от гибели провалившуюся под лед самку лося http://t.co/aAnKDLHMzF 
<MNR_Government>|2013-03-14|17:32:53|0|0|0|0|0|0|0|0|0|0|0|0|1|1|0|0|http://t.co/fjhULWTctk Весенняя охота в 2013 г. впервые будет проводиться в соответствии c новыми Правилами охоты 
<MNR_Government>|2013-03-15|12:53:13|0|0|0|0|0|0|0|0|0|0|0|0|1|2|0|0|http://t.co/538xDqNYT7 Утверждены перечни участков недр,предлагаемые для предоставления в пользование в 2013 г. 
<MNR_Government>|2013-03-15|13:47:17|0|0|0|0|0|0|0|0|0|0|0|0|0|0|0|0|http://t.co/Yyh9m4RD2u По результатам учета численности дальневосточного леопарда зафиксирован практически 50% рост 
<MNR_Government>|2013-03-18|14:57:26|0|0|0|0|0|0|0|0|0|0|0|0|0|0|0|0|http://t.co/HMMdN5Xmeq Открыта аккредитация журналистов саммит Балтийского моря 
<MNR_Government>|2013-03-18|17:09:21|1|0|0|0|0|0|0|0|0|0|0|0|0|3|0|0|http://t.co/Q8GZoTivZK РПН подсчитает ущерб, нанесенный ОАО «Волжский Оргсинтез» окружающей среде, в период с 2009 по 2012 гг., 
<MNR_Government>|2013-03-19|15:36:00|0|0|0|0|0|0|0|0|0|0|0|0|0|0|0|0|http://t.co/dXtGvZ6Mq8 Состоялись первые российско-таиландские переговоры 
<MNR_Government>|2013-03-19|15:48:15|0|0|0|0|0|0|0|0|0|0|0|0|0|3|0|0|Законопроект«О мерах по экономическому стимулированию для внедрения НДТ»позволит ужесточить требования к нарушителям природоохранного зак-ва 
<MNR_Government>|2013-03-20|14:29:06|0|0|0|1|0|0|0|0|0|0|0|0|0|0|0|0|http://t.co/9YrmfJcgX0 В Минприроды России состоялись российско-намибийские переговоры |России
<MNR_Government>|2013-03-20|18:07:25|0|0|0|0|0|0|0|0|0|0|0|0|0|2|0|0|http://t.co/u4cDUixR0X Сергей Донской поручил усилить меры противопожарной безопасности в заповедниках и национальных парках 
<MNR_Government>|2013-03-21|13:57:48|0|0|0|0|0|0|0|0|0|0|0|0|1|1|0|0|http://t.co/HNb1UW8g61 21 марта отмечается Международный день леса 
<MNR_Government>|2013-03-21|13:59:05|0|0|0|0|0|0|0|0|0|0|2|0|0|5|0|0|С.Донской:Важно, чтобы сохранение леса и природных богатств было не только заботой государства, но и вопросом личной ответственности каждого 
<MNR_Government>|2013-03-22|14:13:27|0|0|0|1|0|0|0|0|0|0|0|0|1|2|0|0|http://t.co/QybpnDYHcH 22 марта в России отмечается Всемирный день воды |России
<MNR_Government>|2013-03-22|16:28:05|0|0|0|1|0|0|0|0|0|0|1|0|0|0|0|0|http://t.co/PCIzSMj7vT Владимир Путин поддержал проведение символической акции «Час Земли» |Владимир
<MNR_Government>|2013-03-22|16:28:44|0|0|0|0|0|0|0|0|0|0|0|0|0|2|0|0|http://t.co/pfplZSCImr Подведены промежуточные итоги программы развития познавательного туризма в заповедниках и нацпарках 
<MNR_Government>|2013-03-23|13:10:29|0|0|0|1|0|0|0|0|0|0|0|0|0|1|0|0|http://t.co/RtcI3UbrmTС.Донской поздравляет работников гидрометеорологической службы России с профессиональным праздником–«Днем метеоролога» |России
<MNR_Government>|2013-03-23|23:32:50|0|0|0|0|0|0|0|0|0|0|1|0|0|1|0|0|http://t.co/9u5QQQTNTx С. Донской принял участие в международной акции "Час земли" 
<MNR_Government>|2013-03-25|13:45:37|0|0|0|1|0|0|0|0|0|0|0|0|0|1|0|0|http://t.co/zhGuf9NGBT За прошедшую неделю на территории Российской Федерации ликвидировано 890 несанкционированных свалок ТБО |Российской Федерацией
<MNR_Government>|2013-03-25|18:24:06|0|0|0|1|0|0|0|0|0|0|0|0|0|1|0|0|http://t.co/JLZGsxMJFw Минприроды России не допустит вывода земельных участков природного парка «Волго-Ахтубинская пойма» |России
<MNR_Government>|2013-03-26|16:50:34|0|0|0|0|0|0|0|0|0|0|1|0|0|2|0|0|http://t.co/74Kf4Gw8rU Выявлены многочисленные нарушения природоохранного законодательства на месте прорыва коллектора в пгт Оболенск 
<MNR_Government>|2013-03-27|14:33:29|0|0|0|0|0|0|0|0|0|0|0|0|0|3|0|0|http://t.co/hbgIpaQw9A Подписан межправительственный Меморандум о взаимопонимании и о сотрудничестве в отношении металлов платиновой группы 
<MNR_Government>|2013-03-27|14:52:45|0|0|0|0|0|0|0|0|0|0|0|0|0|0|0|0|http://t.co/DtobIxdh7Q Очистные сооружения канализационного коллектора поселка Решетниково ждет комплексная проверка 
<MNR_Government>|2013-03-27|18:30:35|0|0|0|0|0|0|0|0|0|0|0|0|0|2|0|0|http://t.co/bizJaAkw0N Ринат Гизатулин выступил с докладом «Об основных направлениях природоохранной и экологической политики» 
<MNR_Government>|2013-03-28|11:51:18|0|0|0|0|0|0|0|0|0|0|0|0|0|3|0|0|В настоящее время самолет является единственным видом передвижного источника загрязнения, выбросы от которого не нормируются 
<MNR_Government>|2013-03-28|12:42:52|0|0|0|0|0|0|0|0|0|0|0|0|0|2|0|0|http://t.co/7usvoUwMXB Росприроднадзору дано поручение о разработке требований к выбросам загрязняющих веществ авиатехникой 
<MNR_Government>|2013-04-01|11:36:44|1|0|0|0|0|0|0|0|0|0|0|0|0|2|0|0|http://t.co/kHwMBTISLk Вступили в силу увеличенные нормативы стоимости для исчисления размера вреда, причиненного краснокнижным животным 
<MNR_Government>|2013-04-01|11:51:08|1|0|0|0|0|0|0|1|0|0|0|0|0|4|0|0|Норматив стоимости для исчисления размера вреда, причиненного амурскому тигру и леопарду, возрос с 500 тыс. руб. до 1,1 млн. руб. 
<MNR_Government>|2013-04-01|13:09:31|0|0|0|0|0|0|0|0|0|0|0|0|1|4|0|0|http://t.co/qx4J1xGCwK 4 апреля состоится пресс-конференция на #РБК на тему: «Весенняя охота по новым правилам: что можно, чего нельзя» 
<MNR_Government>|2013-04-01|15:08:07|1|0|0|0|0|0|0|1|0|0|0|0|0|3|0|0|За причинение вреда снежному барсу, занесенному в Красную книгу РФ, нужно будет заплатить до 1,1 млн. руб. вместо прежних 300 тыс. руб. 
<MNR_Government>|2013-04-02|13:41:34|0|0|0|0|0|0|0|0|0|0|0|0|1|2|0|0|http://t.co/wUiJQU5yps 3 апреля в 14.00 в #РИАНовости состоится пресс-конференция Министра природных ресурсов и экологии РФ Сергея Донского 
<MNR_Government>|2013-04-02|14:23:38|0|0|0|0|0|0|0|0|0|0|1|0|0|1|0|0|http://t.co/1ggWPz2379 Cостоялось заседание Рабочей группы по природным ресурсам Консультативного совета по иностранным инвестициям (КСИИ) 
<MNR_Government>|2013-04-03|16:55:44|0|0|0|1|0|0|0|0|0|0|0|0|0|1|0|0|http://t.co/dQ1l9iQFli Минприроды России проводит Всероссийский конкурс «Защити озоновый слой и климат Земли» |России
<MNR_Government>|2013-04-03|17:20:10|0|0|0|0|0|0|0|0|0|0|0|0|0|2|0|0|К участию в конкурсе «Защити озоновый слой и климат Земли» приглашаются учащиеся учебных заведений  всех регионов РФ http://t.co/dQ1l9iQFli 
<MNR_Government>|2013-04-05|14:02:03|0|0|0|0|0|0|0|0|0|0|0|0|0|0|0|0|Начал свою работу "Форум Балтийского моря" http://t.co/5Lx57fNZCV 
<MNR_Government>|2013-04-06|19:37:06|0|0|0|1|0|0|0|0|0|0|0|0|0|2|0|0|http://t.co/qxOjyruyix А.Фролов: в настоящее время до 98% бытовых стоков Петербурга очищено http://t.co/nJcFjwZxwh |Петербурга
<MNR_Government>|2013-04-06|19:44:20|0|0|0|1|0|0|0|0|0|0|0|0|0|3|0|0|http://t.co/PeADzdtC6t В водные объекты России ежегодно сбрасывается до 52 куб. км сточных вод, из которых более 19 куб. км подлежат очистке |России
<MNR_Government>|2013-04-06|19:44:51|0|0|0|0|0|0|0|0|0|0|0|0|0|2|0|0|По оценкам специалистов, со сточными водами в поверхностные водные объекты ежегодно поступает более 12 млн. т загрязняющих веществ. 
<MNR_Government>|2013-04-06|19:46:23|0|0|0|1|0|0|0|0|0|0|0|0|0|1|0|0|http://t.co/9rng7slZIb С. Донской  провел рабочую встречу с Министром окружающей среды Финляндии Виилле Нийнистё |Финляндии
<MNR_Government>|2013-04-06|20:50:18|0|0|0|0|0|0|0|0|0|0|0|0|0|4|0|0|http://t.co/6yPebc5TmTОдна из главных тем Балтийского форума - развитие государственно-частного партнерства в регионе http://t.co/aChNPoS3og 
<MNR_Government>|2013-04-07|12:03:00|0|0|0|1|0|0|0|0|0|0|0|0|1|1|0|0|#СергейДонской посетил Детский экологический центр в г. Санкт-Петербурге http://t.co/lJx6zrKCbE |Санкт-Петербурге
<MNR_Government>|2013-04-07|12:24:57|0|0|0|1|0|0|0|0|0|0|0|0|0|0|0|0|#СергейДонской посетил информационно-образовательный центр Водоканала Санкт-Петербурга http://t.co/vTAZ8agolc |Санкт-Петербурга
<MNR_Government>|2013-04-07|12:26:14|0|0|0|1|0|0|0|0|0|0|0|0|1|1|0|0|#СергейДонской в информационно-образовательном центре Водоканала г. Санкт-Петербурга http://t.co/DY03AIOKiz |Санкт-Петербурга
<MNR_Government>|2013-04-09|13:35:11|0|0|0|0|0|0|0|0|0|0|0|0|0|0|0|0|http://t.co/dkNVA0Wre8Образована охранная зона Сохондинского государственного природного биосферного заповедника 
<MNR_Government>|2013-04-09|13:47:13|0|0|0|0|0|0|0|0|0|0|0|0|0|1|0|0|Площадь прилегающей к территории  Сохондинского заповедника охранной зоны составит 318 тысяч гектаров http://t.co/z54485ifYE 
<MNR_Government>|2013-04-10|10:24:18|0|0|0|0|0|0|0|0|0|0|0|0|1|1|0|0|http://t.co/Swwp2A4iiL К 2020 г. доля загрязненных сточных вод в общем объеме сброса в водные объекты должна снизиться в 2 раза 
<MNR_Government>|2013-04-10|10:27:39|0|0|0|0|0|0|0|0|0|0|0|0|1|1|0|0|http://t.co/Swwp2A4iiL К 2020 г. ожидается прирост запасов: #нефть – 6010 млн. т, природный газ – 12600 млрд. куб. м, #уголь – 7120 млн. т. 
<MNR_Government>|2013-04-10|10:55:45|1|0|0|1|0|0|0|0|0|0|0|0|1|3|0|0|http://t.co/Swwp2A4iiL К 2020 г. до 85% населения России будет защищено от негативного воздействия вод: паводков, новоднений и т.д. |России
<MNR_Government>|2013-04-12|14:42:52|0|0|0|0|0|0|0|0|0|0|0|0|0|0|0|0|http://t.co/8Q4h7Vpbln На территории государственного охотничьего хозяйства «Орлиное» (Приморский край) постоянно обитают 13 тигров 
<MNR_Government>|2013-04-12|14:44:14|0|0|0|0|0|0|0|0|0|0|0|0|0|1|0|0|http://t.co/8Q4h7Vpbln Численность тигров на территории ГООХа "Орлиное" стабильна 
<MNR_Government>|2013-04-12|14:58:23|0|0|0|1|0|0|0|0|0|0|0|0|0|1|0|0|http://t.co/awB1k8efV7 Представители Минприроды России провели встречу с исполнительным секретарем Озонового секретариата ЮНЕП М.Гонзалесом |России
<MNR_Government>|2013-04-12|15:24:22|0|0|0|0|0|0|0|0|0|0|0|0|0|2|0|0|http://t.co/j6bmUmSvuh Подписано Соглашение о сотрудничестве в области охраны окружающей среды 
<MNR_Government>|2013-04-12|15:27:46|0|0|0|0|0|0|0|0|0|0|0|0|0|1|0|0|http://t.co/O9i0yvV6lD О работе Международной конференции «Обеспечение техногенно-экологической безопасности в Арктике: пути решения» 
<MNR_Government>|2013-04-12|16:23:49|0|0|0|3|0|0|0|0|0|0|0|0|0|2|0|0|http://t.co/i4F4y7rWyp Представители Минприроды России встретились с делегацией Посольства Швеции в Российской Федерации |России|Швеции|Российской Федерацией
<MNR_Government>|2013-04-12|17:04:58|0|0|0|1|0|0|0|0|0|0|0|0|2|3|0|0|http://t.co/ZMv9n3PFsL #СергейДонской в период с 12 по 13 апреля 2013 г. находится с рабочим визитом в г. Конакри (Гвинейская Республика) |Конакри
<MNR_Government>|2013-04-12|17:28:51|0|0|0|1|0|0|0|0|0|0|0|0|0|0|0|0|http://t.co/k1rlu644Sp Минприроды России поддерживает проведение транссибирской экспедиции фотографа-натуралиста Игоря Шпиленка |России
<MNR_Government>|2013-04-15|12:41:46|0|0|0|0|0|0|0|0|0|0|0|0|1|1|0|0|http://t.co/tl92371xWLВэйстТэк-2013, включенная в план основных мероприятий Года охраны окружающей среды, пройдет 28-31 мая в Крокус Экспо 
<MNR_Government>|2013-04-15|12:42:38|0|0|0|0|0|0|0|0|0|0|0|0|0|2|0|0|http://t.co/jyLygVhLAV На сегодняшний день на территории РФ выявлено 49944 несанкционированные свалки ТБО на общей площади 14846 га 
<MNR_Government>|2013-04-16|14:24:07|0|0|0|1|0|0|0|0|0|0|0|0|0|1|0|0|http://t.co/f1DNUsyvU7 Утверждена эмблема Года охраны окружающей среды в Российской Федерации |Российской Федерацией
<MNR_Government>|2013-04-17|13:43:11|0|0|0|1|0|0|0|0|0|0|0|0|0|2|0|0|http://t.co/PKx7FBwLSQ В Минприроды России прошло совещание по проекту «Развитие сотрудничества в рамках Конвенции ЕЭК ООН» |России
<MNR_Government>|2013-04-17|13:44:57|0|0|0|1|0|0|0|0|0|0|0|0|0|1|0|0|В Минприроды России обсудили внедрение комплексной модели GAINS–механизма оценки сценариев реализации экополитики в части охраны атм.воздуха |России
<MNR_Government>|2013-04-18|17:19:46|0|0|0|1|0|0|0|0|0|0|0|0|0|1|0|0|http://t.co/0SL7mVU96w переднеазиатский леопард в Северной Осетии |Северной Голландией
<MNR_Government>|2013-04-18|17:35:18|0|0|0|0|0|0|0|0|0|0|0|0|0|0|0|0|http://t.co/FxRFRgmJv5 Результаты комплексной проверки очистных сооружений канализационного коллектора поселка Решетниково 
<MNR_Government>|2013-04-18|17:40:22|0|0|0|0|0|0|0|0|0|0|0|0|0|3|0|0|По факту разлива сточных вод в районе поселка Решетниково вынесены определения о возбуждении дела об административном правонарушении 
<MNR_Government>|2013-04-23|11:01:08|0|0|0|0|0|0|0|0|0|0|0|0|0|0|0|0|http://t.co/y8ZpsvMKR1 Объявлены лауреаты открытого межрегионального экологического фестиваля школьников «Древо жизни» 
<MNR_Government>|2013-04-23|13:19:41|0|0|0|0|0|0|0|0|0|0|0|0|0|3|0|0|#СергейДонской принимает участие в  учении по тушению лесных пожаров на ООПТ федерального значения на территории нацпарка «Бузулукский бор» 
<MNR_Government>|2013-04-23|15:02:12|0|0|0|0|0|0|0|0|0|0|0|0|0|4|1|0|RT @RussianGreens: Минприроды не получало заявлений на проведение экологической экспертизы для создания полигона ТБО в д.Костино http://t.co/vQYzE664tq 
<MNR_Government>|2013-04-23|16:27:09|0|0|0|0|0|0|0|0|0|0|0|0|0|0|0|0|http://t.co/Jqyj2n6Pjr Результаты проверки АК «АЛРОСА» 
<MNR_Government>|2013-04-23|16:44:03|0|0|0|0|0|0|0|0|0|0|0|0|1|0|0|0|http://t.co/dwwibrLIdw 25 апреля #СергейДонской наградит победителей Российского национального юниорского водного конкурса 
<MNR_Government>|2013-04-25|12:00:47|0|0|0|0|0|0|0|0|0|0|0|0|0|0|0|0|#СергейДонской наградил победителей Российского национального юниорского водного конкурса:«Вода: проектируем будущее» http://t.co/SzIy1nYdli 
<MNR_Government>|2013-04-25|12:06:03|0|0|0|0|0|0|0|0|0|0|0|0|0|0|0|0|#СергейДонской наградил победителей Российского национального юниорского водного конкурса:«Вода: проектируем будущее» http://t.co/Tl8Wji8kAS 
<MNR_Government>|2013-04-25|12:09:50|0|0|0|0|0|0|0|0|0|0|0|0|0|0|0|0|#СергейДонской наградил победителей Российского национального юниорского водного конкурса:«Вода: проектируем будущее» http://t.co/qm52GUM7Hn 
<MNR_Government>|2013-04-26|00:07:31|0|0|0|2|0|0|0|0|0|0|0|0|0|2|0|0|#СергейДонской посетил с рабочим визитом Самарскую и Оренбургскую область http://t.co/2wvMy8OTne |Самарскую область|Оренбургскую область
<MNR_Government>|2013-04-26|00:10:11|0|0|0|0|0|0|0|0|0|0|0|0|0|0|0|0|http://t.co/9uNBhRRXQj Состоялась церемония награждения победителей Российского юниорского водного конкурса http://t.co/p1w2jjmZP9 
<MNR_Government>|2013-04-26|13:46:30|0|0|0|0|0|0|0|0|0|0|0|0|0|2|0|0|http://t.co/64FpxqgG2V Объявлена аккредитация на пресс-конференцию, посвященную открытию Экологической недели в Манеже 
<MNR_Government>|2013-04-26|13:47:07|0|0|0|0|0|0|0|0|0|0|0|0|0|1|0|0|Ринат Гизатулин примет участие в пресс-конференции, посвященной открытию Экологической недели в Манеже 
<MNR_Government>|2013-04-26|14:05:21|0|0|0|1|0|0|0|0|0|0|0|0|1|1|0|0|Пресс-конференция, посвященная открытию Экологической недели в Манеже, состоится 29 апреля в 12.30 в Инфоцентре Правительства Москвы |Москвы
<MNR_Government>|2013-04-29|11:51:22|0|0|0|2|0|0|0|0|0|0|0|0|0|3|0|0|Николай Попов назначен на должность статс-секретаря - первого заместителя Министра природных ресурсов и экологии Российской Федерации |Николай|Российской Федерацией
<MNR_Government>|2013-04-29|11:52:36|0|0|0|2|0|0|0|0|0|0|0|0|0|1|0|0|http://t.co/QscNF8N3IZ Биография Николая Попова - статс-секретаря - первого заместителя Главы Минприроды России |Николая|России
<MNR_Government>|2013-04-29|16:19:17|0|0|0|0|0|0|0|0|0|0|0|0|0|0|0|0|http://t.co/iKIoeC2pMO В течение последней недели былиа ликвидирована 781 несанкционированная свалка твердых бытовых отходов 
<MNR_Government>|2013-04-29|16:24:22|0|0|0|0|0|0|0|0|0|0|0|0|0|1|0|0|http://t.co/iKIoeC2pMO 55% "стихийных" свалок расположено на землях населенных пунктов 
<MNR_Government>|2013-04-29|18:03:16|0|0|0|0|0|0|0|0|0|0|0|0|0|2|0|0|http://t.co/RT6ktEWGQs С.Донской поручил руководителю Росводресурсов отстранить от работы должностных лиц, подозреваемых в вымогательстве 
<MNR_Government>|2013-04-29|18:15:27|0|0|0|0|0|0|1|0|0|0|0|0|0|4|0|0|С.Донской: Все сотрудники, причастные к вымогательству, в случае подтверждения информации об их виновности, будут незамедлительно уволены 
<MNR_Government>|2013-04-30|17:22:56|0|0|0|1|0|0|0|0|0|0|1|0|0|2|0|0|http://t.co/bHDk07xjKcМинприроды России настоятельно рекомендует гражданам воздержаться от разведения костров в майские выходные |России
<MNR_Government>|2013-05-08|14:57:45|0|0|0|1|0|0|0|0|0|0|0|0|0|1|0|0|http://t.co/yubEdEqwx6 При Минприроды России cоздан Экспертный совет по особо охраняемым природным территориям (ООПТ) |России
<MNR_Government>|2013-05-08|14:58:19|0|0|0|0|0|0|0|0|0|0|0|0|0|3|0|0|http://t.co/JPAMQiiY5t Подписан Протокол по защите Каспийского моря от загрязнения из наземных источников 
<MNR_Government>|2013-05-08|14:59:42|0|0|0|1|0|0|0|0|0|0|0|0|0|1|0|0|Российской Федерацией подписан второй тематический Протокол к Тегеранской конвенции |Российской Федерацией
<MNR_Government>|2013-05-08|15:04:07|0|0|0|0|0|0|0|0|0|0|1|0|0|1|0|0|http://t.co/2EdhzKmdy0 #СергейДонской поздравил участников и организаторов акции «Посади дерево Победы» 
<MNR_Government>|2013-05-12|14:54:58|0|0|0|1|0|0|0|0|0|0|0|0|0|2|0|0|http://t.co/Xvr2M0DvTv #СергейДонской о будущем экологического регулирования в России |России
<MNR_Government>|2013-05-13|13:23:07|0|0|0|1|0|0|0|0|0|0|0|0|2|3|0|0|http://t.co/oci6NNaG5l Представители Минприроды России в период с 28 апреля по 10 мая приняли участие в заседаниях международных Конвенций |России
<MNR_Government>|2013-05-13|17:17:20|0|0|0|1|0|0|0|0|0|0|1|0|0|1|0|0|http://t.co/Zs6n5Jh8VO Внесены изменения в Водный кодекс Российской Федерации |Российской Федерацией
<MNR_Government>|2013-05-13|17:20:51|0|0|0|1|0|0|0|0|0|0|1|0|2|3|0|0|http://t.co/2P4d9p3cYT Федеральным законом от 7 мая 2013 г. № 85-ФЗ внесены изменения в статьи 3 и 42 Закона Российской Федерации «О недрах» |Российской Федерацией
<MNR_Government>|2013-05-14|14:41:54|0|0|0|1|0|0|0|0|0|0|0|0|2|2|0|0|http://t.co/RlfVs8ZzBB С 14 по 16 мая в г. Великом Новгороде проходит Х Всероссийский юниорский лесной конкурс «Подрост» |Великом Новгороде
<MNR_Government>|2013-05-14|15:10:44|0|0|0|0|0|0|0|0|0|0|0|0|1|5|0|0|http://t.co/JPxQJXM0jx инф.материалы, необходимые для подготовки госдоклада о состоянии и об охране окружающей среды РФ за 2012 г. 
<MNR_Government>|2013-05-14|16:40:58|0|0|0|0|0|0|0|0|0|0|0|0|0|3|0|0|#СергейДонской взял под личный контроль ситуацию, связанную с возможным сбросом высокотоксичных отходов соединений хрома в реку Чусовая 
<MNR_Government>|2013-05-14|16:42:39|0|0|0|0|0|0|0|0|0|0|0|0|0|2|0|0|http://t.co/YiHYTTValU Росприроднадзору поручено произвести отбор и анализ проб воды р.Чусовой вблизи возможных мест сброса загр.веществ 
<MNR_Government>|2013-05-16|13:36:51|0|0|0|0|0|0|0|0|0|0|1|0|0|3|0|0|#Дорпрогресс грубейшим образом нарушает законодательство об ООПТ при проведении строительно-ремонтных работ на участке дороги Данки–д.Турово 
<MNR_Government>|2013-05-16|13:39:40|0|0|0|0|0|0|0|0|0|0|0|0|0|4|0|0|http://t.co/gyRaEebl1EРаботы по ремонту и реконструкции дороги Данки–Турово проводятся без разрешительной документации и согласования с МПР 
<MNR_Government>|2013-05-16|13:40:46|0|0|0|1|0|0|0|0|0|0|0|0|0|2|0|0|http://t.co/gyRaEebl1EМинприроды России обратилось в Генеральную прокуратуру РФ в связи с противоправной деятельностью ГУП МО «Дорпрогресс» |России
<MNR_Government>|2013-05-16|15:38:17|0|0|0|1|0|0|0|0|0|0|0|0|0|1|0|0|http://t.co/nFOwZdvx1z Вводятся дополнительные меры госрегулирования оборота озоноразрушающих веществ (ОВ) в России |России
<MNR_Government>|2013-05-16|16:53:31|0|0|0|1|0|0|0|0|0|0|0|0|1|2|0|0|http://t.co/tGjbhG1EaO #СергейДонской провел переговоры с Сопредседателем южноафриканской части СМПК Майте Нкоане-Машабане в г.Сочи |Сочи
<MNR_Government>|2013-05-17|12:18:25|0|0|0|2|0|0|0|0|0|0|0|0|2|3|0|0|http://t.co/3IrFcOt3gV Российская экологическая неделя «Зеленый город будущего» пройдет в период с 17 по 21 мая 2013 г. в г. Москве |Российская Федерация|Москве
<MNR_Government>|2013-05-17|12:19:10|0|1|0|0|0|0|0|0|0|0|0|0|0|1|0|0|В торжественной церемонии открытия российской эко-недели запланировано участие Министра природных ресурсов и экологии РФ Сергея Донского 
<MNR_Government>|2013-05-21|10:31:35|0|0|0|2|0|0|0|0|0|0|0|0|1|1|0|0|http://t.co/YCjYcns4yS #СергейДонской принимает участие в VI Невском экологическом конгрессе в г. Санкт-Петербурге |Невском районе|Санкт-Петербурге
<MNR_Government>|2013-05-21|11:47:07|0|0|0|0|0|0|0|0|0|0|0|0|0|1|0|0|http://t.co/7E9ER3hinOНа территории РФ выявлено 50419 мест несанкционированного размещения твердых бытовых отходов на общей площади 14831 га 
<MNR_Government>|2013-05-21|15:41:28|0|0|0|0|0|0|0|0|0|0|0|0|0|0|0|0|http://t.co/dnbifibbrS Учрежден День полярника 
<MNR_Government>|2013-05-22|15:02:55|0|0|0|0|0|0|0|0|0|0|0|0|1|1|0|0|http://t.co/t9GzjXgaoL 22 мая отмечается Международный день биологического разнообразия 
<MNR_Government>|2013-05-27|11:21:03|0|0|0|0|0|0|0|0|0|0|1|0|1|3|1|0|RT @ecolog73: Всероссийские акции по посадке леса будут происходить два раза в год http://t.co/MOzCGmrSag 
<MNR_Government>|2013-05-27|14:40:59|0|0|0|1|0|0|0|0|0|0|0|0|0|1|0|0|http://t.co/y7rIVfb3v2 За прошедшую неделю на территории России ликвидировано 939 несанкционированных свалок ТБО на общей площади 49 га |России
<MNR_Government>|2013-05-27|14:42:23|0|0|0|0|0|0|0|0|0|0|1|0|0|1|0|0|55% "стихийных свалок" расположено на землях населенных пунктов,16%–в водоохранных зонах,15%-на землях с/х назначения,7%–в лесном фонде 
<MNR_Government>|2013-05-28|09:33:58|0|0|0|0|0|0|0|0|0|0|0|0|0|1|0|0|Сегодня в 13-30 состоится пресс-конференция, посвященная открытию 8-го Международного Форума «ВэйстТэк-2013» 
<MNR_Government>|2013-05-28|09:34:49|0|0|0|0|0|0|0|0|0|0|0|0|0|1|0|0|http://t.co/LQICnIIpMb В пресс-конференции примет участие заместитель Министра природных ресурсов и экологии РФ Ринат Гизатулин 
<MNR_Government>|2013-06-02|14:18:10|1|0|0|0|0|0|0|0|0|0|1|0|1|1|0|0|5 июня состоится Всероссийская акция «Ноль негативного воздействия на окружающую среду» http://t.co/CqUd3ZZU5n 
<MNR_Government>|2013-06-02|15:32:20|1|0|0|0|0|0|0|0|0|0|1|0|0|2|0|0|http://www.mnr.gov.ru/news/detail.php?ID=130893 Приглашаем принять участие в акции «Ноль негативного воздействия на окружающую среду» 
<MNR_Government>|2013-06-03|20:43:02|0|0|0|1|0|0|0|0|0|0|0|0|1|2|0|0|http://t.co/7L498ivgnU На помощь полярникам со станции «Северный полюс-40» из г.Мурманска вышел атомный ледокол «Ямал» |Мурманска
<MNR_Government>|2013-06-04|13:51:03|0|0|0|1|0|0|0|0|0|0|0|0|1|2|0|0|http://t.co/qkSOTLnZ2T С 6 по 9 июня в кинотеатре 35 mm (г. Москва, ул. Покровка, 47/24) состоится IV Фестиваль экологического кино Н2О |Москва
<MNR_Government>|2013-06-04|14:03:12|0|0|0|0|0|0|0|0|0|0|0|0|1|1|0|0|http://t.co/bUB5OFnnzU К концу 2013 г. сжигание попутного нефтяного газа должно снизиться в 2 раза 
<MNR_Government>|2013-06-04|14:33:34|0|0|0|1|0|0|0|0|0|0|0|0|0|1|0|0|На территории Российской Федерации выявлено 51923 места несанкционированного размещения твердых бытовых отходов на общей площади 15075 га |Российской Федерацией
<MNR_Government>|2013-06-04|14:34:04|0|0|0|0|0|0|0|0|0|0|0|0|2|2|0|0|С начала рейдов по выявлению и предотвращению есанкционированных свалок ТБО (с августа 2011 г.) ликвидировано 36635 свалок 
<MNR_Government>|2013-06-04|15:36:15|1|0|0|0|0|0|0|0|0|0|1|0|0|2|0|0|http://t.co/RroZ9VQwnp Крупнейшие предприятия страны подтвердили свое участие в акции "Ноль негативного воздействия на окружающую среду" 
<MNR_Government>|2013-06-05|13:00:41|0|0|0|0|0|0|0|0|0|0|0|0|0|3|0|0|http://t.co/OnNQTQc29zИнспекторы Росприроднадзора будут нести дежурство во взаимодействии с инспекторами ДПС Госавтоинспекции на стац.постах 
<MNR_Government>|2013-06-05|13:01:27|0|0|0|0|0|0|0|0|0|0|1|0|1|3|0|0|http://t.co/GvBOC6NGb5 МПР и РГО во Всемирный день окружающей среды 5 июня проводят совместную акцию «Заповедная Россия» 
<MNR_Government>|2013-06-05|13:01:52|0|1|0|0|0|0|0|0|0|0|0|0|0|2|0|0|http://t.co/cMVDDGTIJA Министр природных ресурсов и экологии РФ Сергей Донской поздравил экологов с профессиональным праздником 
<MNR_Government>|2013-06-05|13:39:19|0|0|0|1|0|0|0|0|0|0|0|0|0|1|0|0|http://t.co/fS1MDS37JL Минприроды России объявляет о начале Общероссийской национальной конкурсной программы «Аллея России» |России
<MNR_Government>|2013-06-05|17:00:45|0|0|0|0|0|0|0|0|0|0|0|0|0|2|0|0|https://t.co/htKzkgOnBL В подведомственных МПР заповедниках и национальных парках проходят мероприятия, приуроченные к Дню эколога 
<MNR_Government>|2013-06-05|17:10:48|0|0|0|1|0|0|0|0|0|0|0|0|1|1|0|0|http://t.co/k2m1C8bfsZ первый экологический рейтинг крупных городов России за 2011- первый квартал 2012 г. |России
<MNR_Government>|2013-06-06|15:11:50|1|0|0|0|0|0|0|0|0|0|0|0|0|1|0|0|http://t.co/0WfczfmCxB состоялось заседание российско-американской Рабочей группы по проблеме V 
<MNR_Government>|2013-06-06|15:13:35|0|0|0|5|0|0|0|0|0|0|0|0|1|2|0|0|Первые 5 мест в общем экологическом рейтинге качества городской среды в 2011 г. заняли Волгоград, Санкт-Петербург, Саранск, Вологда и Курск |Волгоград|Санкт-Петербург|Саранск|Вологда|Курск
<MNR_Government>|2013-06-07|17:35:52|0|0|0|0|0|0|0|0|0|0|0|0|0|0|0|0|http://t.co/0C0RDDm55P Одобрен План управления сохранением чукотско-аляскинской популяции белого медведя 
<MNR_Government>|2013-06-07|17:36:14|0|0|0|0|0|0|0|0|0|0|0|0|0|2|0|0|http://t.co/0crpB0VLOB Сергей Донской примет участие в экологическом фестивале, приуроченном ко Дню эколога 
<MNR_Government>|2013-06-07|17:37:57|0|0|0|0|0|0|0|0|0|0|1|0|0|2|0|0|http://t.co/TnqYflfbFrБудет установлен переходный период по введению принципов и механизмов создания комплексной системы управления отходами 
<MNR_Government>|2013-06-10|16:32:20|0|0|0|1|0|0|0|0|0|0|0|0|2|2|0|0|http://t.co/tP8cqrOV00 Министр природных ресурсов и экологии РФ Сергей Донской 10-12 июня посетит с рабочим визитом г. Осло (Норвегия) |Осло
<MNR_Government>|2013-06-10|16:34:19|0|0|0|0|0|0|0|0|0|0|0|0|0|2|0|0|http://t.co/q5WZXXyHPx Необходимо организовать работы по расчистке территорий в пределах санитарно-защитных зон железнодорожных путей 
<MNR_Government>|2013-06-10|16:37:35|0|0|0|1|0|0|0|0|0|0|1|0|0|2|0|0|http://t.co/HlWXuwUSaz Р. Гизатулин: вступление России в ОЭСР позволит координировать экономическую политику с другими развитыми странами |России
<MNR_Government>|2013-06-10|17:22:20|0|0|0|0|0|0|0|0|0|0|0|0|0|2|0|0|http://t.co/DtvNotSTWo Ринат Гизатулин рассказал о последних достижениях в сфере экологии 
<MNR_Government>|2013-06-10|17:24:00|0|0|0|0|0|0|0|0|0|0|0|0|0|2|0|0|http://t.co/i2T6znBP8Y Правительство РФ утвердило «Положение о государственном мониторинге состояния и загрязнения окружающей среды» 
<MNR_Government>|2013-06-13|11:13:35|0|0|0|0|0|0|0|0|0|0|0|0|0|2|0|0|http://t.co/QYGaM9fslGСостоялось 16 заседание  российско-норвежской МПК по экономическому,промышленному и научно-техническому сотрудничеству 
<MNR_Government>|2013-06-13|11:14:00|0|0|0|1|0|0|0|0|0|0|0|0|0|2|0|0|http://t.co/QYGaM9fslGСергей Донской провел рабочую встречу с Министром нефти и энергетики Норвегии Улла Буртеном Муе |Норвегии
<MNR_Government>|2013-06-13|13:20:51|0|0|0|0|0|0|0|0|0|0|1|0|0|1|0|0|http://t.co/jFLKHoaMjj изменен Порядок рассмотрения заявок на получение краткосрочного права пользования участком недр 
<MNR_Government>|2013-06-13|18:12:49|0|0|0|0|0|0|0|0|0|0|0|0|0|1|0|0|http://t.co/hxj85xf9cj Министр природных ресурсов и экологи РФ Сергей Донской принял ряд кадровых решений 
<MNR_Government>|2013-06-23|16:29:30|1|0|0|0|0|0|0|1|0|0|1|0|0|3|0|0|Всего на реализацию проектов по ликвидации накопленного ущерба из федерального бюджета планируется привлечь более 165 млрд. руб. 
<MNR_Government>|2013-06-23|16:31:30|0|0|0|0|0|0|0|0|0|0|0|0|0|3|0|0|http://t.co/2QyN9zfrB1Важная задача:за семь лет увеличить долю использованных и обезвреженных отходов производства и потребления с 11% до 80 
<MNR_Government>|2013-06-23|16:40:16|0|0|1|0|0|0|0|0|0|0|0|0|0|1|0|0|Вести.Ru: Донской: РФ может превратиться в одну большую свалку http://t.co/bdKfIzXrrH 
<MNR_Government>|2013-06-23|16:41:50|0|0|1|1|0|0|0|0|0|0|0|0|0|1|0|0|Вести.Ru: В России появится отрасль по переработке отходов http://t.co/9NX9WHyH3y |России
<MNR_Government>|2013-06-23|16:42:04|0|0|0|0|0|1|0|0|0|0|1|0|0|4|0|0|http://t.co/5EyHQX57TK - "Изменять в законодательстве условия доступа на шельф иностранных компаний мы не… 
<MNR_Government>|2013-06-24|11:58:00|0|0|0|0|0|0|0|0|0|0|0|0|0|0|1|0|RT @ecolog73: Завершается подготовительный период ФЦП «Ликвидация накопленного экологического ущерба» http://t.co/o5T0htGsSI 
<MNR_Government>|2013-06-24|17:02:56|0|0|0|0|0|0|0|0|0|0|0|0|0|1|0|0|http://t.co/XhAwo5D6VHНа территории РФ выявлено 52444 места несанкционированного размещения твердых бытовых отходов на общей площади 15223га 
<MNR_Government>|2013-06-25|15:09:43|0|0|0|1|0|0|0|0|0|0|0|0|0|2|0|0|http://t.co/X84fmCniik МПР публикует Госдоклад «О состоянии и использовании минерально-сырьевых ресурсов Российской Федерации за 2011 год» |Российской Федерацией
<MNR_Government>|2013-06-25|15:10:37|0|0|0|0|0|0|0|1|0|0|0|0|1|3|0|0|http://t.co/WKoFuiZpx7 2011 г. - финансирование работ по геологическому изучению недр и воспроизводству МСБ - 224,7 млрд руб 
<MNR_Government>|2013-06-25|15:11:05|0|0|0|0|0|0|0|0|0|0|1|0|1|3|0|0|в 2011 г. инвестиции в геологоразведочные работы на ТПИ выросли почти на 43% 
<MNR_Government>|2013-06-25|15:11:59|0|0|0|0|0|0|0|0|0|0|1|0|1|2|0|0|http://t.co/WKoFuiZpx7 инвестиции в МСБ в 2011 г. выросли на 16% 
<MNR_Government>|2013-06-25|15:52:14|0|0|0|0|0|0|0|0|0|0|0|0|2|3|0|0|26 июня 2013 г. в МПР состоится заседание Общественного совета, аккредитация: 8(499)254-16-00 и по e-mail: pr@mnr.gov.ru. 
<MNR_Government>|2013-06-25|15:52:54|0|0|0|0|0|0|0|0|0|0|0|0|0|1|0|0|http://t.co/HYRfXGQ2QV На заседании Общественного совета будет обсуждаться план деятельности МПР на 2013-2018 гг. 
<MNR_Government>|2013-06-25|16:58:07|0|0|0|0|0|0|0|0|0|0|0|0|1|2|0|0|http://t.co/45qTJXgOnq Утверждены перечни участков недр, предлагаемые в 2013 г. для предоставления в пользование в целях геолог.  изучения 
<MNR_Government>|2013-06-26|10:29:37|0|0|0|1|0|0|0|0|0|0|0|0|2|3|0|0|http://t.co/pCJSvyEvn4 Полярники, эвакуированные с дрейфующей станции «Северный полюс-40»,  вернутся в г. Мурманск до конца июня |Мурманск
<MNR_Government>|2013-06-27|16:12:55|0|1|0|1|0|0|0|0|0|0|0|0|1|2|0|0|http://t.co/sNkjYdcbUy Общественный совет при Минприроды России одобрил приоритетные цели ведомства на 2013-2018 годы |России
<MNR_Government>|2013-06-27|16:13:26|0|0|0|1|0|0|0|0|0|0|0|0|0|1|0|0|http://t.co/wKlfah3B1q На должность заместителя председателя Общественного совета при Минприроды России назначен Валентин Степанков |России
<MNR_Government>|2013-06-27|16:20:30|0|0|0|5|0|0|0|0|0|0|0|0|0|3|0|0|http://t.co/ksN5GeeqIQ По объёму добычи золота Россия в 2011г.,опередив ЮАР,вновь заняла четвертое место в мире после Китая, Австралии и США |Россия|ЮАР|Китая|Австралии|США
<MNR_Government>|2013-06-27|16:25:07|0|0|0|1|0|0|0|0|0|0|0|0|0|2|0|0|Значительная часть сырьевой базы золота РФ сконцентрирована в 6 регионах Сибири и Дальнего Востока |Дальнего Востока
<MNR_Government>|2013-06-27|16:25:48|0|0|0|6|0|0|0|0|0|0|0|0|0|2|0|0|Сырьевая база золота РФ сконц. в Иркутской и Магаданской обл-ях, Красноярском и Забайкальском кр-ях, Республике Саха (Якутия) и Чукотском АО |Иркутской области|Магаданской области|Красноярском|Забайкальском крае|Саха|Чукотском автономном округе
<MNR_Government>|2013-06-27|16:41:57|0|0|0|1|0|0|0|0|0|0|0|0|1|1|0|0|http://t.co/tVLx6eXPmt Минприроды России публикует План деятельности ведомства на 2013-2018 годы |России
<MNR_Government>|2013-06-27|16:54:48|0|0|0|0|0|0|0|0|0|0|0|0|0|3|0|0|http://t.co/6hatFIZoPeПлан мероприятий по созд-ю благопр-х условий для исп. возобн. древесных источников для пр-ва тепловой и электроэнергии 
<MNR_Government>|2013-06-28|12:55:21|0|0|0|0|0|0|0|0|0|0|0|0|2|1|0|0|http://t.co/xqMJt3bWuv Итоги совещания в г. Сургуте, которое #СергейДонской провел 26 июня 
<MNR_Government>|2013-06-28|12:55:38|0|0|0|1|0|0|0|0|0|0|0|0|0|2|0|0|http://t.co/EBn3RLqctG Россия занимает 1 место в мире по добыче палладия |Россия
<MNR_Government>|2013-06-28|12:56:03|0|0|0|0|0|0|0|0|0|0|0|0|0|0|0|0|Государственным балансом запасов РФ (раздел- металлы платиновой группы)  учтено 132 месторождения металлов платиновой группы 
<MNR_Government>|2013-06-28|12:56:48|0|0|0|2|0|0|0|0|0|0|0|0|0|2|0|0|До четверти добычи платины в России обеспечивают россыпные месторождения Хабаровского и Камчатского краев |России|Хабаровского края
<MNR_Government>|2013-07-01|09:29:17|0|0|0|0|0|0|0|0|0|0|0|0|0|3|0|0|http://t.co/VRLWg3O6jH развед.  запасы алмазов РФ превышают 1 млрд.кар, и РФ стается мировым лидером по про-ву алмазов в весовом выражении 
<MNR_Government>|2013-07-01|09:31:17|0|0|0|0|0|0|0|0|0|0|0|0|1|2|0|0|Российский импорт алмазов в 2011 г. составил 154 тыс. кар на сумму 69,8 млн долл. 
<MNR_Government>|2013-07-01|09:32:32|0|0|0|1|0|0|0|0|0|0|1|0|0|1|0|0|http://t.co/uLh4w7wIww Вступает в силу ФЗ «О внесении изменений в Федеральный закон «О континентальном шельфе Российской Федерации» |Российской Федерацией
<MNR_Government>|2013-07-02|12:38:52|0|0|0|0|0|0|0|0|0|0|0|0|0|1|0|0|http://t.co/UrVsKuB2PW Глава Минприроды поручил повысить эффективность защиты лесов от короеда-типографа 
<MNR_Government>|2013-07-02|12:41:14|0|0|0|0|0|0|0|0|0|0|0|0|0|0|0|0|http://t.co/0G0SgIfz6E Вспомним наглядную агитацию 
<MNR_Government>|2013-07-02|13:57:13|0|0|0|0|0|0|0|0|0|0|0|0|0|0|0|0|http://t.co/Bm5M5Ydr6I #СергейДонской провел прямую телефонную конференцию c полярниками науч.-исслед.дрейфующей станции «Северный полюс-40» 
<MNR_Government>|2013-07-03|14:16:06|0|1|0|0|0|0|0|0|0|0|0|0|1|1|0|0|4 июля в 11:00 состоится торжественная церемония открытия фотовыставки «Арктика: исчезающий мир» в аэропорту "Шереметьево" 
<MNR_Government>|2013-07-05|10:01:47|0|0|0|0|0|0|0|0|0|0|1|0|0|2|0|0|http://t.co/iEQy1S9JHP принят ФЗ «О внесении изменений в Федеральный закон «Об охране окружающей среды» и отд. законодательные акты РФ» 
<MNR_Government>|2013-07-05|15:53:30|0|0|0|0|0|0|0|0|0|0|0|0|0|1|0|0|http://t.co/iLEH3Eze1J идет подготовка ОВОС по газопроводу «Северный поток» 
<MNR_Government>|2013-07-09|09:32:33|0|0|0|0|0|0|0|0|0|0|0|0|0|5|0|0|http://t.co/mf4COjGFzGПодписано Соглашение о займе по проекту «Реформирование лесоуправления и меры по борьбе с лесными пожарами в России» 
<MNR_Government>|2013-07-09|09:33:30|0|0|0|2|0|0|0|1|0|0|0|0|0|5|0|0|Сумма займа на проект по реформированию лесоуправления и мерам по борьбе с лесными пожарами в России составит 40 млн долларов США |России|США
<MNR_Government>|2013-07-09|10:28:47|0|0|0|0|0|0|0|0|0|0|0|0|0|2|0|0|По данным Рослесхоза с начала пожароопасного сезона на территории РФ возникло 6 169 лесных пожаров, на площади 621, 4 тыс га 
<MNR_Government>|2013-07-09|10:29:11|0|0|0|0|0|0|0|0|0|0|0|0|0|3|0|0|Для борьбы с  огнем ежедневно привлекается до 4000 человек, 500 единиц техники и более 50 воздушных судов 
<MNR_Government>|2013-07-09|16:32:26|0|0|0|2|0|0|0|0|0|0|1|0|0|0|0|0|http://t.co/4OgHIGVj6Y Государственной Думой РФ приняты подготовленные Минприроды России Федеральные законы |Думой|России
<MNR_Government>|2013-07-09|16:34:40|0|0|0|0|0|0|0|0|0|0|0|0|0|3|0|0|Принят ФЗ«О внесении изм. в Закон РФ«О недрах» (в ч. увел. срока геол. изуч. в ра-нах со сложными климат-ми и ландшафтно-географич. усл-ми) 
<MNR_Government>|2013-07-09|16:35:20|0|0|0|0|0|0|0|0|0|0|0|0|0|1|0|0|Принят ФЗ«О внесении изменений в Закон РФ «О недрах» (о конкретизации отдельных вопросов пользования недрами)» 
<MNR_Government>|2013-07-16|08:51:36|0|0|0|0|0|0|0|0|0|0|1|0|0|1|0|0|http://t.co/fjzb6sEd5S имеющийся углеводородный потенциал сможет обеспечивать российскую экономику в течение 30 лет 
<MNR_Government>|2013-07-16|09:09:19|0|0|0|0|0|0|0|0|0|0|0|0|1|2|0|0|в 2012 г. прирост разведанных запасов составил по жидким углеводородам (нефть+конденсат)-650 млн т, по свободному газу–800 млрд м3 
<MNR_Government>|2013-07-16|13:38:50|0|0|0|0|0|0|0|0|0|0|0|0|0|4|0|0|в Сочинском национальном парке родились первые котята от пары леопардов - самки Андреа и самца Задига 
<MNR_Government>|2013-07-16|13:39:44|0|0|0|1|0|0|0|0|0|0|0|0|0|1|0|0|http://t.co/Wfs1Pthf9a Первые результаты Программы восстановления переднеазиатского леопарда на Западном Кавказе |Западном административном округе
<MNR_Government>|2013-07-17|14:03:47|0|0|0|0|0|0|0|0|0|0|0|0|0|1|0|0|http://t.co/eNzsH0eJNX Опубликовано видео с новорожденными котятами переднеазиатского леопарда 
<MNR_Government>|2013-07-18|09:21:30|0|0|0|0|0|0|0|0|0|0|1|0|0|1|0|0|http://t.co/IiBEGTHC76 ТОП ООО «РосБио» ждет проверка на предмет соблюдения требований природоохранного законодательства 
<MNR_Government>|2013-07-18|09:22:23|0|0|0|0|0|0|0|0|0|0|0|0|0|0|0|0|http://t.co/PNvGipv7yJ В заповеднике "Хакасский" пресечено более 100 нарушений 
<MNR_Government>|2013-07-18|11:53:49|1|0|0|0|0|0|0|0|0|0|0|0|0|2|0|0|Специалисты разберутся в причинах появления неприятного резкого запаха, доносящегося со стороны спиртового завода ТОП ООО «РосБио» 
<MNR_Government>|2013-07-18|11:56:14|0|0|0|1|0|0|0|0|0|0|0|0|0|3|0|0|http://t.co/4pcdA5DJyX Казахстан рассматривает РФ как основного партнера в Концепции сотрудничества с зарубежными странами «Зеленый мост» |Казахстан
<MNR_Government>|2013-07-18|14:04:15|0|0|0|0|0|0|0|0|0|0|1|0|0|4|0|0|Опергруппа заказника «Позарым» - одной из ключевых территорий по сохранению снежного барса (ирбиса) - перешла на усиленный режим охраны 
<MNR_Government>|2013-07-19|15:50:40|0|0|0|0|0|0|0|0|0|0|0|0|2|5|0|0|22 июля 2013 г. в 13.00 в ИД «КП» - телемост, главный вопрос -  кто и как будет охранять диких животных? 
<MNR_Government>|2013-07-19|15:51:19|0|0|0|0|0|0|0|0|0|0|0|1|0|2|0|0|http://t.co/2lnjigexES Аккредитация на 22.07. на телемост с участием министра Сергея Донского 
<MNR_Government>|2013-07-22|17:37:34|0|0|0|0|0|0|0|0|0|0|0|0|2|1|0|0|С августа 2011 г. Росприроднадзором выявлены 54944 несанкционированные свалки ТБО на общей площади 17388 га 
<MNR_Government>|2013-07-22|17:45:30|0|0|0|0|0|0|0|0|0|0|0|0|0|1|0|0|На территории РФ ликвидировано 38961 место несанкционированного размещения ТБО на общей площади 7534 га 
<MNR_Government>|2013-07-23|11:58:57|0|0|0|1|0|0|0|0|0|0|0|0|0|0|0|0|http://t.co/wPy8owZUIr природоохранные ведомства Пермского края ждет проверека качества исполнения переданных полномочий |Пермского края
<MNR_Government>|2013-07-24|16:11:48|0|0|0|1|0|0|0|0|0|0|0|0|0|2|0|0|http://t.co/xq1Ieymgv1 На Общественном совете подвели итоги за I полугодие проведения в России Года охраны окружающей среды |России
<MNR_Government>|2013-07-25|13:11:01|0|0|0|1|0|0|0|0|0|0|0|0|0|2|0|0|http://t.co/EMo5whFoYV Минприроды России озабочено информацией о повышенном содержании фосфора в бассейне Балтийского моря |России
<MNR_Government>|2013-07-25|13:40:57|0|0|0|1|0|0|0|0|0|0|0|0|2|1|0|0|26 июля 2013 г. #СергейДонской посетит с рабочим визитом г. Улан-Удэ (Республика Бурятия) |Улан-Удэ
<MNR_Government>|2013-07-25|13:41:24|0|0|0|1|0|0|0|0|0|0|0|0|1|2|0|0|http://t.co/pxSJTnvU4h 26 июля в Улан-Удэ пройдет заседание Межведомственной комиссии по вопросам охраны озера Байкал. |Улан-Удэ
<MNR_Government>|2013-07-25|16:53:25|0|0|0|0|0|0|0|0|0|0|1|1|2|1|0|0|http://t.co/JWUwUpN1LA Президент подписал Федеральный закон от 23 июля 2013 г. №242 
<MNR_Government>|2013-07-26|15:28:38|0|0|0|0|0|0|0|0|0|0|0|0|0|1|0|0|http://t.co/v9NELgfu1H представители общественных экологических организаций должны быть защищены 
<MNR_Government>|2013-07-26|15:29:22|0|0|0|0|0|0|0|0|0|0|0|0|0|2|0|0|Начал работу официальный сайт X Всемирной Конференции по спорту и окружающей среде http://t.co/cfrZwlvcMF 
<MNR_Government>|2013-07-26|16:30:38|0|0|0|0|0|0|0|0|0|0|0|0|0|1|0|0|http://t.co/qX3tL1Gm7O Итоги заседания Межведомственной комиссии по вопросам охраны озера Байкал 
<MNR_Government>|2013-07-29|14:55:40|0|0|0|0|0|0|0|0|0|0|0|0|0|1|0|0|http://t.co/LZAB9VWuvDНа территории РФ выявлено 55391 место несанкционированного размещения твердых бытовых отходов на общей площади 17420га 
<MNR_Government>|2013-07-30|11:42:35|0|0|0|0|0|0|0|0|0|0|1|0|0|1|0|0|Амурский тигр под защитой российского законодательства http://t.co/Fuke6gCI1e 
<MNR_Government>|2013-07-31|11:44:45|0|0|0|1|0|0|0|0|0|0|0|0|0|1|0|0|http://t.co/I1kNHpSReo конкурс: вакантна должность директора заповедника «Байкало-Ленский» и Прибайкальского национального парка |Прибайкальского района
<MNR_Government>|2013-08-01|15:16:18|0|0|0|1|0|0|0|0|0|0|0|0|0|2|0|0|http://t.co/cDsOmMXQBa Глава Минприроды России #СергейДонской встал на защиту диких кабанов от истребления |России
<MNR_Government>|2013-08-01|15:17:29|0|0|0|0|0|0|0|0|0|0|0|0|0|2|0|0|Основной причиной распространения АЧС является человеческий фактор – нарушения ветеринарно-санитарных норм при содержании домашних свиней 
<MNR_Government>|2013-08-01|15:20:49|0|0|0|0|0|0|0|0|0|0|0|0|0|4|0|0|Африканская чума свиней не поддается лечению и вакцинопрофилактике, однако безопасна для людей 
<MNR_Government>|2013-08-05|17:36:23|0|0|0|0|0|0|0|0|0|0|0|0|0|1|0|0|http://t.co/RXbtU2Jieh установлен порядок определения размера разового платежа на участках недр 
