<roscomnadzor>|2012-07-27|14:26:13|0|0|0|1|0|0|0|0|0|0|0|0|0|1|0|0|Все карты покрытия дорог России мобильной связью на сайте Роскомнадзора http://t.co/VE4StA0e |России
<roscomnadzor>|2012-07-30|15:57:36|0|0|0|1|0|0|0|0|0|0|0|0|0|2|0|0|Поздравляем Марка Кривошеева с 90-летием! Новых открытий, здоровья и благополучия! http://t.co/FpjzbfeZ |Новых Анен
<roscomnadzor>|2012-07-31|14:41:37|0|0|0|0|0|0|0|0|0|0|0|0|0|1|0|0|За I полугодие Роскомнадзор зарегистрировал 2189 СМИ, выдал 1540 лицензий (34 универсальных) и вынес 21 предупреждение http://t.co/ZbSz2wxL 
<roscomnadzor>|2012-08-01|17:45:52|0|0|0|0|0|0|0|0|0|0|0|0|0|2|0|0|Роскомнадзор предупредил «Русский репортер» за публикацию репортажа о наркопритоне http://t.co/pLYw8Mdl 
<roscomnadzor>|2012-08-02|17:17:45|0|0|0|0|0|0|0|0|0|0|1|0|1|1|0|0|Роскомнадзор за второй квартал 2012 г. обработал 6807 обращений граждан http://t.co/26xw16xX 
<roscomnadzor>|2012-08-03|09:50:06|0|0|0|0|0|0|0|0|0|0|0|0|0|2|0|0|Роскомнадзор намерен взять на контроль дело о нападении на редактора газеты «Петербургское качество» В.Вишневецкого  http://t.co/z3NozuP0 
<roscomnadzor>|2012-08-03|11:58:00|0|0|0|0|0|0|0|0|0|0|0|0|0|1|0|0|Роскомнадзор просит Петербургскую прокуратуру провести проверку по  делу журналиста В.Вишневецкого http://t.co/dSVPBBG2 
<roscomnadzor>|2012-08-06|16:57:46|0|0|0|0|0|0|0|0|0|0|0|0|0|1|0|0|Опубликован справочник значений коэффициента Кнас, учитывающего численность населения в месте установки РЭС http://t.co/qWuvFkJb 
<roscomnadzor>|2012-08-06|19:09:24|0|0|0|0|0|0|0|0|0|0|1|0|0|2|0|0|Разъяснения Роскомнадзора по поводу так называемого закона «о черных списках» http://t.co/ghwv381W 
<roscomnadzor>|2012-08-07|14:38:14|0|0|0|0|0|0|0|0|0|0|0|0|0|3|0|0|Роскомнадзор собирает 09.08.встречу с операторами сотовой связи для обсуждения взаимодействия в аварийных ситуациях http://t.co/DdWsL3Wv 
<roscomnadzor>|2012-08-08|10:37:08|0|0|0|0|0|0|0|0|0|0|0|0|0|2|0|0|Роскомнадзор начинает публиковать списки юридических лиц, в отношении которых будут проводиться плановые проверки http://t.co/KS5LGg3D 
<roscomnadzor>|2012-08-08|17:20:22|0|0|0|0|0|0|0|0|0|0|0|0|0|4|0|0|Адрес трансляции (09/08/12 15:00) совещания с операторами связи по вопросам взаимодействия  в аварийных ситуациях - http://t.co/eQFbSvmd 
<roscomnadzor>|2012-08-09|15:04:47|0|0|0|0|0|0|0|0|0|0|0|0|0|1|0|0|В Роскомнадзоре началась встреча с операторами сотовой связи. Адрес трансляции http://t.co/eQFbSvmd 
<roscomnadzor>|2012-08-09|16:48:59|0|0|0|1|0|0|0|0|0|0|0|0|0|0|0|0|Роскомнадзор завершил плановую проверку ЗАО «АКАДО Столица» http://t.co/QKRhlYdy |ЗАО
<roscomnadzor>|2012-08-10|12:17:08|0|0|0|0|0|0|0|0|0|0|0|0|0|2|0|0|Видеозапись совещания операторов связи о взаимодействии в аварийных ситуациях http://t.co/Nf92dMhr 
<roscomnadzor>|2012-08-10|16:02:55|0|0|0|0|0|0|0|0|0|0|0|0|0|3|0|0|Роскомнадзор напоминает вещателям о необходимости маркировать инфопродукты с 01.09. и программы передач с 27.08 http://t.co/y632KZgD 
<roscomnadzor>|2012-08-13|10:13:47|0|0|0|0|0|0|0|0|0|0|0|0|0|2|0|0|Роскомнадзор попросил отчитаться скидочные интернет-магазины о мерах по охране персональных данных http://t.co/0rjUmWAm 
<roscomnadzor>|2012-08-13|18:28:57|0|0|0|1|0|0|0|0|0|0|1|0|0|0|0|0|В Индии закрыты сайты, незаконно публиковавшие персданные российских граждан http://t.co/Dvb0m2uX |Индии
<roscomnadzor>|2012-08-14|13:37:19|0|0|0|0|0|0|0|0|0|0|0|0|1|1|0|0|Роскомнадзор опубликовал показатели своей деятельности за первое полугодие 2012 года http://t.co/wup5FOJu 
<roscomnadzor>|2012-08-15|09:53:04|0|0|0|0|0|0|0|0|0|0|0|0|0|2|0|0|Роскомнадзор предупреждает операторов телевещания о необходимости маркировки программ телепередач с 27.08.12. http://t.co/TlIIhsY4 
<roscomnadzor>|2012-08-16|15:29:23|0|0|0|0|0|0|0|0|0|0|0|0|0|5|0|1|@2001bsn Оператор должен соблюдать условия договора с абонентом. Любые сомнения - повод для обращения в РПН, РКН или суд. 
<roscomnadzor>|2012-08-17|10:08:40|0|0|0|0|0|0|0|0|0|0|1|0|0|2|0|0|Роскомндзор ответил на вопросы телевещателей о применении закона «о защите детей» http://t.co/tWxF3sxA 
<roscomnadzor>|2012-08-17|15:49:26|0|0|0|0|0|0|0|0|0|0|1|0|0|1|0|0|Роскомнадзор опубликовал списки участников конкурсов на право наземного эфирного вещания http://t.co/6ECXsDSC 
<roscomnadzor>|2012-08-17|17:59:00|0|0|0|0|0|0|0|0|0|0|0|0|0|2|0|0|Операторы связи внесли свои предложения в регламент «аварийного роуминга» http://t.co/KDQj7Nq6 
<roscomnadzor>|2012-08-20|13:56:57|0|0|0|0|0|0|0|0|0|0|0|0|0|1|0|0|На прошлой неделе Роскомнадзор вынес 9 предписаний телерадиовещателям и 1 предупреждение газете http://t.co/94jqckxC 
<roscomnadzor>|2012-08-21|09:36:14|0|0|0|0|0|0|0|0|0|0|0|0|0|2|0|0|На прошедшей неделе Роскомнадзор выдал 23 новых лицензии на телерадиовещание и зарегистрировал 48 СМИ http://t.co/IGuhMZU1 
<roscomnadzor>|2012-08-21|10:19:33|0|0|0|0|0|0|0|0|0|0|1|0|0|1|0|0|Роскомнадзор объявил очередные конкурсы на получение права наземного эфирного вещания http://t.co/lE8TOZMN 
<roscomnadzor>|2012-08-21|14:27:08|0|0|0|0|0|0|0|0|0|0|0|0|0|3|0|0|«Русский репортер» по требованию Роскомнадзора удалил с сайта материал о наркопритоне http://t.co/ggnxRNzp 
<roscomnadzor>|2012-08-22|11:26:12|0|0|0|0|0|0|0|0|0|0|0|0|0|1|0|0|При Роскомнадзоре создан Экспертный совет по массовым коммуникациям http://t.co/U3dx85Cg 
<roscomnadzor>|2012-08-23|09:58:52|0|0|0|0|0|1|0|0|0|0|0|0|0|3|0|1|@Lezhnevs Про рекламу вопрос не к нам. 
<roscomnadzor>|2012-08-23|10:01:12|0|0|0|0|0|0|1|0|0|0|0|0|0|3|0|1|@IamCaterpillar У них более широкий круг вопросов для рассмотрения (не ленитесь заходить по ссылке) 
<roscomnadzor>|2012-08-23|10:02:30|0|0|0|0|0|0|0|0|0|0|1|0|0|2|0|1|@Orazoff Наличие консультативных органов на бюджетной политике не сказывается 
<roscomnadzor>|2012-08-23|13:02:30|1|0|0|1|0|0|0|0|0|0|0|0|0|2|0|0|Роскомнадзор проверяет жалобу на незаконное распространения персональных данных призывников в Волгограде http://t.co/61bfi0u2 |Волгограде
<roscomnadzor>|2012-08-23|13:59:45|0|1|0|0|0|0|0|0|0|0|0|0|0|3|0|1|@Lezhnevs Вы определитесь, пожалуйста, с вопросом. Хотелось бы с пользой для дела использовать коммуникационную площадку))) 
<roscomnadzor>|2012-08-23|17:11:40|0|0|0|0|0|0|0|0|0|0|1|0|0|1|0|0|Профсообщество подтвердило базовые подходы к реализации закона «О защите детей» http://t.co/iL3Bmfv9 
<roscomnadzor>|2012-08-23|17:25:00|0|0|0|0|0|0|0|0|0|0|1|0|0|4|0|1|@Lezhnevs Уточните у продавца - в платном режиме работает LTE или в тестовом? 
<roscomnadzor>|2012-08-24|14:17:03|0|0|0|0|0|0|0|0|0|0|1|0|0|1|0|0|Роскомнадзор разъяснил позицию профсообщества по закону «О защите детей» своим терорганам http://t.co/udLxmmFx 
<roscomnadzor>|2012-08-24|14:24:34|0|0|0|0|0|0|0|0|0|0|0|0|0|1|0|0|Роскомнадзор обнаружил нарушения на сайтах Координационного центра национального домена http://t.co/V8TJLa7b 
<roscomnadzor>|2012-08-27|10:03:18|0|0|0|0|0|0|0|0|0|0|0|0|0|1|0|0|Роскомнадзор вынес на прошлой неделе 3 предписания телерадиовещателям http://t.co/wneSph2y 
<roscomnadzor>|2012-08-27|10:37:54|0|0|0|0|0|0|0|0|0|0|0|0|0|2|0|0|Роскомнадзор на прошлой неделе выдал 16 лицензий на телерадиовещание и зарегистрировал 83 СМИ http://t.co/eO14lE3Q 
<roscomnadzor>|2012-08-27|11:20:53|0|0|0|0|0|0|0|0|0|0|1|0|0|2|0|0|Роскомнадзор начинает аккредитацию представителей редакций печатных и сетевых СМИ для обсуждения 436-го закона http://t.co/c9EPAiX0 
<roscomnadzor>|2012-08-27|16:36:44|0|0|0|0|0|0|0|0|0|0|0|0|0|3|0|0|Роскомнадзор выступает за запрет на использование ненормативной лексики в СМИ http://t.co/7xYodPsD 
<roscomnadzor>|2012-08-28|17:16:33|0|0|0|0|0|0|0|0|0|0|1|0|0|4|0|0|Адрес online трансляции рабочего совещания с печатными и сетевыми СМИ по закону "О защите детей" (завтра в 11:00) http://t.co/eQFbSvmd 
<roscomnadzor>|2012-08-28|17:21:09|0|0|0|1|0|0|0|0|0|0|0|0|0|1|0|0|Роскомнадзор просит французских коллег помочь в защите персданных гражданки России http://t.co/AgqgdPdJ |России
<roscomnadzor>|2012-08-29|10:51:43|0|0|0|0|0|0|0|0|0|0|0|0|0|3|0|0|Начало трансляции рабочего совещания с печатными и сетевыми СМИ в 11:00 http://t.co/eQFbSvmd 
<roscomnadzor>|2012-08-29|18:10:22|0|0|0|4|0|0|0|0|0|0|0|0|0|3|0|0|ФКК определила победителей семи конкурсов на вещание в Иркутске, Улан-Удэ, Хабаровске и Комсомольске-на-Амуре http://t.co/N8NpblG6 |Иркутске|Улан-Удэ|Хабаровске|Комсомольске-на-Амуре
<roscomnadzor>|2012-08-29|18:25:31|0|0|0|1|0|0|0|0|0|0|0|0|0|0|0|1|@AAntonenkov Москва, Китайгородский проезд, д.7, стр.2 http://t.co/7yfhEZEH |Москва
<roscomnadzor>|2012-08-30|14:20:19|0|0|0|0|0|0|0|0|0|0|0|0|0|3|0|0|РКН настаивает на необходимости маркировать тексты и другие материалы в печатной и сетевой прессе http://t.co/7uk1eTgZ 
<roscomnadzor>|2012-08-30|16:36:22|0|0|0|0|0|0|0|0|0|0|0|0|0|1|0|1|@dplenin Рекомендуем поставить маркировочный знак в профиле Вашего аккаунта 
<roscomnadzor>|2012-08-30|17:43:25|0|0|0|0|0|0|0|0|0|0|1|0|0|4|0|0|Опубликован список кандидатов в Федеральную экспертную комиссию при РКН для работы с законом "О защите детей" http://t.co/EmkE4wp0 
<roscomnadzor>|2012-09-03|09:45:13|0|0|0|0|0|0|0|0|0|0|0|0|0|1|0|0|Глава Роскомнадзора Александр Жаров ответил на вопросы "РГ" http://t.co/d4OMJv5P 
<roscomnadzor>|2012-09-03|11:48:37|0|0|0|0|0|0|0|0|0|0|0|0|0|4|0|0|Роскомнадзор еще раз напоминает о необходимости маркирования инфопродуктов в публикуемых программах телепередач. http://t.co/X6WoeTKq 
<roscomnadzor>|2012-09-03|14:02:28|0|0|0|0|0|0|0|0|0|0|0|0|0|1|0|0|На минувшей неделе Роскомнадзор выдал 13 новых лицензий на телерадиовещание, зарегистрировал 58 СМИ.http://t.co/Vic3ToDm 
<roscomnadzor>|2012-09-04|10:21:56|0|0|0|0|0|0|0|0|0|0|0|0|0|2|0|0|Роскомнадзор на минувшей неделе вынес 5 предписаний телерадиовещателям и 3 предупреждения СМИ. http://t.co/Ka0zevQU 
<roscomnadzor>|2012-09-04|14:11:07|1|0|0|0|0|0|1|0|0|0|0|0|0|4|0|0|Рекомендации РКН по применению ФЗ № 436 «О защите детей от информации, причиняющей вред их здоровью и развитию».http://t.co/rtu7I2Wt 
<roscomnadzor>|2012-09-05|13:22:41|0|0|0|0|0|0|0|0|0|0|0|0|0|3|0|0|РКН дополнительно разъясняет, что ФССП может публиковать фото должников только в рамках исполнения судебных актов. http://t.co/BgzZaq4y 
<roscomnadzor>|2012-09-06|20:02:13|0|0|0|0|0|0|0|0|0|0|1|0|0|5|0|0|Роскомнадзор: опасения по поводу ограничений на распространение сайтов из-за закона о защите детей не обоснованны. http://t.co/b4HAgb50 
<roscomnadzor>|2012-09-07|14:24:05|0|0|0|0|0|0|0|0|0|0|0|0|0|3|0|0|Роскомнадзор информирует о введении новых бланков для ряда разрешительных документов в сфере связи.http://t.co/ke8kKRIr 
<roscomnadzor>|2012-09-07|16:37:03|0|0|0|0|0|0|0|0|0|0|0|0|0|2|0|0|РКН: предлагаемые принципы расчета платы за спектр сотовым операторам направлены на повышение качества мобильной связи. http://t.co/8ysT8RPT 
<roscomnadzor>|2012-09-10|14:07:29|0|0|0|0|0|0|0|0|0|0|0|0|0|1|0|0|Роскомнадзор вынес 2 предписания вещателям, предупреждение газете, приостановил действие 4 лицензий на вещание. http://t.co/784Z1km2 
<roscomnadzor>|2012-09-10|16:12:03|0|1|0|0|0|0|0|0|0|0|0|0|0|3|0|0|Представители РКН и ГРЧЦ на международной конференции скоординировали частоты в интересах радиовещателей РФ. http://t.co/4DvPu0hR 
<roscomnadzor>|2012-09-11|09:34:05|0|0|0|0|0|0|0|0|0|0|0|0|0|1|0|0|На минувшей неделе Роскомнадзор принял 15 решений о выдаче новых лицензий вещателям, зарегистрировал 65 СМИ. http://t.co/hnIleVkA 
<roscomnadzor>|2012-09-12|14:09:27|0|0|0|0|0|0|0|0|0|0|1|0|0|4|0|0|Временный порядок аккредитации РКН экспертов и экспертных организаций в соответствии с законом о защите детей. http://t.co/Sbha3yY3 
<roscomnadzor>|2012-09-12|15:34:09|0|0|0|0|0|0|0|0|0|0|0|0|0|3|0|0|РКН приступил к приему документов на аккредитацию экспертов с целью обеспечения информационной безопасности детей. http://t.co/ZaWK1x2m 
<roscomnadzor>|2012-09-13|14:43:42|0|0|0|0|0|0|0|0|0|0|0|0|0|2|0|0|Роскомнадзор и ГРЧЦ изыскали радиочастотные каналы для третьего мультиплекса цифрового телевещания.  http://t.co/N94GvSGF 
<roscomnadzor>|2012-09-14|14:19:29|0|0|0|0|0|0|0|0|0|0|0|0|0|2|0|0|Прекращена деятельность еще семи интернет-ресурсов в зоне ru, незаконно распространявших персональные данные россиян. http://t.co/TvfwOwjt 
<roscomnadzor>|2012-09-14|21:02:08|0|0|0|0|0|0|0|0|0|0|0|0|0|0|0|0|Роскомнадзор вынес письменное предупреждение электронному периодическому изданию «МК.ru». http://t.co/JMOEUwGS 
<roscomnadzor>|2012-09-17|19:15:29|0|0|0|0|0|0|0|0|0|0|0|0|0|1|0|0|РКН рекомендует СМИ не способствовать распространению фильма "Невинность мусульман" http://t.co/VvJQpMJT 
<roscomnadzor>|2012-09-18|16:37:07|0|0|0|0|0|0|0|0|0|0|0|0|0|2|0|0|РКН выдал на прошедшей неделе 15 новых лицензий и зарегистрировал 45 новых СМИ http://t.co/IMM0uP1P 
<roscomnadzor>|2012-09-19|11:00:16|0|0|0|0|0|0|0|0|0|0|0|0|0|1|0|0|Операторы подвижной радиосвязи по инициативе РКН приняли регламент включения аварийного роуминга http://t.co/RNauMDG3 
<roscomnadzor>|2012-09-19|18:22:02|0|0|0|0|0|0|0|0|0|0|0|0|0|1|0|0|РКН вынес письменное предупреждение порталу «Newsland.ru» за экстремизм http://t.co/j7KUQtGi 
<roscomnadzor>|2012-09-20|17:21:49|0|0|0|0|0|0|0|0|0|0|0|0|0|1|0|0|РКН вынес письменное предупреждение порталу “SNOB” за пропаганду наркотиков http://t.co/owiVwLUh 
<roscomnadzor>|2012-09-24|16:07:02|0|0|0|0|0|0|0|0|0|0|1|0|2|3|0|0|РКН информирует о проведении ФКК 28 ноября с.г. конкурсов на право наземного эфирного вещания http://t.co/haQT67eX 
<roscomnadzor>|2012-09-24|16:09:11|0|0|0|0|0|0|0|0|0|0|0|0|0|2|0|0|РКН вынес на прошлой неделе 9 предписаний телерадиовещателям и 3 предупреждения СМИ http://t.co/Zy1ECHxE 
<roscomnadzor>|2012-09-25|10:26:46|0|0|0|0|0|0|0|0|0|0|0|0|0|2|0|0|РКН выдал на прошлой неделе 12 новых лицензий на телерадиовещание и зарегистрировал 79 СМИ http://t.co/j2dhwkT0 
<roscomnadzor>|2012-09-26|13:06:47|0|0|0|1|0|0|0|0|0|0|1|0|0|1|0|0|В России введена в строй система геолокации http://t.co/8RWliXdv |России
<roscomnadzor>|2012-09-27|10:49:50|0|0|0|0|0|0|0|0|0|0|0|0|0|0|0|1|@Shlegel попробуйте *205# 
<roscomnadzor>|2012-10-02|09:09:40|0|0|0|0|0|0|0|0|0|0|0|0|0|2|0|0|РКН выдал на прошлой неделе 10 новых лицензий на ТВ и радиовещание и зарегистрировал 24 СМИ http://t.co/jSIqld0a 
<roscomnadzor>|2012-10-02|12:18:23|0|0|0|0|0|0|0|0|0|0|0|0|0|2|0|0|РКН вынес на прошлой неделе 7 предписаний телерадиовещателям и приостановил действие 1 лицензии http://t.co/8wdPNpUq 
<roscomnadzor>|2012-10-03|14:28:15|0|0|0|0|0|0|0|0|0|0|0|0|0|0|0|0|РКН опубликовал обновленные карты покрытия сотовой связью магистральных автодорог страны http://t.co/itpOdSp6 
<roscomnadzor>|2012-10-04|15:49:33|0|0|0|1|0|0|0|0|0|0|0|0|0|1|0|0|Глава РКН А.Жаров встретился с руководством Республики Татарстан  http://t.co/ZmHJNZs2 |Татарстан
<roscomnadzor>|2012-10-05|09:20:57|0|0|0|1|0|0|0|0|0|0|0|0|0|1|0|0|Руководитель РКН А.Жаров провел в Казани заседание Координационного совета терорганов Поволжья http://t.co/T9g9Kv3W |Казани
<roscomnadzor>|2012-10-05|10:43:41|0|0|0|0|0|0|0|0|0|0|0|0|0|1|0|1|@kotkolobrod Пожалуйста следите за сообщениями СМИ внимательнее http://t.co/nr5SpF9r 
<roscomnadzor>|2012-10-08|11:00:07|0|0|0|0|0|0|0|0|0|0|0|0|0|2|0|0|РКН на прошлой неделе зарегистрировал 5613 РЭС и 8 ВЧУ http://t.co/n08Hk37N 
<roscomnadzor>|2012-10-08|14:24:54|0|0|0|0|0|0|0|0|0|0|0|0|0|2|0|0|РКН вынес на прошлой неделе 10 предписаний телерадиовещателям и приостановил 3 лицензии на эфирное вещание http://t.co/NMRMas6s 
<roscomnadzor>|2012-10-09|11:23:34|0|0|0|0|0|0|0|0|0|0|0|0|0|2|0|0|За прошлую неделю РКН выдал 11 новых лицензий на телерадиовещание и зарегистрировал 32 СМИ http://t.co/DmAt5se6 
<roscomnadzor>|2012-10-11|15:28:07|0|0|0|0|0|0|0|0|0|0|2|0|0|1|0|0|Ситуационный центр РКН проверил готовность систем связи к единому дню голосования http://t.co/MxeXzvXw 
<roscomnadzor>|2012-10-12|10:23:17|0|0|0|0|0|0|0|0|0|0|0|0|0|0|0|1|@HeavyLiftRu Попробуйте 987-6800 
<roscomnadzor>|2012-10-15|11:40:48|0|0|0|0|0|0|0|0|0|0|0|0|0|2|0|1|@Fed_Gol @nnikiforov @MarkShmulevich @postofrussia Розыск почт. отпр. не в нашей комп-и. К сожалению. помочь не сможем http://t.co/jKVZ2gcB 
<roscomnadzor>|2012-10-15|12:43:38|0|0|0|0|0|0|0|0|0|0|0|0|0|2|0|0|РКН на прошлой неделе зарегистрировал 42 СМИ и выдал 20 новых лицензий на телерадиовещание http://t.co/r8Dc3ycN 
<roscomnadzor>|2012-10-15|15:25:05|0|0|0|0|0|0|0|0|0|0|0|0|1|4|0|0|РКН обновил сводную информацию о надзоре и контроле в сфере массовых коммуникаций за 2012 г. http://t.co/BGZjJJlE 
<roscomnadzor>|2012-10-15|18:18:10|0|0|0|0|0|0|0|0|0|0|0|0|0|1|0|0|РКН приступает к опытной эксплуатации беспилотных летательных средств радиоконтроля http://t.co/nQI2PvX8 
<roscomnadzor>|2012-10-15|18:33:08|0|0|0|0|0|0|0|0|0|0|0|0|0|1|0|1|@zmeevolk @nnikiforov Приняли информацию к сведению. Будем рассматривать. Спасибо 
<roscomnadzor>|2012-10-16|09:38:10|0|0|0|0|0|0|0|0|0|0|1|0|0|2|0|0|РКН опубликовал условия конкурса на право вещания во втором цифровом мультиплексе http://t.co/pdc7fdj8 
<roscomnadzor>|2012-10-16|15:16:57|0|0|0|0|0|0|0|0|0|0|0|0|0|2|0|0|На прошедшей неделе РКН принял 889 решений о выдаче радиочастот и выдал 6033 свидетельства о регистрации РЭС и ВЧУ http://t.co/fwngza6r 
<roscomnadzor>|2012-10-16|18:44:00|0|0|0|0|0|0|0|0|0|0|0|0|0|2|0|0|Адрес online трансляции заседания Экспертного совета по массовым коммуникациям 17.10.2012 в 12:00 http://t.co/eQFbSvmd 
<roscomnadzor>|2012-10-17|10:28:14|0|0|0|0|0|0|0|0|0|0|0|0|0|2|0|0|В РКН в 12:00 начнется заседание Экспертного совета по массовым коммуникациям http://t.co/h7JWqRTd 
<roscomnadzor>|2012-10-17|11:22:14|0|0|0|0|0|0|0|0|0|0|0|0|0|2|0|0|Адрес прямой трансляции заседания Экспертного совета с 12:00 http://t.co/eQFbSvmd звук по многочисленным просьбам подняли. 
<roscomnadzor>|2012-10-17|16:28:23|0|0|0|0|0|0|0|0|0|0|0|0|0|0|0|0|По требованию РКН прекратили деятельность два сайта, незаконно распространявших персданные http://t.co/63KDSukC 
<roscomnadzor>|2012-10-17|16:30:01|0|0|0|0|0|0|0|0|0|0|0|0|0|1|0|0|В РКН состоялось заседание Экспертного совета по массовым коммуникациям http://t.co/27HBymLy 
<roscomnadzor>|2012-10-17|16:33:32|0|0|0|0|0|0|0|0|0|0|1|0|0|4|0|1|@roscomnadzor Ссылка на презентацию к докладу по итогам применения закона "О защите детей" в тексте новости http://t.co/27HBymLy 
<roscomnadzor>|2012-10-18|16:23:36|0|0|0|0|0|0|0|0|0|0|0|0|0|2|0|0|Видеозапись заседания Экспертного совета РКН по массовым коммуникациям от 17.10.12.http://t.co/DlO7J6E1 
<roscomnadzor>|2012-10-22|13:03:57|0|0|0|0|0|0|0|0|0|0|0|0|0|2|0|0|На прошлой неделе РКН выдал 16 новых лицензий на телерадиовещание и зарегистрировал 83 СМИ http://t.co/fhK90vcY 
<roscomnadzor>|2012-10-22|16:33:50|0|0|0|0|0|0|0|0|0|0|1|0|0|1|0|0|РКН опубликовал результаты опроса ВЦИОМа по итогам действия закона "О защите детей" http://t.co/D1HEnFpy 
<roscomnadzor>|2012-10-23|10:47:57|0|0|0|0|0|0|0|0|0|0|0|0|0|2|0|0|РКН на прошлой неделе приостановил действие одной лицензии и вынес 7 предписаний телерадиовещателям http://t.co/iznJ4DhN 
<roscomnadzor>|2012-10-24|12:39:14|0|0|0|0|0|0|0|0|0|0|0|0|0|2|0|0|На прошедшей неделе РКН выдал 6181 свидетельство о регистрации РЭС и 1 ВЧУ http://t.co/eyAPkvrQ 
<roscomnadzor>|2012-10-24|14:57:09|0|0|0|1|0|0|0|0|0|0|0|0|0|1|0|0|В Костромской области состоялось заседание Координационного совета службы по ЦФО http://t.co/qIK5GwEi |Костромской области
<roscomnadzor>|2012-10-24|17:02:03|0|1|0|0|0|0|0|0|0|0|0|0|0|1|0|0|РКН указал каналу NetGeo на недопустимость положительной трактовки темы  наркопотребления http://t.co/zuDHYWEY 
<roscomnadzor>|2012-10-25|12:03:55|0|0|0|2|0|0|0|0|0|0|0|0|0|3|0|0|РКН подвел итоги радиоконтроля в регионах подготовки Универсиады и Олимпиады - Казани и Сочи http://t.co/vmWqeYbz |Казани|Сочи
<roscomnadzor>|2012-10-25|18:27:43|0|0|0|0|0|0|0|0|0|0|0|0|0|1|0|0|РКН проводит 26.10.2012 онлайн-конференцию по вопросам ведения ЕАИС реестр. http://t.co/vOnd6cVz 
<roscomnadzor>|2012-10-25|18:32:45|0|0|0|0|0|0|0|0|0|0|0|0|0|4|0|0|ЕАИС реестр - реестр доменных имен, позволяющих идентифиц. сайты с информацией, распространение которой запрещено в РФ. http://t.co/vOnd6cVz 
<roscomnadzor>|2012-10-29|10:00:46|0|0|0|0|0|0|0|0|0|0|0|0|0|4|0|0|РКН выдал на прошлой неделе 6301 свидетельство о регистрации РЭС и 1 -  ВЧУ http://t.co/rEUCJJ7o 
<roscomnadzor>|2012-10-29|16:57:28|0|0|0|0|0|0|0|0|0|0|0|0|0|0|0|1|@Moldavantsev Спасибо, исправим 
<roscomnadzor>|2012-10-30|15:06:36|0|0|0|0|0|0|0|0|0|0|0|0|0|1|0|0|РКН вынес на прошлой неделе 9 предписаний телерадиовещателям http://t.co/2V36alU2 
<roscomnadzor>|2012-10-31|20:42:43|0|0|0|0|0|0|0|0|0|0|0|0|0|2|0|1|@rpygu Предполагаем, что в соседнем регионе можно получить ЭП 
<roscomnadzor>|2012-10-31|20:44:19|0|0|0|0|0|0|0|0|0|0|0|0|0|2|0|0|За минувшую неделю РКН выдал 16 новых лицензий на телерадиовещание и зарегистрировал 134 СМИ http://t.co/QF02tEkI 
<roscomnadzor>|2012-10-31|21:44:13|0|0|0|0|0|0|0|0|0|0|0|0|0|1|0|0|Сегодня в РКН подвели итоги заседания ФКК http://t.co/xJbIe6Ew 
<roscomnadzor>|2012-10-31|21:50:15|0|0|0|0|0|0|0|0|0|0|0|0|0|1|0|1|@__57738749 Извините за лаконичность...))) По ссылке более подробная информация 
<roscomnadzor>|2012-11-01|00:03:18|0|0|0|0|0|0|0|0|0|0|0|0|0|0|0|0|Ресурс http://t.co/6ZkG1T3p работает 
<roscomnadzor>|2012-11-01|00:17:32|0|0|0|0|0|0|0|0|0|0|0|0|0|1|0|0|За 15 минут на http://t.co/6ZkG1T3p  49 заявок! 
<roscomnadzor>|2012-11-01|00:19:23|0|0|0|0|0|0|0|0|0|0|0|0|0|2|0|0|Атаки на http://t.co/6ZkG1T3p есть. Успешно отбиваем 
<roscomnadzor>|2012-11-01|00:29:57|0|0|0|0|0|0|0|0|0|0|0|0|0|1|0|0|30 минут - 95 заявок 
<roscomnadzor>|2012-11-01|00:33:43|0|0|0|0|0|0|0|0|0|0|0|0|0|4|0|1|@zmeevolk удаление запрещенной к распространению информации может произойти после заключения эксперта (на это 24 часа) в течение 2 суток 
<roscomnadzor>|2012-11-01|00:59:19|0|0|0|0|0|0|0|0|0|0|0|0|0|1|0|0|Интенсивность снижается. Час - 161 заявка 
<roscomnadzor>|2012-11-01|01:43:34|0|0|0|0|0|0|0|0|0|0|0|0|0|0|0|1|@dplenin Работаем круглосуточно. Следующая статистика утром. 
<roscomnadzor>|2012-11-01|13:04:09|0|0|0|0|0|0|0|0|0|0|0|0|0|4|0|0|За ночь в реестр запрещенной информации внесены шесть записей со ссылками на ресурсы с детской порнографией 
<roscomnadzor>|2012-11-01|13:09:00|0|0|0|0|0|0|0|0|0|0|0|0|0|0|0|0|За 12 часов работы http://t.co/6ZkG1T3p  посетили более 100 000 пользователей. 
<roscomnadzor>|2012-11-01|13:16:14|0|0|0|0|0|0|0|0|0|0|0|0|2|1|0|0|На 12:00 1 ноября 2012 г на http://t.co/6ZkG1T3p поступило 1724 заявки http://t.co/HcojlzNR 
<roscomnadzor>|2012-11-01|14:16:43|0|0|0|0|0|0|0|0|0|0|0|0|0|1|0|0|2359 заявок на http://t.co/6ZkG1T3p на 14:00. 739 отклонили. 
<roscomnadzor>|2012-11-01|16:23:22|0|0|0|0|0|0|0|0|0|0|0|0|0|4|0|0|По состоянию на 16:00 - 2916 заявок, отклонено 983. Список в реестре не изменился. 
<roscomnadzor>|2012-11-02|11:07:25|0|0|0|0|0|0|0|0|0|0|0|0|0|1|0|0|За сутки на http://t.co/6ZkG1T3p поступило 5000 заявок 
<roscomnadzor>|2012-11-02|11:08:20|0|0|0|1|0|0|0|0|0|0|0|0|0|2|0|0|В реестре запрещенной к распространению на территории Российской Федерации информации 10 записей. |Российской Федерацией
<roscomnadzor>|2012-11-02|11:10:29|0|0|0|0|0|0|0|0|0|0|0|0|0|1|0|0|Из полученных заявок 190 находятся на стадии экспертизы. Остальные отклонены. 
<roscomnadzor>|2012-11-02|11:36:30|0|0|0|0|0|0|0|0|0|0|0|0|0|1|0|0|Новостное сообщение о работе http://t.co/6ZkG1T3p http://t.co/Gb4Po4IV 
<roscomnadzor>|2012-11-03|12:57:02|0|0|0|0|0|0|0|0|0|0|0|0|0|3|0|0|Google и Youtube сообщили РКН адреса для уведомлений из реестра запрещенной информации http://t.co/V42Q0COE 
<roscomnadzor>|2012-11-06|11:44:31|0|0|0|0|0|0|0|0|0|0|0|0|0|2|0|0|РКН на прошлой неделе выдал 6248 свидетельств о регистрации РЭС http://t.co/3CUOO9ha 
<roscomnadzor>|2012-11-06|17:50:30|0|0|0|0|0|0|0|0|0|0|0|0|0|2|0|0|Один из запрещенных ресурсов, попавших в реестр РКН, заблокирован http://t.co/itJ1cUSm 
<roscomnadzor>|2012-11-09|11:01:43|0|0|0|1|0|0|0|0|0|0|0|0|0|1|0|0|А.Жаров провел в Новосибирске 9.11.12 заседание Координационного совета http://t.co/Out7WxYN |Новосибирске
<roscomnadzor>|2012-11-12|10:16:57|0|1|0|0|0|0|0|0|0|0|1|0|0|1|0|0|Рабочая группа при РКН одобрила Концепцию системы контроля качества связи http://t.co/JovoySrh 
<roscomnadzor>|2012-11-12|10:40:28|0|0|0|1|0|0|0|0|0|0|0|0|1|1|0|1|@Moldavantsev rsoc_in@rsoc.ru или 109074, г.Москва, Китайгородский пр., д.7, стр.2 или http://t.co/ILQxv0yC |Москва
<roscomnadzor>|2012-11-12|10:43:14|0|0|0|0|0|0|0|0|0|0|0|0|0|0|0|0|Итоги 10 дней работы zapret-info@gov.ru http://t.co/pYnG9yci 
<roscomnadzor>|2012-11-12|10:49:24|0|0|0|0|0|0|0|0|0|0|0|0|0|0|0|1|@schidakov http://t.co/jKVZ2gcB 
<roscomnadzor>|2012-11-12|11:14:00|0|0|0|0|0|0|0|0|0|0|0|0|0|1|0|0|РКН на прошлой неделе вынес 5 предписаний телерадиовещателям http://t.co/iqZw1bAZ 
<roscomnadzor>|2012-11-13|12:00:20|0|0|0|0|0|0|0|0|0|0|0|0|0|2|0|0|У операторов сейчас нет оснований для блокировки Луркморья http://t.co/wYk8jTzj 
<roscomnadzor>|2012-11-13|16:48:43|0|0|0|0|0|0|0|0|0|0|0|0|0|1|0|0|РКН вынес предупреждение сетевому изданию Nesland.ru за распространение фильма "Невинность мусульман" http://t.co/oqtneG4Y 
<roscomnadzor>|2012-11-13|16:55:28|0|0|0|0|0|0|0|0|0|0|0|0|0|2|0|0|Члены РАЭК подтвердили свои намерения сотрудничать с РКН http://t.co/SYxnj2mv 
<roscomnadzor>|2012-11-13|18:31:05|0|0|0|0|0|0|0|0|0|0|0|0|0|1|0|0|РКН предупреждает телекоммуникационную отрасль о мошенниках http://t.co/Jivoi7Dj 
<roscomnadzor>|2012-11-14|10:21:11|0|0|0|0|0|0|0|0|0|0|0|0|0|0|0|0|Из реестра запрещенной информации исключена 21 запись http://t.co/9RmkOHD6 
<roscomnadzor>|2012-11-14|12:37:57|0|0|0|0|0|0|0|0|0|0|0|0|0|4|0|1|@dzhikharev Есть подозрения в мошенничестве - обращайтесь в суд. В нашем реестре запретов только детская порнография, суицид и наркотики. 
<roscomnadzor>|2012-11-14|17:15:48|0|0|0|0|0|0|0|0|0|0|0|0|0|1|0|0|Либрусек исключили из реестра http://t.co/C3Hac8BJ 
<roscomnadzor>|2012-11-15|14:17:42|0|0|0|0|0|0|0|0|0|0|0|0|0|2|0|1|@MatweeAlexeev @ru_raec Матвей! Вам лично и @FAITID огромное спасибо за активную гражданскую позицию 
<roscomnadzor>|2012-11-15|16:43:24|0|0|0|0|0|0|0|0|0|0|0|0|0|1|0|0|РКН предлагает использовать согласованное с отраслью определение общественно-политического издания http://t.co/5MRoPtGo 
<roscomnadzor>|2012-11-15|17:10:28|0|0|0|0|0|0|0|0|0|0|0|0|0|2|0|0|Общественный совет РКН по связи в целом поддержал концепцию контроля качества связи http://t.co/dFXEhTMQ 
<roscomnadzor>|2012-11-19|11:18:41|0|0|0|0|0|0|0|0|0|0|0|0|0|2|0|0|РКН выдал на прошлой неделе 5311 свидетельств о регистрации РЭС http://t.co/mcSQyMPh 
<roscomnadzor>|2012-11-20|11:33:33|0|0|0|0|0|0|0|0|0|0|0|0|0|2|0|0|РКН выдал на прошлой неделе 13 новых лицензий на телерадиовещание и зарегистрировала 111 СМИ http://t.co/2q4WVXwo 
<roscomnadzor>|2012-11-21|11:43:08|0|0|0|0|0|0|0|0|0|0|0|0|0|1|0|0|На прошлой неделе РКН вынес 10 предписаний телерадиовещателям и 4 предупреждения СМИ http://t.co/pZ64YVHU 
<roscomnadzor>|2012-11-21|12:53:13|0|0|0|1|0|0|0|0|0|0|0|0|0|0|0|0|В Москве проходит 3 международная конференция "Защита персональных данных" http://t.co/hc3DZNxz |Москве
<roscomnadzor>|2012-11-21|13:16:54|0|0|0|0|0|0|0|0|0|0|0|0|0|1|0|0|А.Жаров "Международное взаимодействие в области защиты персональных данных необходимо расширять" http://t.co/YF4mTIoP 
<roscomnadzor>|2012-11-21|18:53:20|0|0|0|0|0|0|0|0|0|0|0|0|0|2|0|0|Попадание YouTube в реестр - следствие технического сбоя. 
<roscomnadzor>|2012-11-22|16:01:39|0|0|0|1|0|0|0|0|0|0|1|0|0|3|0|0|А.Жаров: Создание эффективной системы защиты персданных - одно из приоритетных направлений для России http://t.co/NQfLi0m8 |России
<roscomnadzor>|2012-11-22|16:43:50|0|0|0|0|0|0|0|0|0|0|2|0|0|5|0|0|Поправки в КоАП об усилении санкций за нарушение закона о персданных в стадии согласования с министерствами http://t.co/0BSOQqnY 
<roscomnadzor>|2012-11-26|11:25:44|0|0|0|0|0|0|0|0|0|0|0|0|0|2|0|0|На портале "РС" началось обсуждение Регламента РКН по ведению Реестра сайтов с запрещенной информацией. http://t.co/g9EMI3h8 
<roscomnadzor>|2012-11-26|11:49:25|0|0|0|0|0|0|0|0|0|0|0|0|0|3|0|0|РКН выдал на прошлой неделе 8220 свидетельств о регистрации РЭС и 1 ВЧУ http://t.co/Z800WyEq 
<roscomnadzor>|2012-11-26|12:07:55|0|0|0|0|0|0|0|0|0|0|0|0|0|3|0|0|Завтра, 27.11.12,  с 10:00 до 16:00 онлайн конференция "Ввоз РЭС на территорию РФ" http://t.co/gCmcHRPg 
<roscomnadzor>|2012-11-26|12:12:55|0|0|0|0|0|0|0|0|0|0|0|0|0|3|0|1|@sult Обязательно будем смотреть все предложения и замечания. Можно отправлять предложения эл.почтой. Очень заинтересованы - ждем! 
<roscomnadzor>|2012-11-26|12:15:18|0|0|0|0|0|0|0|0|0|0|0|0|0|2|0|0|РКН в тройке лидеров по качеству госуслуг в электронном виде http://t.co/9RhT8ton 
<roscomnadzor>|2012-11-27|09:21:08|0|0|0|0|0|0|0|0|0|0|0|0|0|2|0|0|Начало онлайн конференции "Ввоз РЭС на территорию РФ" в 10:00 http://t.co/gCmcHRPg 
<roscomnadzor>|2012-11-27|11:12:06|0|0|0|0|0|0|0|0|0|0|0|0|0|1|0|0|На прошедшей неделе РКН выдал 9 новых лицензий и зарегистрировал 69 СМИ http://t.co/jPHjQv05 
<roscomnadzor>|2012-11-27|16:32:06|0|0|0|0|0|0|0|0|0|0|0|0|2|1|0|0|Результаты радиоконтроля в октябре 12 года http://t.co/dTyFySyf 
<roscomnadzor>|2012-11-27|19:02:20|0|0|0|0|0|0|0|0|0|0|0|0|0|0|0|0|Предварительные итоги работы http://t.co/6ZkG1T3p http://t.co/6NUsS4bb 
<roscomnadzor>|2012-11-27|19:29:23|0|0|0|0|0|0|0|0|0|0|0|0|0|2|0|0|РКН будет 2 недели принимать предложения и замечания к временному регламенту ведения реестра запрещенной информации http://t.co/v92HmKkL 
<roscomnadzor>|2012-11-28|10:23:43|0|0|0|0|0|0|0|0|0|0|0|0|0|4|0|0|Предложения к временному регламенту РКН по ведению реестра запрещенной информации можно оставлять также здесь http://t.co/g9EMI3h8 
<roscomnadzor>|2012-11-28|10:28:32|0|0|0|0|0|0|0|0|0|0|0|0|0|3|0|1|@RuBlackListNET Предложения могут подавать в свободной форме любые физические и юридические лица. Телекомза уже подала http://t.co/VQfPGTfJ 
<roscomnadzor>|2012-11-28|11:23:57|0|0|0|0|0|0|0|0|0|0|0|0|0|0|0|1|@Sad_Makin @RuBlackListNET Все работает http://t.co/VQfPGTfJ 
<roscomnadzor>|2012-11-28|11:33:25|0|0|0|0|0|0|0|0|0|0|0|0|0|2|0|0|РКН вынес на прошлой неделе 7 предписаний телерадиовещателям и одно предупреждение СМИ http://t.co/F39sYKaA 
<roscomnadzor>|2012-11-28|14:22:37|0|0|0|0|0|0|0|0|0|0|0|0|0|2|0|0|РКН видит необходимость внесения поправок в 1101 постановление Правительства. Мнения и предложения приветствуются http://t.co/GWQJB1WJ 
<roscomnadzor>|2012-11-28|15:26:11|0|0|0|0|0|0|0|0|0|0|1|0|0|3|0|1|@RuBlackListNET Рассматриваем, обсуждаем, вносим (если принимается). Не делим аудиторию на оппонентов и апологетов. В политику не лезем. 
<roscomnadzor>|2012-11-28|17:36:04|0|0|0|0|0|0|0|0|0|0|0|0|0|1|1|0|RT @radiospectr: Вышел в свет очередной, 11-й номер журнала «Радиочастотный спектр». http://t.co/0Q12RTeq 
<roscomnadzor>|2012-11-29|10:43:27|0|0|0|0|0|0|0|0|0|0|1|0|0|2|0|0|Результаты конкурсов на право осуществлять наземное эфирное вещание от 28.11 http://t.co/oz33EMam 
<roscomnadzor>|2012-11-29|17:01:09|0|0|0|0|0|0|0|0|0|0|1|0|0|0|0|0|В РКН обсудили перспективы создания автоматизированной системы радиоконтроля http://t.co/ljohKvPN 
<roscomnadzor>|2012-11-30|14:38:42|0|0|0|0|0|0|0|0|0|0|1|0|0|3|0|0|РКН опубликовал разъяснения по поводу невнесения в реестр запрещенной информации ссылок на поисковые системы http://t.co/GNC9HsNk 
<roscomnadzor>|2012-12-03|10:00:05|0|0|0|1|0|0|0|0|0|0|0|0|1|3|0|0|Соглашение о межсетевом аварийном роуминге действует в России с 1 декабря http://t.co/yfnhmZv7 |России
<roscomnadzor>|2012-12-03|10:50:33|0|0|0|0|0|0|0|0|0|0|0|0|0|2|0|0|РКН выдал на прошлой неделе 8043 свидетельства о регистрации РЭС http://t.co/qnrye4GF 
<roscomnadzor>|2012-12-03|12:22:39|0|0|0|0|0|0|0|0|0|0|0|0|0|1|0|0|РКН открыл доступ к Публичному реестру инфраструктуры связи РФ http://t.co/d7DEGv7H 
<roscomnadzor>|2012-12-03|16:23:23|0|0|0|0|0|0|0|0|0|0|0|0|0|2|1|0|RT @radiospectr: Продолжаем обсуждение (до 11.12) Временного регламента РКН по ведению Реестра сайтов с запрещ. информацией. http://t.co/OXGUxfk6 
<roscomnadzor>|2012-12-04|11:23:22|0|0|0|0|0|0|0|0|0|0|0|0|0|2|0|0|РКН на прошлой неделе выдал 32 лицензии на телерадиовещание и зарегистрировал 124 СМИ http://t.co/XYIRJM6r 
<roscomnadzor>|2012-12-05|11:42:21|0|0|0|0|0|0|0|0|0|0|0|0|0|2|0|0|РКН вынес на прошлой неделе 10 предписаний телерадиовещателям и 2 письменных предупреждения печатным СМИ http://t.co/7jcAs8ic 
<roscomnadzor>|2012-12-05|12:05:49|0|0|0|0|0|0|0|0|0|0|0|0|0|2|0|0|Список участников конкурсов на позиции во втором мультиплексе http://t.co/pdc7fdj8 
<roscomnadzor>|2012-12-05|16:24:26|0|0|0|0|0|0|0|0|0|0|0|0|0|1|0|0|АНО Радиочастотный спектр проведет 20.12. конференцию Совершенствование нормативно-правовой базы в части платности РЧС http://t.co/1zy4kaqP 
<roscomnadzor>|2012-12-06|09:25:19|0|0|0|0|0|0|0|0|0|0|0|0|0|2|0|1|@Racinghub админам на zapret-info@rsoc.ru или на горячую линию 139-fz@inforeg.ru 
<roscomnadzor>|2012-12-06|11:36:15|0|0|0|0|0|0|0|0|0|0|0|0|0|0|0|0|По требованию РКН закрыты 19 сайтов, незаконно распространявших персональные данные http://t.co/PunWrZnp 
<roscomnadzor>|2012-12-06|14:49:09|0|0|0|0|0|0|0|0|0|0|0|0|0|2|0|1|@Racinghub Вы администратор? В любом случае - спасибо за уведомление. В ближайшее время запись будет исключена. 
<roscomnadzor>|2012-12-06|16:13:56|0|0|1|0|0|0|0|0|0|0|0|0|0|2|0|1|@Racinghub Удаление из кэша в Яндексе может занимать какое-то время. 
<roscomnadzor>|2012-12-06|16:33:39|0|0|0|0|0|1|0|0|0|0|0|0|0|3|0|1|@Racinghub Эту тему мы тоже обсуждаем с представителями отрасли 
<roscomnadzor>|2012-12-07|12:20:27|0|0|0|0|0|0|0|0|0|0|0|0|0|1|0|0|РКН просит о взаимодействии провайдеров хостинга http://t.co/3SA54Php 
<roscomnadzor>|2012-12-07|17:58:01|0|0|0|0|0|0|0|0|0|0|0|0|0|1|0|1|@Racinghub Пришлите адрес почты на V.pikov@rsoc.ru 
<roscomnadzor>|2012-12-10|10:57:39|0|0|0|0|0|0|0|0|0|0|0|0|0|8|0|1|@porutchik Скорее всего, вы уже в списке взаимодействия. Можем, если Вы волнуетесь) перепроверить - отправьте еще раз на V.Pikov@rsoc.ru 
<roscomnadzor>|2012-12-10|11:16:59|0|0|0|0|0|0|0|0|0|0|0|0|0|1|0|0|На прошлой неделе РКН выдал 8162 свидетельства о регистрации РЭС http://t.co/n0UaSVhE 
<roscomnadzor>|2012-12-10|12:19:34|0|0|0|0|0|0|0|0|0|0|0|0|0|1|0|0|45% пользователей Интернета поддерживают действия РКН по ведению реестра запрещенной информации http://t.co/nyTbBL1o 
<roscomnadzor>|2012-12-10|16:24:31|0|0|0|0|0|0|0|0|1|0|0|0|0|4|0|1|@2pin_ Скорее отрицательно - 7%, безусловно отрицательно - 4%. В релизе есть ссылки на файлы. Скачивайте... это несложно. 
<roscomnadzor>|2012-12-11|13:59:07|0|0|0|0|0|0|0|0|0|0|0|0|0|1|0|1|@mirumir1811 Рекламой занимаются коллеги из Федеральной антимонопольной службы РФ @rus_fas 
<roscomnadzor>|2012-12-11|14:00:48|0|0|0|0|0|0|0|0|0|0|0|0|0|2|0|0|На прошлой неделе РКН выдал 10 новых лицензий на телерадиовещание и зарегистрировал 91 СМИ http://t.co/Yp2uN0K8 
<roscomnadzor>|2012-12-12|14:37:44|0|0|0|0|0|0|0|0|0|0|0|0|0|1|0|0|РКН вынес на прошлой неделе 9 предписаний телерадиовещателям http://t.co/5TMvznPJ 
<roscomnadzor>|2012-12-12|16:16:29|0|0|0|0|0|0|0|0|0|0|0|0|0|0|0|1|@borg1a Извините. Не наша компетенция. 
<roscomnadzor>|2012-12-12|17:06:08|0|0|0|0|0|0|0|0|0|0|1|0|0|3|0|1|@borg1a Исходной информации мало...  Желательно проконсультироваться в одном из обществ по защите прав потребителей. 
<roscomnadzor>|2012-12-13|18:28:03|0|0|0|0|0|0|0|0|0|0|0|0|0|1|0|1|@sergvas Cообщите, пожалуйста, конкретику на почту V.pikov@rsoc.ru 
<roscomnadzor>|2012-12-14|11:07:41|0|0|0|0|0|0|0|0|0|0|1|0|0|0|0|0|РКН завершает профилактический этап правоприменения закона "О защите детей" http://t.co/dL71MTkH 
<roscomnadzor>|2012-12-14|16:33:54|0|0|0|1|0|0|0|0|0|0|1|0|0|1|0|0|На основании материалов РКН удалены персданные граждан России с украинского интернет-ресурса http://t.co/Zuj9LGSo |России
<roscomnadzor>|2012-12-14|16:41:53|0|0|0|0|0|0|0|0|0|0|0|0|0|1|0|0|РКН разъясняет вопросы,касающиеся обработки персданных работников (документ составлен с участием независимых экспертов) http://t.co/9PcfvWwv 
<roscomnadzor>|2012-12-14|17:36:35|0|0|0|0|0|0|0|0|0|0|1|0|0|4|0|0|РКН отправил в Минкомсвязи пр. приказа о государствах, не присоединившихся к европейской конвенции о защите персданных http://t.co/jmHhdnHK 
<roscomnadzor>|2012-12-14|17:40:00|0|0|0|0|0|0|1|0|0|0|0|0|0|3|0|1|@olegkarev2 Спросите экспертов, пожалуйста, о степени их участия. Их имена найдете в тексте. 
<roscomnadzor>|2012-12-14|18:44:24|0|0|0|0|0|0|0|0|0|0|0|0|0|2|0|0|Победители конкурса на позиции во втором мультиплексе http://t.co/cr5RWgCl 
<roscomnadzor>|2012-12-17|13:12:42|0|0|0|0|0|0|0|0|0|0|0|0|0|4|0|0|РКН выдал на прошлой неделе 6167 свидетельств о регистрации РЭС и 2 - ВЧУ http://t.co/xiNfMFoQ 
<roscomnadzor>|2012-12-18|13:10:01|0|0|0|0|0|0|0|0|0|0|0|0|0|2|0|0|РКН выдал на прошлой неделе 23 лицензии на телерадиовещание и зарегистрировал 78 СМИ http://t.co/XeO905fm 
<roscomnadzor>|2012-12-19|12:08:25|0|0|0|0|0|0|0|0|0|0|0|0|0|1|0|0|РКН на прошлой неделе вынес 10 предписаний телерадиовещателям http://t.co/PWlZiOPZ 
<roscomnadzor>|2012-12-21|09:45:45|0|0|0|0|0|0|0|0|0|0|0|0|0|0|0|0|В 10:00 начнется расширенное заседание коллегии РКН 
<roscomnadzor>|2012-12-21|14:54:43|0|0|0|0|0|0|0|0|0|0|0|0|1|2|0|0|Работа РКН в 2012 году приобрела новое качество - А.Жаров http://t.co/MwqJJBX4 
<roscomnadzor>|2012-12-24|15:21:31|0|0|0|0|0|0|0|1|0|0|1|0|1|2|0|0|РКН обеспечил в 2012 г. оплату РЧ-спектра: в бюджет поступило более 16 млрд. руб. -  А. Жаров в интервью "РС". http://t.co/9FhVzyWJ 
<roscomnadzor>|2012-12-24|15:31:47|0|0|0|0|0|0|0|0|0|0|1|0|0|3|0|0|Глава РКН в интервью "РС" констатирует снижение напряженности вокруг законов, направленных на защиту детей.... http://t.co/lUeJoUlT 
<roscomnadzor>|2012-12-24|15:51:55|0|0|0|0|0|0|0|0|0|0|0|0|0|3|0|0|РКН стал более открытым для профессионального сообщества – А. Жаров в интервью журналу «Радиочастотный спектр». http://t.co/4fXc1r1z 
<roscomnadzor>|2012-12-24|16:35:30|0|0|0|0|0|0|0|0|0|0|0|0|0|2|0|0|За минувшую неделю РКН выдал 38 новых лицензий на телерадиовещание и зарегистрировал 62 СМИ http://t.co/Kgspjwa1 
<roscomnadzor>|2012-12-25|10:10:29|0|0|0|0|0|0|0|0|0|0|0|0|0|2|0|0|Напоминаем операторам персданных: до 01.01.13 необходимо подать в РКН сведения, перечисленные в ст.22 ФЗ №152 http://t.co/Y6Pnp0Br 
<roscomnadzor>|2012-12-25|14:43:21|0|0|0|0|0|0|0|0|0|0|0|0|0|1|0|0|РКН вынес на прошлой неделе 9 предписаний телерадиовещателям http://t.co/GFHGsHMl 
<roscomnadzor>|2012-12-26|15:49:28|0|0|0|0|0|0|0|0|0|0|0|0|0|1|0|0|РКН приостанавливает аккредитацию экспертов по персональным данным http://t.co/XgcPZsNs 
<roscomnadzor>|2012-12-26|20:01:08|0|0|0|0|0|0|0|0|0|0|1|0|0|1|0|1|@Krupnov_J Современный символ в многомерном информационном обществе. Кнопка доступа в информационное пространство. 
<roscomnadzor>|2012-12-26|23:51:54|0|0|0|0|0|0|0|0|0|0|0|0|0|0|0|0|Александр Жаров: «Роскомнадзор стал более открытым» http://t.co/z0NSjZXi 
<roscomnadzor>|2012-12-27|11:30:30|0|0|0|0|0|0|0|0|0|0|0|0|0|3|0|0|РКН выдал на прошлой неделе 7109 свидетельств о регистрации РЭС и 4 ВЧУ http://t.co/xmwqDoLB 
<roscomnadzor>|2012-12-29|10:18:38|0|0|0|0|0|0|0|0|0|0|0|0|0|2|0|0|За минувшую неделю РКН  выдал 15 лицензий на телерадиовещание и зарегистрировал 84 СМИ http://t.co/lcAY2n1o 
<roscomnadzor>|2012-12-29|11:21:07|0|0|0|0|0|0|0|0|0|0|0|0|0|4|0|0|РКН на прошедшей неделе выдал 7742 свидетельства о регистрации РЭС и 3 - ВЧУ http://t.co/Z36uB3jk 
<roscomnadzor>|2012-12-29|15:23:07|0|0|0|1|0|0|0|0|0|0|0|0|0|0|0|0|С наступающим Новым годом! http://t.co/orLwoOgE |Новым Аненам
<roscomnadzor>|2013-01-14|10:48:57|0|0|0|0|0|0|0|0|0|0|0|0|1|2|0|0|В первую неделю 2013 года РКН выдал 28 лицензий на телерадиовещание и зарегистрировал 128 СМИ http://t.co/RKVapdsZ 
<roscomnadzor>|2013-01-14|13:42:11|0|0|0|0|0|0|0|0|0|0|0|0|0|3|0|1|@zmeevolk @rus_fas Все зависит от содержания. Без экспертизы говорить не можем. 
<roscomnadzor>|2013-01-14|15:35:23|0|0|0|0|0|0|0|0|0|0|0|0|0|3|0|0|Реквизиты для внесения платы за радиочастотный спектр по Федеральным округам http://t.co/f6X9MUtj 
<roscomnadzor>|2013-01-15|14:22:20|0|0|0|0|0|0|0|0|0|0|0|0|0|2|0|1|@OlegAbakan Вероятно, можно обращаться в МВД. Вирусные программы могут квалифицироваться по ст. 273 УК РФ. 
<roscomnadzor>|2013-01-15|14:38:25|0|0|0|0|0|0|0|0|0|0|0|0|0|1|0|0|На прошлой неделе РКН выдал 2493 свидетельства о регистрации РЭС http://t.co/u6RjeItN 
<roscomnadzor>|2013-01-16|17:40:23|0|0|0|0|0|0|0|0|0|0|0|0|0|3|0|0|Экспертная комиссия при РКН предлагает позицию по поводу маркировки "бегущих строк" в ТВ-передачах http://t.co/aHuDHlgr 
<roscomnadzor>|2013-01-17|11:20:22|0|0|0|0|0|0|0|0|0|0|0|0|0|2|0|0|РКН на прошлой неделе возобновил действие двух лицензий на телерадиовещание и приостановил действие двух других http://t.co/0bYHmTsy 
<roscomnadzor>|2013-01-17|13:17:34|0|0|0|0|0|0|0|0|0|0|1|0|0|1|0|0|РКН напоминает ФОИВ о необходимости актуализировать сведения о Федеральных государственных информационных системах http://t.co/Jq0j25mE 
<roscomnadzor>|2013-01-17|17:51:04|0|0|0|0|0|0|0|0|0|0|1|0|0|0|1|0|RT @radiospectr: «Радиочастотный спектр» опубликовал проект Концепции создания системы контроля качества предоставления услуг связи. http://t.co/lk45jJLJ 
<roscomnadzor>|2013-01-21|13:38:59|0|0|0|0|0|0|0|0|0|0|0|0|0|4|0|0|РКН на прошлой неделе выдал 5482 свидетельства о регистрации РЭС и 16 - ВЧУ http://t.co/V7u70nZX 
<roscomnadzor>|2013-01-22|09:53:38|0|0|0|0|0|0|0|0|0|0|0|0|0|2|0|0|Решение о маркировке "бегущей строки" будет применяться на практике http://t.co/T3DdvwDa 
<roscomnadzor>|2013-01-22|12:36:25|0|0|0|0|0|0|0|0|0|0|0|0|0|2|0|0|РКН на прошлой неделе выдал 12 новых лицензий на телерадиовещание и зарегистрировал 108 СМИ http://t.co/MDkd5Qmf 
<roscomnadzor>|2013-01-23|10:59:30|0|0|0|0|0|0|0|0|0|0|0|0|0|1|0|0|РКН приостановил на прошлой неделе действие 4 лицензий на радиовещание http://t.co/7owYq5sx 
<roscomnadzor>|2013-01-23|11:22:58|0|0|0|0|0|0|0|0|0|0|0|0|0|2|0|0|РКН напоминает операторам связи, транслирующим теле и радиоканалы, некоторые положения Приказа РКН от 29.10.12 №1132 http://t.co/uDyjkwX9 
<roscomnadzor>|2013-01-28|15:15:31|0|0|0|0|0|0|0|0|0|0|0|0|0|2|0|0|На прошлой неделе РКН выдал 18 новых лицензий на телерадиовещание и зарегистрировал 86 новых СМИ http://t.co/0eFvHRmc 
<roscomnadzor>|2013-01-29|12:48:21|0|0|0|0|0|0|0|0|0|0|0|0|0|1|0|0|РКН на прошлой неделе приостановил действие  лицензии на телевещание ООО "НТК" http://t.co/0kHhyZZZ 
<roscomnadzor>|2013-01-30|11:26:25|0|0|0|0|0|0|0|0|0|0|0|0|0|0|0|0|Прекращена деятельность сайта, незаконно распространявшего персональные данные http://t.co/UQh8rYvB 
<roscomnadzor>|2013-01-30|16:55:12|0|0|0|1|0|0|0|0|0|0|0|0|0|1|0|0|Карта покрытия услугами подвижной радиосвязи магистральных автодорог России по итогам IV квартала http://t.co/NcErDOAU |России
<roscomnadzor>|2013-01-31|14:09:06|0|0|0|0|0|0|0|0|0|0|0|0|0|2|0|0|РКН на прошлой неделе вынес 735 решений о присвоении радиочастот http://t.co/CKarkgKf 
<roscomnadzor>|2013-01-31|17:02:49|0|0|0|0|0|0|0|0|0|0|0|0|0|1|0|0|Результаты заседания Федеральной конкурсной комиссии от 30.01.2013 http://t.co/wxt2yuXd 
<roscomnadzor>|2013-02-04|11:04:57|0|0|0|0|0|0|0|0|0|0|0|0|0|1|0|0|РКН на прошлой неделе вынес 16 предписаний телерадиовещателям http://t.co/b3i1IGMv 
<roscomnadzor>|2013-02-05|12:31:35|0|0|0|1|0|0|0|0|0|0|0|0|1|3|0|0|Плановые проверки РКН на февраль в Москве и области http://t.co/ovhjKidd |Москве
<roscomnadzor>|2013-02-06|11:47:41|0|0|0|0|0|0|0|0|0|0|0|0|0|2|0|0|РКН на прошлой неделе выдал 6463 свидетельства о регистрации РЭС http://t.co/Am2X8gzp 
<roscomnadzor>|2013-02-08|11:24:42|0|1|0|0|0|0|0|0|0|0|0|0|0|3|1|0|RT @radiospectr: Александр Жаров: «Интернет должен быть безопасным и понятным для пользователей».http://t.co/33bd1tnW 
<roscomnadzor>|2013-02-11|13:00:47|0|0|0|0|0|0|0|0|0|0|0|0|0|3|0|0|РКН на прошлой неделе выдал 6251 свидетельство о регистрации РЭС и 3- ВЧУ  http://t.co/3U5rl0M5 
<roscomnadzor>|2013-02-12|13:25:43|0|0|0|0|0|0|0|0|0|0|0|0|0|2|0|0|РКН на прошлой неделе вынес 6 предписаний телерадиовещателям и 1 предупреждение сетевому СМИ http://t.co/QAWkWXJv 
<roscomnadzor>|2013-02-13|10:59:12|0|0|0|0|0|0|0|0|0|0|1|0|0|2|0|0|Пробный шар - публикуем мониторинг изменений отраслевого законодательства за месяц http://t.co/2ZtdqOYI 
<roscomnadzor>|2013-02-13|12:19:56|0|0|0|0|0|0|0|0|0|0|0|0|0|2|0|0|РКН на прошлой неделе выдал 17 новых лицензий на телерадиовещание и зарегистрировал 70 СМИ http://t.co/cQnKKXZI 
<roscomnadzor>|2013-02-14|16:31:37|0|0|0|0|0|0|0|0|0|0|0|0|0|0|0|0|РКН выявил недобросовестную коммерческую компанию http://t.co/srKgCcsH 
<roscomnadzor>|2013-02-15|09:09:24|0|0|0|1|0|0|0|0|0|0|1|0|0|1|0|0|В ближайшее время в Челябинской области будет активирован режим аварийного межсетевого роуминга |Челябинской области
<roscomnadzor>|2013-02-15|09:11:54|0|0|0|1|0|0|0|0|0|0|0|0|0|3|0|0|РКН зафиксировал отсутствие связи в сетях 2G и 3G одного из операторов в Челябинской области. Проводная связь и ШПД работают стандартно. |Челябинской области
<roscomnadzor>|2013-02-15|09:19:04|0|0|0|0|0|0|0|0|0|0|0|0|0|5|0|0|РКН просит во избежание повышения нагрузки на включившихся в аварийный роуминг операторов не совершать звонки без особой необходимости 
<roscomnadzor>|2013-02-15|09:39:53|0|0|0|0|0|0|0|0|0|0|0|0|0|0|0|1|@Yurkyj МегаФон 
<roscomnadzor>|2013-02-15|10:10:24|0|0|0|1|0|0|0|0|0|0|0|0|0|1|0|0|Официальный релиз РКН по Челябинской области http://t.co/H2qLF3JU |Челябинской области
<roscomnadzor>|2013-02-15|10:12:36|0|0|0|0|0|0|0|0|0|0|0|0|0|1|0|1|@inova174 @M_Simonyan Скоро аварийный межсетевой роуминг заработает - РКН 
<roscomnadzor>|2013-02-15|10:21:21|0|0|0|1|0|0|0|0|0|0|0|0|0|2|0|1|@eldarmurtazin о ситуации в Челябинской области http://t.co/H2qLF3JU |Челябинской области
<roscomnadzor>|2013-02-15|10:36:55|0|0|0|1|0|0|0|0|0|0|0|0|0|2|0|0|Уточнения по Челяб. обл: причина отказа части БС МегаФона подтвердилась - повреждение ВОЛС. Прогнозное время устранения - 15:00 по Москве |Москве
<roscomnadzor>|2013-02-15|10:39:01|0|0|0|0|0|0|0|0|0|0|0|0|0|3|0|0|Связь у абонентов МегаФон частично отсутствует в гг. Чебаркуль, Златоуст, Касли и Снежинск. 
<roscomnadzor>|2013-02-15|10:41:17|0|0|0|1|0|0|0|0|0|0|0|0|0|3|0|0|Аварийный межсетевой роуминг для абонентов МегаФон в гг. Челябинской области Чебуркуле, Златоусте, Касли и Снежинске включен |Челябинской области
<roscomnadzor>|2013-02-15|11:52:21|0|0|0|1|0|0|0|0|0|0|0|0|0|2|0|0|Экспертное тестирование в Челябинске и области показало работоспособность аварийного роуминга http://t.co/ABL3Kczn |Челябинске
<roscomnadzor>|2013-02-15|14:46:18|0|0|0|2|0|0|0|0|0|0|0|0|0|2|0|0|Авария, выключившая в Челябинской области базовые станции МегаФона, устранена в 14:35 по Москве |Челябинской области|Москве
<roscomnadzor>|2013-02-15|17:34:10|0|0|0|1|0|0|0|0|0|0|0|0|0|1|0|0|Система аварийного межсетевого роуминга показала свою эффективность в Челябинской области http://t.co/8m3yWi10 |Челябинской области
<roscomnadzor>|2013-02-15|18:57:25|0|0|0|3|0|0|0|0|0|0|1|0|0|1|0|0|Невский районный суд в СПб обязал golix.ru, durix.ru, телефон-справка.рф удалить персональные данные граждан России http://t.co/SpMOipTS |Невский район|СПб|России
<roscomnadzor>|2013-02-19|09:39:34|0|0|0|0|0|0|0|0|0|0|0|0|0|1|0|0|На самом деле сайт РОСКОМНАДЗОРА занял второе место в рейтинге открытости http://t.co/kkNMayLg 
<roscomnadzor>|2013-02-19|10:27:20|0|0|0|0|0|0|0|0|0|0|0|0|0|2|0|0|РКН на прошлой неделе вынес 10 предписаний вещателям и 4 предупреждения СМИ http://t.co/IrUbJgPj 
<roscomnadzor>|2013-02-19|13:19:07|0|0|0|1|0|0|0|0|0|0|0|0|1|2|0|0|РКН - анонс конференции 6 марта в Москве http://t.co/giJDblsg |Москве
<roscomnadzor>|2013-02-20|10:47:48|0|0|0|0|0|0|0|0|0|0|0|0|0|2|0|0|РКН выдал на прошлой неделе14 новых лицензий на телерадиовещание и зарегистрировал 119 СМИ http://t.co/Zbq3h8lf 
<roscomnadzor>|2013-02-20|10:53:43|0|0|0|0|0|0|0|0|0|0|0|0|0|2|0|0|Вниманию плательщиков госпошлины - в реквизиты внесены изменения кодов бюджетной классификации http://t.co/f6X9MUtj 
<roscomnadzor>|2013-02-20|11:05:14|0|0|0|1|0|0|0|0|0|0|0|0|0|1|0|0|Глава РКН А.Жаров провел вчера, 19.02.13., заседание Координационного совета в Пскове http://t.co/nG0t9N28 |Пскове
<roscomnadzor>|2013-02-21|12:35:02|0|0|0|0|0|0|0|0|0|0|0|0|0|2|0|0|РКН на прошлой неделе выдал 5931 свидетельство о регистрации РЭС http://t.co/VoKIkulIsk 
<roscomnadzor>|2013-02-22|10:45:38|0|0|0|0|0|0|0|0|0|0|0|0|0|0|0|1|@Pahe4kO Пожалуйста, воспользуйтесь интерфейсом реестра http://t.co/Jc6xFawK6r 
<roscomnadzor>|2013-02-22|11:08:31|0|0|0|0|0|0|0|0|0|0|0|0|0|1|0|1|@silyashevich Здравствуйте! На обращение с таким номером был дан ответ 05.12.12. 
<roscomnadzor>|2013-02-22|16:45:01|0|0|0|0|0|0|0|0|0|0|0|0|0|1|0|0|На этой неделе РКН принял 900 решений по вопросам частотных присвоений http://t.co/gSSXZidY3e 
<roscomnadzor>|2013-02-25|11:18:02|0|0|0|0|0|0|0|0|0|0|0|0|0|2|0|0|Форма заявления о применении коэффициентов соц. направленности внедрения технологии и перспективности технологии. http://t.co/1w7U81BKcl 
<roscomnadzor>|2013-02-26|12:47:18|0|0|0|0|0|0|0|0|0|0|0|0|0|1|0|0|На минувшей неделе Роскомнадзор выдал 10 новых лицензий на телерадиовещание, зарегистрировал 93 СМИ. http://t.co/8ZgV6mAuDW 
<roscomnadzor>|2013-02-27|10:10:12|0|0|0|0|0|0|0|0|0|0|0|0|0|1|0|0|РКН на мин. нед. вынес 3 предписания вещателям, предупреждение телепрограмме, приостановил действие 2-х лицензий. http://t.co/iBw17iT7Ek 
<roscomnadzor>|2013-02-27|13:07:38|0|0|0|0|0|0|0|0|0|0|0|0|1|1|0|0|6 марта конференция Роскомнадзора по радиотехнологиям. Приглашаем. http://t.co/DCWWGaIK4p 
<roscomnadzor>|2013-02-28|08:50:31|0|0|0|0|0|0|0|0|0|0|0|0|0|1|0|0|В Роскомнадзоре состоялось очередное заседание Федеральной конкурсной комиссии по телерадиовещанию. http://t.co/saTrJHGZaF 
<roscomnadzor>|2013-02-28|09:49:52|0|0|0|0|0|0|0|0|0|0|0|0|0|2|0|0|По представлениям Роскомнадзора прекращена деятельность еще 28 сайтов с персональными данными. http://t.co/ZxG1CvsRRH 
<roscomnadzor>|2013-02-28|16:48:35|0|1|0|1|0|0|0|0|0|0|0|0|0|2|0|0|На тестовых соревнованиях в Сочи успешно опробован самый современный многофункциональный комплекс радиоконтроля. http://t.co/vJh99z3L2E |Сочи
<roscomnadzor>|2013-03-01|14:36:11|0|0|0|0|0|0|0|0|0|0|0|0|0|2|0|0|На этой неделе РКН на основании поданных заявлений принял 2100 решений по вопросам присвоения радиочастот. http://t.co/nhdx8k4kjE 
<roscomnadzor>|2013-03-04|12:24:29|0|0|0|0|0|0|0|0|0|0|0|0|0|1|0|0|За минувшую неделю РКН выдал 34 новые лицензии на телерадиовещание, зарегистрировал 64 СМИ. http://t.co/4svfB38GFZ 
<roscomnadzor>|2013-03-05|11:54:06|0|0|0|0|0|0|0|0|0|0|0|0|0|1|0|0|РКН  на прошедшей неделе вынес 9 предписаний телерадиовещателям, 5 предупреждений СМИ. http://t.co/rHBb2aKl7e 
<roscomnadzor>|2013-03-06|17:19:28|0|0|0|0|0|0|0|0|0|0|0|0|0|2|0|0|Перспективы развития в РФ новых радиотехнологий обсуждены на конференции Роскомнадзора. http://t.co/6AC7sURs41 
<roscomnadzor>|2013-03-07|12:25:36|0|0|0|0|0|0|0|0|0|0|1|0|0|1|0|0|РКН создает Автоматизированную систему радиоконтроля и готовит соответствующих специалистов. http://t.co/cxGDDstVsL 
<roscomnadzor>|2013-03-11|15:01:45|0|0|0|0|0|0|0|0|0|0|0|0|0|2|0|0|РКН выдал на прошлой неделе 7 предписаний телерадиовещателям и приостановил действие одной лицензии http://t.co/S4zo6y5901 
<roscomnadzor>|2013-03-12|12:07:41|0|0|0|0|0|0|0|0|0|0|0|0|0|1|0|0|На прошлой неделе РКН выдал 6837 свидетельств о регистрации РЭС http://t.co/01XvxuAFgY 
<roscomnadzor>|2013-03-12|13:07:52|0|0|0|0|0|0|0|0|0|0|0|0|0|1|0|0|Фонд Свободы Информации присудил нашему сайту II место в рейтинге информоткрытости http://t.co/jzRDK43U3y 
<roscomnadzor>|2013-03-12|13:09:46|0|0|0|0|0|0|0|0|0|0|1|0|1|2|0|0|Мониторинг изменений отраслевого законодательства за февраль от РКН http://t.co/ri2pxnnYXa 
<roscomnadzor>|2013-03-13|18:05:47|0|0|0|0|0|0|0|0|0|0|0|0|0|2|0|0|На прошлой неделе РКН выдал 11 новых лицензий на телерадиовещание и зарегистрировал 56 СМИ http://t.co/i8vYunzy46 
<roscomnadzor>|2013-03-15|13:25:05|0|0|0|0|0|0|0|0|0|0|0|0|0|2|0|0|Администрация Twitter закрыла доступ к 5 материалам, внесенным РКН в  реестр запрещенной информации http://t.co/uB2sAOieU8 
<roscomnadzor>|2013-03-18|11:22:26|0|0|0|0|0|0|0|0|0|0|0|0|0|2|0|0|РКН на прошлой неделе выдал 11 лицензий на телерадиовещание и зарегистрировал 98 СМИ http://t.co/m3sFwQZv84 
<roscomnadzor>|2013-03-18|14:13:22|0|0|0|1|0|0|0|0|0|0|0|0|0|1|0|0|Московский РКН в марте'13 завершит 87 плановых проверок http://t.co/2Lm9ghv9WX |Московский район
<roscomnadzor>|2013-03-18|14:29:31|0|0|0|0|0|1|0|0|0|0|1|0|0|3|0|0|Оцениваем последствия действия 436 закона "о защите детей" http://t.co/RttCJghpFM Голосуйте - нам это важно! 
<roscomnadzor>|2013-03-18|14:48:54|0|0|0|0|0|0|0|0|0|0|0|0|0|1|0|1|@Sergey_Hairuk нет. 
<roscomnadzor>|2013-03-19|16:25:17|0|0|0|0|0|0|0|0|0|0|0|0|0|1|0|0|Российские регистраторы прекратили делегирование трех доменных имен на основании обращений РКН http://t.co/QNXhFfOJ6E 
<roscomnadzor>|2013-03-20|17:01:02|0|0|0|1|0|0|0|0|0|0|0|0|0|1|0|0|Глава РКН А.Жаров провел в Ставрополе заседание Координационного совета глав территориальных органов http://t.co/dC4ry01ZmI |Ставрополе
<roscomnadzor>|2013-03-21|16:34:03|0|0|0|0|0|0|0|0|0|0|0|0|0|2|0|0|РКН на прошлой неделе вынес 2 предписания телерадиовещателям и предупреждение информационно-справочному порталу http://t.co/2O1Fg0C9jc 
<roscomnadzor>|2013-03-22|11:04:29|0|0|0|0|0|0|0|0|0|0|0|0|0|1|0|0|На минувшей неделе РКН принял 1300 решений по вопросам присвоения радиочастот http://t.co/7c5YgPTZty 
<roscomnadzor>|2013-03-25|13:48:31|0|0|0|0|0|0|0|0|0|0|0|0|0|1|0|0|На минувшей неделе РКН принял 1331 решение по вопросам присвоения радиочастот http://t.co/RZKrFLW6rO 
<roscomnadzor>|2013-03-26|15:04:56|0|0|0|0|0|0|0|0|0|0|0|0|0|2|0|0|РКН на прошлой неделе вынес два предупреждения СМИ и приостановил действие одной лицензии на эфирное вещание http://t.co/g05RTQpDh4 
<roscomnadzor>|2013-03-27|11:30:11|0|0|0|0|0|0|0|0|0|0|0|0|0|1|0|0|РКН на прошлой неделе зарегистрировал 132 СМИ http://t.co/yCbC9vd05T 
<roscomnadzor>|2013-03-27|11:39:10|0|0|0|0|0|0|0|0|0|0|0|0|0|1|0|0|Экспертная комиссия при РКН предлагает обсудить концепцию проведения экспертизы http://t.co/5nMfvv5sgm 
<roscomnadzor>|2013-03-27|11:44:54|0|0|0|0|0|0|0|0|0|0|0|0|0|3|0|0|Приказы РКН об установлении размеров платы за использование радиочастотного спектра в РФ http://t.co/8VanXkbNxN 
<roscomnadzor>|2013-03-27|12:04:46|1|0|0|0|0|0|0|0|0|0|0|0|0|1|0|0|Спам-атака недовольных почтой пользователей виртуальных магазинов на РКН http://t.co/4rVdbYJgOn 
<roscomnadzor>|2013-03-27|12:06:56|1|0|0|0|0|0|0|0|0|0|0|0|0|1|0|0|РКН обратил внимание на проблему влияния компьютерных игр на детскую психику http://t.co/KcvrYOQP0x 
<roscomnadzor>|2013-03-27|18:01:38|0|0|0|0|0|0|0|0|0|0|0|0|0|2|0|0|Победители конкурсов на радиовещание от 27.03.2013 http://t.co/DwZkrVbkFQ 
<roscomnadzor>|2013-03-28|10:22:27|0|0|0|1|0|0|0|0|0|0|0|0|0|1|0|0|Заявление Почты России по поводу спам-акции пользователей онлайн-магазинов http://t.co/z58sVo8abb |России
<roscomnadzor>|2013-03-29|14:32:58|0|0|0|0|0|0|0|0|0|0|0|0|0|2|0|0|Релизы РКН и Роспечати по поводу Большого словаря русских поговорок http://t.co/dZlXGoM6v4 
<roscomnadzor>|2013-04-01|11:18:12|0|0|0|0|0|0|0|0|0|0|0|0|0|1|0|0|На прошлой неделе РКН выдал 7800 свидетельств о регистрации РЭС http://t.co/mtL8t2Ndvy 
<roscomnadzor>|2013-04-02|11:10:10|0|0|0|0|0|0|0|0|0|0|0|0|0|2|0|0|РКН на прошлой неделе вынес 8 предписаний телерадиовещателям и 2 предупреждения СМИ http://t.co/0qgiDMMYWC 
<roscomnadzor>|2013-04-02|18:01:11|0|0|0|0|0|0|0|0|0|0|0|0|0|1|0|0|РКН тестирует новый порядок регистрации РЭС и ВЧУ http://t.co/gTnKNQteBZ 
<roscomnadzor>|2013-04-02|18:27:08|0|0|0|0|0|1|0|0|0|0|1|0|0|1|0|1|@debri_dv Адрес верный. Направьте нам официальный запрос (порядок обращения граждан http://t.co/f5jJL8Zk8R) 
<roscomnadzor>|2013-04-04|12:36:14|0|0|0|0|0|0|0|0|0|0|0|0|0|2|0|0|Про карты покрытия сотовой связью автодорог по итогам 1 кв. с комментариями операторов http://t.co/Opi1Tkogzo 
<roscomnadzor>|2013-04-04|13:58:42|0|0|0|0|0|0|0|0|0|0|0|0|0|2|0|1|@silyashevich Вам не сложно продублировать обращение в адрес v.pikov@rsoc.ru  ? 
<roscomnadzor>|2013-04-04|15:25:24|0|0|0|0|0|0|0|0|0|0|0|0|0|3|0|0|Плательщикам за радиочастотный спектр! Внесены изменения в реквизиты - названия территориальных органов РКН http://t.co/NHeTqk7mMF 
<roscomnadzor>|2013-04-05|11:21:56|0|0|0|0|0|0|0|0|0|0|0|0|0|1|0|0|Руководство РКН вчера встречалось с представителями Ofcom (Великобритания) http://t.co/g5BvG1P59l 
<roscomnadzor>|2013-04-05|11:27:24|0|0|0|0|0|0|0|0|0|0|0|0|0|3|0|0|А.Жаров встречался с Дж. Уиттингдейлом (главой парламентского комитета UK по СМИ, спорту и культуре) http://t.co/zMczI0ggbd 
<roscomnadzor>|2013-04-05|11:29:21|0|0|0|0|0|0|0|0|0|0|0|0|0|2|0|1|@silyashevich Ответил в эл.почту. Еще раз приношу извинения. 
<roscomnadzor>|2013-04-05|15:16:17|0|0|0|0|0|0|0|0|0|0|1|0|0|2|0|0|РКН намерен модернизировать свои подходы к защите прав субъектов персональных данных http://t.co/wHTHMeDD3u 
<roscomnadzor>|2013-04-09|16:43:55|0|0|0|0|0|0|0|0|0|0|0|0|0|2|0|0|РКН на прошлой неделе выдал 36 лицензий на телерадиовещание и зарегистрировал 94 СМИ http://t.co/siZIs0fMd0 
<roscomnadzor>|2013-04-09|17:40:15|0|0|0|0|0|0|0|0|0|0|0|0|0|1|0|0|Анонс конференции «Синергетический эффект NGN. Услуги ОТТ» (NGN-2013) 26.04.2013 при поддержке РКН http://t.co/qTFngdgqHc 
<roscomnadzor>|2013-04-10|13:27:29|0|0|0|0|0|0|0|0|0|0|0|0|0|1|0|0|РКН вынес на прошлой неделе 10 предписаний телерадиовещателям http://t.co/IIe6Y9IdOL 
<roscomnadzor>|2013-04-10|13:36:59|0|0|0|0|0|0|0|0|0|0|0|0|0|2|0|1|@ac_ovb Если Вас не затруднит, воспользуйтесь, пожалуйста, официальными каналами http://t.co/f5jJL8Zk8R или http://t.co/8806BscWq9 
<roscomnadzor>|2013-04-10|14:44:19|0|0|0|0|0|0|0|0|0|0|0|0|0|3|0|0|РКН удалил из #реестр 6 записей о статье в Википедия http://t.co/GQhejGk2y4 
<roscomnadzor>|2013-04-10|15:24:09|0|0|0|0|0|0|0|0|0|0|0|0|0|3|0|1|@Wikimedia_RU РКН исключил из #реестр 6 записей о статье в Википедии http://t.co/GQhejGk2y4 
<roscomnadzor>|2013-04-11|11:45:28|0|0|0|0|0|0|0|0|0|0|0|0|0|2|0|0|РКН на прошлой неделе выдал 7703 свидетельства о регистрации РЭС http://t.co/HVS1EnIv9y 
<roscomnadzor>|2013-04-12|15:13:56|0|0|0|0|0|0|0|0|0|0|0|0|0|2|0|1|@vagin_andrey Ответ отправлен по адресу, указанному в Вашем обращении. 
<roscomnadzor>|2013-04-15|12:29:42|0|0|0|0|0|0|0|0|0|0|0|0|1|2|0|0|Управление РКН по ЦФО в апреле проведет 44 плановых проверки http://t.co/nsd8eAlFMQ 
<roscomnadzor>|2013-04-16|15:44:38|0|0|0|1|0|0|0|0|0|0|1|0|0|3|0|0|А. Жаров в Сочи определил задачи по дальнейшей подготовке системы радиоконтроля к зимней Олимпиаде. http://t.co/IRCRkIzVNz |Сочи
<roscomnadzor>|2013-04-17|10:20:04|0|0|0|0|0|0|0|0|0|0|1|0|0|2|0|0|Роскомнадзор приглашает представителей медийного сообщества на совещание по вопросам применения закона N 34-ФЗ. http://t.co/wTxQ5UvFVq 
<roscomnadzor>|2013-04-17|21:22:27|0|0|0|0|0|0|0|0|0|0|1|0|0|1|0|0|Экспертный совет РКН обсудил  вопросы применения новых норм законодательства в сфере массовых коммуникаций. http://t.co/LXLdNGtkpC 
<roscomnadzor>|2013-04-18|15:30:12|0|0|0|0|0|0|0|0|0|0|1|0|0|0|0|0|Координац. совет предприятий радиочастотной службы обсудил вопросы создания Автоматизированной системы радиоконтроля. http://t.co/3RZt552Ly6 
<roscomnadzor>|2013-04-19|16:34:36|0|0|0|0|0|0|0|0|0|0|0|0|0|1|0|0|На минувшей неделе РКН принял 2528 решений по вопросам присвоения радиочастот. http://t.co/as5h7XrTuW 
<roscomnadzor>|2013-04-19|17:04:13|0|0|0|0|0|0|0|0|0|0|1|0|0|2|0|0|В РКН состоялось заседание Конс. совета при уполномоченном органе по защите прав субъектов персональных данных. http://t.co/0OgPkgFrX6 
<roscomnadzor>|2013-04-22|11:24:53|0|0|0|0|0|0|0|0|0|0|1|0|0|4|0|0|РКН вынес на прошедшей неделе 10 предписаний вещателям и 5 предупреждений за нарушение  законодательства о СМИ. http://t.co/cUaa0qWVU0 
<roscomnadzor>|2013-04-22|12:20:52|0|0|0|1|0|0|0|0|0|0|0|0|0|2|0|0|На основании материалов РКН с сайта, зарегистрированного в Казахстане, удалены персональные данные гражданки РФ. http://t.co/B6fwQfJZA9 |Казахстане
<roscomnadzor>|2013-04-23|11:54:09|0|0|0|0|0|0|0|0|0|0|0|0|0|3|0|1|@kkap32 Спасибо. Ссылка будет передана в администрацию ВК. Очевидно - информация будет удалена на основании внутренних правил сети. 
<roscomnadzor>|2013-04-23|13:30:39|0|0|0|0|0|0|0|0|0|0|0|0|0|2|0|0|РКН выдал на прошлой неделе 20 лицензий на телерадиовещание и зарегистрировал 109 СМИ http://t.co/pb00odjsss 
<roscomnadzor>|2013-04-23|18:28:05|0|0|0|0|0|0|0|0|0|0|0|0|1|2|1|0|RT @radiospectr: ВНИМАНИЮ СМИ: 26 апреля при поддержке Роскомнадзора проводится конференция «Перспективы NGN в России». http://t.co/T2xMahBvjj 
<roscomnadzor>|2013-04-24|17:16:59|0|0|0|0|0|0|0|0|0|0|0|0|0|1|0|0|Минюст утвердил подготовленный РКН перечень стран, защищающих персданные вне рамок Конвенции Совета Европы http://t.co/XqiWTUspUM 
<roscomnadzor>|2013-04-24|17:18:02|0|0|0|0|0|0|0|0|0|0|0|0|0|0|0|0|Результаты заседания Федеральной конкурсной комиссии http://t.co/AwgvIQbuwP 
<roscomnadzor>|2013-04-24|17:19:34|0|0|0|1|0|0|0|0|0|0|0|0|0|1|0|0|РКН увеличивает интенсивность радиоконтроля в районе Сочи http://t.co/Fdn4Pz2Egr |Сочи
<roscomnadzor>|2013-04-25|13:13:33|0|0|0|0|0|0|0|0|0|0|1|0|0|1|0|0|РКН в течение месяца будет формировать практику применения положений закона "О СМИ", касающихся использования мата http://t.co/8jJhpuijEJ 
<roscomnadzor>|2013-04-25|17:10:26|0|1|0|0|0|0|0|0|0|0|0|0|0|1|0|0|Льготы сотовых операторов ветеранам Великой Отечественной войны в честь Дня Победы http://t.co/Zsw3EhORJ4 
<roscomnadzor>|2013-04-26|19:48:24|1|0|0|0|0|0|0|0|0|0|0|0|0|2|0|0|Количество жалоб в реестр на YouTube достигло 706. Но в работу приняты всего 118 http://t.co/yZBgy8vln3 
<roscomnadzor>|2013-04-29|11:17:46|0|0|0|0|0|0|0|0|0|0|0|0|0|3|0|0|РКН на прошлой неделе выдал 6025 свидетельств о регистрации РЭС и 2 ВЧУ http://t.co/4OYiP0Oz6h 
<roscomnadzor>|2013-04-30|11:23:17|0|0|0|0|0|0|0|0|0|0|0|0|0|2|0|0|РКН выдал на прошлой неделе 9 лицензий на телерадиовещание и зарегистрировал 161 СМИ http://t.co/uqf3sI9ATH 
<roscomnadzor>|2013-04-30|12:08:28|0|0|0|0|0|0|0|0|0|0|0|0|0|1|0|0|РКН на прошлой неделе вынес два предупреждения СМИ http://t.co/7NdhMXK0Os 
<roscomnadzor>|2013-05-06|08:51:18|0|0|0|0|0|0|0|0|0|0|0|0|0|1|0|0|Немного социологии по персональным данным http://t.co/mmVdyXSzM5 
<roscomnadzor>|2013-05-06|14:59:32|0|0|0|0|0|0|0|0|0|0|0|0|0|0|0|1|@InfobezExpo @sb0risov Это был ОМНИБУС ФОМа http://t.co/vvwjfbhxs1 
<roscomnadzor>|2013-05-06|15:00:45|1|0|0|0|0|0|0|0|0|0|0|0|0|2|0|1|@sb0risov Поясните. пожалуйста, в почту v.pikov@rsoc.ru о каком определении степени возможного ущерба идет речь? 
<roscomnadzor>|2013-05-06|15:16:55|0|1|0|0|0|1|1|0|0|0|0|0|0|3|0|1|@InfobezExpo @sb0risov Это было исследование для внутренних целей. Часть его мы посчитали интересным для опубликования. 
<roscomnadzor>|2013-05-07|09:21:04|0|1|0|0|0|0|0|0|0|0|0|0|0|1|0|0|С профессиональным праздником - С ДНЕМ РАДИО! http://t.co/XeMHGjPm35 
<roscomnadzor>|2013-05-07|11:05:21|0|0|0|0|0|0|0|0|0|0|0|0|0|1|0|0|РКН выдал 3067 свидетельств о регистрации РЭС http://t.co/J5yBorDEmG 
<roscomnadzor>|2013-05-08|13:28:19|0|0|0|0|0|0|0|0|0|0|0|0|0|2|0|0|РКН не исключает провокационности в новой редакции статьи "о каннабисе" в Википедии http://t.co/mYJh2yEXTD 
<roscomnadzor>|2013-05-08|13:55:20|0|0|0|0|0|0|0|0|0|0|0|0|0|3|0|1|@plushev 1. Предложение прозвучало от Пикова 2. Для получения искомого результата говорить нужно с АВТОРАМИ (Или Козловский автор?) 
<roscomnadzor>|2013-05-08|14:21:20|0|0|0|0|0|0|0|0|0|0|0|0|0|1|0|1|@plushev Они все тысячами пишут одну статью? 
<roscomnadzor>|2013-05-08|14:34:11|0|0|0|0|0|1|0|0|0|1|0|0|0|4|0|1|@plushev Если поймем внутреннюю иерархию авторов, то, возможно, найдем рецепты. Пока сведения противоречивы. Но мы за диалог без провокаций. 
<roscomnadzor>|2013-05-08|15:00:41|0|0|0|0|0|1|0|0|0|0|0|0|0|3|0|1|@plushev Александр! еще раз: нам нужны диалог - авторы - результат.Площадку выберем сами. 
<roscomnadzor>|2013-05-13|11:56:49|0|0|0|0|0|0|0|0|0|0|0|0|0|1|0|1|@eugeny1988 @plushev Спасибо! очень познавательно. Еще дождусь фильма "Правда о Википедии"...http://t.co/mA8DzM1X83 
<roscomnadzor>|2013-05-13|15:10:29|0|0|0|0|0|0|0|0|0|0|0|0|0|0|0|0|На прошлой неделе РКН зарегистрировал 3570 РЭС http://t.co/gUOUsuEpEN 
<roscomnadzor>|2013-05-13|15:12:51|0|0|0|0|0|0|0|0|0|0|0|0|0|1|0|0|Завтра в Экспоцентре состоится расширенное заседание Коллегии Роскомнадзора 
<roscomnadzor>|2013-05-13|15:13:58|0|0|0|0|0|0|0|0|0|0|0|0|0|0|0|1|@kozlyuk @eugeny1988 @plushev А трейлер интригующий... 
<roscomnadzor>|2013-05-13|19:04:45|0|0|0|0|0|0|0|0|0|0|0|0|0|6|0|1|@putnik @ru_wikipedia Вы уж простите за формализм, но в этом случае очень важно получить официальное письмо от Станислава Козловского. 
<roscomnadzor>|2013-05-13|20:35:42|0|0|0|0|0|0|0|0|0|0|0|0|1|2|0|0|Публичный доклад РКН за 2012 год http://t.co/8yguZAFRS7 
<roscomnadzor>|2013-05-14|17:56:59|0|0|0|0|0|0|0|0|0|0|0|0|0|0|0|0|Состоялась коллегия Роскомнадзора. Выступил А. Жаров. http://t.co/OA1Ko3SuAe 
<roscomnadzor>|2013-05-15|19:33:58|0|0|0|0|0|0|0|0|0|0|0|0|0|4|0|0|Анализ Best Common Practice в управлении доступом к интернет-ресурсам и проект рекомендаций для обсуждения  http://t.co/0QxkDChChS 
<roscomnadzor>|2013-05-15|19:35:46|0|0|0|0|0|0|0|0|0|0|0|0|0|0|0|1|@kozlyuk @ru_raec http://t.co/0QxkDChChS 
<roscomnadzor>|2013-05-15|19:44:22|0|0|0|0|0|0|0|0|0|0|0|0|0|1|0|0|Полный текст выступления А.Жарова на Коллегии РКН 14.05.13. http://t.co/xneMf4ECIT 
<roscomnadzor>|2013-05-16|11:34:32|0|0|0|0|0|0|0|0|0|0|0|0|0|3|0|0|РКН в предпраздничные дни выдал 37 лицензий на телерадиовещание и зарегистрировал 155 СМИ http://t.co/U48MPhEpcj 
<roscomnadzor>|2013-05-16|13:31:33|0|1|0|0|0|0|0|0|0|0|1|0|0|1|0|0|Очередные успехи РКН в области защиты прав субъектов персданных http://t.co/ujiAw64jky 
<roscomnadzor>|2013-05-16|14:04:02|0|0|0|0|0|0|0|0|0|0|0|0|0|0|0|1|@MatweeAlexeev Что мешает?))) 
<roscomnadzor>|2013-05-17|11:41:39|0|0|0|0|0|0|0|0|0|0|1|0|2|2|0|0|29 мая с.г. состоится конкурс на право наземного эфирного вещания  http://t.co/lahleyg0Vr 
<roscomnadzor>|2013-05-17|12:27:21|0|0|0|0|0|1|0|0|0|0|0|0|0|4|0|1|@kozlyuk А.Жаров на коллегии заявил, что мы работаем с Министерством. Нас эта ситуация устраивает. 
<roscomnadzor>|2013-05-17|12:32:15|0|0|0|0|0|0|0|0|0|0|0|0|0|2|0|0|РКН вынес в предпраздничные дни 7 предписаний и одно предупреждение СМИ http://t.co/422ZpldpeE 
<roscomnadzor>|2013-05-17|12:44:37|0|0|0|0|0|0|0|0|0|0|0|0|0|3|0|0|А.Жаров и П.Астахов подписали соглашение о взаимодействии в сфере обеспечения информационной безопасности детей http://t.co/8q4BGM0Qw9 
<roscomnadzor>|2013-05-17|14:22:13|0|0|0|0|0|0|0|0|0|0|0|0|0|3|0|1|@NektoNekto Мы уже взаимодействуем по многим экспертным вопросам. В реальности рассчитываем на сотрудничество территориальных представителей 
<roscomnadzor>|2013-05-17|19:25:35|0|0|0|0|0|0|0|0|0|0|0|0|0|0|0|0|РКН вынес повторное письменное предупреждение сетевому изданию Грани.ру http://t.co/Hi8t7bRF8v 
<roscomnadzor>|2013-05-20|10:03:33|0|0|0|0|0|0|0|0|0|0|0|0|0|3|0|1|@kozlyuk @mksenzov ЛБИ проводила экспертизу японских роликов по просьбе РКН. Ролики должны еще оценить мультипликаторы и кинематографисты 
<roscomnadzor>|2013-05-20|10:23:51|0|0|0|0|0|0|0|0|0|0|0|0|0|4|0|1|@maryvololo В готовом виде такой информации нет. Отдельные СМИ по названию можно посмотреть в реестре http://t.co/feFvRqCuPu 
<roscomnadzor>|2013-05-20|10:27:07|0|0|0|0|0|0|0|0|0|0|0|0|0|0|0|1|@NektoNekto КАКОМ ТАКОМ? Поясните конкретнее, пожалуйста. 
<roscomnadzor>|2013-05-20|10:29:37|1|0|0|0|0|0|0|0|0|0|0|0|0|1|0|1|@olegkarev2 @Beeline_RU Пожалуйста, если имеете конкретную жалобу, создайте официальное обращение http://t.co/f5jJL8Zk8R Мы Вам ответим 
<roscomnadzor>|2013-05-20|10:44:07|0|0|0|0|0|1|0|0|0|0|0|0|0|3|0|1|@olegkarev2 @beeline_ru К сожалению, на такое заявление мы отреагировать не сможем... 
<roscomnadzor>|2013-05-20|11:04:35|0|0|0|0|0|0|0|0|0|0|0|0|0|2|0|0|РКН выдал на прошлой неделе 5623 свидетельства о регистрации РЭС http://t.co/h69i5cEqp5 
<roscomnadzor>|2013-05-22|11:28:06|0|0|0|0|0|0|0|0|0|0|0|0|0|2|0|0|РКН на прошлой неделе вынес 3 предупреждения и приостановил действие одной лицензии СМИ http://t.co/P1nC9pn73v 
<roscomnadzor>|2013-05-22|11:45:22|0|0|0|0|0|0|0|0|0|0|0|0|0|2|0|0|Экспертный совет РКН заслушал предложения по методикам блокировки запрещенной информации в сети http://t.co/OKsCikNasg 
<roscomnadzor>|2013-05-22|19:16:01|0|0|0|0|1|0|0|0|0|0|0|0|0|1|0|1|@ru_wikipedia Да, я. 
<roscomnadzor>|2013-05-23|12:17:50|0|0|0|0|0|0|0|0|0|0|0|0|0|1|0|1|@ain92ru @ru_wikipedia о чем? 
<roscomnadzor>|2013-05-23|12:32:09|0|0|0|0|0|0|0|0|0|0|0|0|0|2|0|0|На прошлой неделе РКН выдал 51 лицензию на телерадиовещание и зарегистрировал 97 СМИ http://t.co/7J2EJyPGla 
<roscomnadzor>|2013-05-24|10:45:00|0|0|0|0|0|0|0|0|0|0|0|0|0|3|0|0|IP-адрес ВКонтакте попал в Реестр по ошибке оператора. Приносим извинения пользователям и администрации. Ошибка исправлена. Ресурс доступен. 
<roscomnadzor>|2013-05-24|10:45:57|0|0|0|0|0|0|0|0|0|0|0|0|0|1|0|0|Имеется в виду ОПЕРАТОР Реестра! 
<roscomnadzor>|2013-05-27|12:02:26|0|0|0|0|0|0|0|0|0|0|0|0|0|2|0|0|На прошлой неделе РКН выдал 15 лицензий на телерадиовещание и зарегистрировал 90 СМИ http://t.co/loPbCF7XMk 
<roscomnadzor>|2013-05-27|12:05:16|0|0|0|0|0|0|0|0|0|0|0|0|0|1|0|1|@Oleg_RK Опишите, пожалуйста, Ваш вопрос подробнее по элпочте v.pikov@rsoc.ru 
<roscomnadzor>|2013-05-28|11:14:06|0|0|0|0|0|0|0|0|0|0|0|0|0|2|0|0|РКН вынес на прошлой неделе 5 предписаний телерадиовещателям, приостановил действие 3 и возобновил действие1 лицензии http://t.co/ywH2Tv9Jp9 
<roscomnadzor>|2013-05-28|11:21:40|0|0|0|0|0|1|0|0|0|0|0|0|0|4|0|1|@ks1v В первую очередь - Вашему оператору связи. Можно также обращаться к нам - http://t.co/f5jJL8Zk8R 
<roscomnadzor>|2013-05-28|15:48:31|0|0|0|0|0|0|0|0|0|0|0|0|0|4|0|1|@SirKrivenko Не очень понимаю нашу причастность к "ответам на ГИА по математике" в сети. Возможно, Вы ошиблись адресом. 
<roscomnadzor>|2013-05-28|15:49:52|1|0|0|0|0|0|0|0|0|0|0|0|0|2|0|1|@ks1v Вы подайте жалобу от себя. Дальше будет видно... 
<roscomnadzor>|2013-05-29|11:11:35|0|0|0|0|0|0|0|0|0|0|0|0|0|2|0|0|На прошлой неделе РКН выдал 5950 свидетельств о регистрации РЭС и 1 ВЧУ http://t.co/w3TjlYrrhS 
<roscomnadzor>|2013-05-29|14:49:01|0|0|1|0|0|0|0|0|0|0|0|0|0|4|0|1|@BadNarrator Смею предположить, что в Росстате http://t.co/J0ggfY8aPd Хотя, уверенности на 100% не испытываю. 
<roscomnadzor>|2013-05-29|17:13:16|0|0|0|0|0|0|0|0|0|0|0|0|0|2|0|0|Результаты заседания Федеральной конкурсной комиссии (конкурс на конкретные частоты для эфирного наземного вещания) http://t.co/lahleyg0Vr 
<roscomnadzor>|2013-05-31|14:42:51|0|0|0|1|0|0|0|0|0|0|0|0|0|5|0|1|@EvgeniKalinina Считаете, что есть признаки шантажа и вымогательства - обращайтесь в МВД России. |России
<roscomnadzor>|2013-06-03|09:52:43|0|0|0|0|0|0|0|0|0|0|0|0|0|7|0|1|@vorobiev321 Планируете работу как автономного СМИ, то рекомендуем зарегистрировать. На практике - сетевые версии есть с регистрацией и без. 
<roscomnadzor>|2013-06-03|09:54:29|0|0|0|0|0|0|0|0|0|0|0|0|0|1|0|1|@olegkarev2 Не очень понимаем суть претензии. Попробуйте изложить подробнее в специальном разделе нашего портала http://t.co/vIbJUytlKq 
<roscomnadzor>|2013-06-03|13:34:16|0|0|0|0|0|0|0|0|0|0|0|0|0|2|0|0|РКН на прошлой неделе выдал 16 лицензий на телерадиовещание и зарегистрировал 72 СМИ http://t.co/BZGik9bCsm 
<roscomnadzor>|2013-06-03|13:38:24|0|0|0|0|0|0|0|0|0|0|0|0|0|0|0|1|@dv_smart @ru_mts Какие конкретно обязательства? 
<roscomnadzor>|2013-06-03|13:54:18|0|0|0|0|0|0|0|0|0|0|0|0|0|4|0|0|Если кто еще не знает, обсуждаем методики блокировки запрещенной информации здесь http://t.co/HYQgqMHgbl 
<roscomnadzor>|2013-06-03|15:53:32|0|0|0|0|0|0|0|0|0|0|0|0|0|1|0|1|@putnik Учтем. В новой версии не будет... 
<roscomnadzor>|2013-06-04|09:25:30|0|0|0|1|0|0|0|0|0|0|1|0|0|4|0|0|РКН и ДИТ Москвы в пилотном режиме на севере столицы будут формировать меры по улучшению качества связи http://t.co/39g2TR0XAz |Москвы
<roscomnadzor>|2013-06-04|11:03:26|0|0|0|0|0|0|0|0|0|0|0|0|0|1|0|0|РКН на прошлой неделе вынес 9 предписаний телерадиовещателям http://t.co/gNvNlWB0GG 
<roscomnadzor>|2013-06-04|14:09:11|0|0|0|0|0|0|0|0|0|0|2|0|0|2|0|0|Суд привлек к ответственности провайдера (ЗАО "Тефо"), не исполнявшего 139-й закон http://t.co/QEZpqiDcil 
<roscomnadzor>|2013-06-04|17:13:07|0|0|0|1|0|0|0|0|0|0|0|0|0|5|0|0|Пилот по улучшению качества связи на севере Москвы может быть включен в программу "Информационный город 2013 - 2016" http://t.co/3aBHzyFqk1 |Москвы
<roscomnadzor>|2013-06-05|11:17:23|0|0|0|1|0|0|0|0|0|0|0|0|2|1|0|0|О плановых проверках в Центральном федеральном округе в июне т.г. http://t.co/iyDoBtaFJF |Центральном остане
<roscomnadzor>|2013-06-06|10:02:52|0|0|0|1|0|0|0|0|0|0|0|0|0|1|0|1|@o__lga Попробуйте обратиться в ФАС России http://t.co/Z4dsslNrcf |России
<roscomnadzor>|2013-06-06|10:05:00|0|0|0|1|0|0|0|1|0|0|0|0|1|4|0|0|Сумма наложенных на Почту России штрафов в этом году уже составляет 7,5 млн.рублей http://t.co/2FPc96ulgQ |России
<roscomnadzor>|2013-06-06|12:45:40|0|0|1|1|0|0|0|0|0|0|0|0|0|2|0|0|В центре Москвы для абонентов Билайн в 13:30 будет включен аварийный роуминг http://t.co/nBcrJMuLWo |Москвы
<roscomnadzor>|2013-06-06|14:24:43|0|0|0|0|0|0|0|0|0|0|0|0|0|2|0|0|Причины аварии в сети ОАО "Вымпелком" (Билайн) устранены.Связь для абонентов доступна.Активирована процедура отключения аварийного роуминга. 
<roscomnadzor>|2013-06-07|11:40:31|0|0|0|0|0|0|0|0|0|0|0|0|0|2|0|0|У РКН нет законных оснований препятствовать клонированию изданий с названиями, содержащими слово "флирт" http://t.co/6F5RZUbaiM 
<roscomnadzor>|2013-06-11|13:41:08|0|0|0|0|0|0|0|0|0|0|1|0|1|1|0|0|Мониторинг отраслевого законодательства за май http://t.co/ri2pxnnYXa 
<roscomnadzor>|2013-06-11|14:18:36|0|0|0|0|0|2|0|0|0|0|0|0|0|5|0|1|@Ponyach1 Вопрос не к нам. У нас в реестре не значится. 
<roscomnadzor>|2013-06-11|16:16:00|0|0|0|0|0|0|0|0|0|0|0|0|0|0|0|0|На прошлой неделе РКН вынес 3 предупреждения СМИ http://t.co/Yk1o0VefaQ 
<roscomnadzor>|2013-06-11|17:21:47|0|0|0|0|0|0|0|0|0|0|0|0|0|0|0|0|В реестре запрещенной информации 2349 записей (в т.ч. 152 IP) http://t.co/tb41YQUeyk 
<roscomnadzor>|2013-06-14|16:41:22|0|0|0|0|0|0|0|0|0|0|0|0|0|3|0|1|@djskub Да, при конклюдентных действиях. Т.е. договор считается заключенным после первого вызова, внесения авансового платежа и т.п. 
<roscomnadzor>|2013-06-17|14:45:23|0|0|0|0|0|0|0|0|0|0|0|0|0|2|0|0|РКН промониторил почти 4 тысячи СМИ на прошлой неделе на предмет использования матерных выражений http://t.co/SfRa88sUkV 
<roscomnadzor>|2013-06-17|15:03:14|0|0|0|0|0|0|0|0|0|0|0|0|0|3|0|1|@djskub Может иметь, если это предусмотрено условиями договора (публичной офертой). Подробнее через v.pikov@rsoc.ru 
<roscomnadzor>|2013-06-18|12:30:08|0|0|0|0|0|0|0|0|0|0|0|0|0|2|0|0|На прошлой неделе РКН выдал 24 лицензии на телерадиовещание и зарегистрировал 79 СМИ http://t.co/zHPMXav9FP 
<roscomnadzor>|2013-06-19|11:10:25|0|0|0|0|0|0|0|0|0|0|0|0|0|1|0|0|Экспертная комиссия РКН рекомендует прекратить вещание "Каникул в Мексике" http://t.co/K3oPLrmygs 
<roscomnadzor>|2013-06-19|11:35:08|0|0|0|0|0|0|0|0|0|0|0|0|0|3|0|1|@electrosvyaz Пока речь только о "Каникулах в Мексике"... 
<roscomnadzor>|2013-06-19|16:31:55|0|0|0|0|0|0|0|0|0|0|0|0|0|2|0|1|@Komanda_Khimki Лучше через форму "обращения граждан" на портале РКН http://t.co/vIbJUytlKq 
<roscomnadzor>|2013-06-19|16:34:07|0|0|0|0|0|0|0|0|0|0|0|0|0|1|0|1|@evgenysukhikh Мы предпочли действовать последовательно и постепенно. 
<roscomnadzor>|2013-06-19|17:10:33|0|1|0|0|0|0|0|0|0|0|0|0|0|1|0|0|Провайдеры хостинга одобрили рекомендации по блокировке запрещенных сайтов http://t.co/U96ZPHQ7FX 
<roscomnadzor>|2013-06-20|12:35:33|0|0|0|0|0|0|0|0|0|0|0|0|0|1|0|0|РКН на прошлой неделе возобновил действие двух лицензий на эфирное вещание http://t.co/cTovjakboR 
<roscomnadzor>|2013-06-20|12:53:42|0|0|0|0|0|0|0|0|0|0|0|0|0|1|0|1|@Dippyn Перешлите ответ в адрес v.pikov@rsoc.ru , пожалуйста. 
<roscomnadzor>|2013-06-24|15:05:42|0|0|0|0|0|0|0|0|0|0|0|0|0|2|0|0|РКН на прошлой неделе выдал 5959 свидетельств о регистрации РЭС http://t.co/2hKdxdiFgf 
<roscomnadzor>|2013-06-24|16:30:24|0|0|0|0|0|0|0|0|0|0|0|0|0|2|0|0|На прошлой неделе РКН выдал 9 лицензий на телерадиовещание и зарегистрировал 68 СМИ http://t.co/Jsdqn68AMq 
<roscomnadzor>|2013-06-25|12:26:08|0|0|0|0|0|0|0|0|0|0|0|0|0|1|0|0|В Реестре запрещенной информации 2257 записей (237 с IP). За прошедшую неделю внесли 379 записей. http://t.co/VksVMwWF4C 
<roscomnadzor>|2013-06-26|16:01:35|0|0|0|0|0|0|0|0|0|0|0|0|0|0|0|0|На прошлой неделе РКН вынес 4 предупреждения СМИ http://t.co/lk9SFsgwsZ 
<roscomnadzor>|2013-06-27|09:37:33|0|0|0|0|0|0|0|0|0|0|0|0|0|0|0|0|Результаты вчерашнего заседания Федеральной конкурсной комиссии http://t.co/wSK7rFc1kx 
<roscomnadzor>|2013-06-27|09:39:20|0|0|0|0|0|0|0|0|0|0|0|0|0|0|0|0|Наша оценка решения редакции "Телеканала ПЯТНИЦА" http://t.co/M9jQBIOlkv 
<roscomnadzor>|2013-06-28|13:03:13|0|0|0|1|0|0|0|0|0|0|0|0|1|2|0|0|На территории Москвы и области на июль запланировано 25 проверок http://t.co/Lcn6FhSNZc |Москвы
<roscomnadzor>|2013-06-28|16:31:27|0|0|0|1|0|0|0|0|0|0|0|0|0|2|0|0|Новая позиция РКН по поводу "Каникул в Мексике" http://t.co/TAiisw5MbJ |Новая Гвинея
<roscomnadzor>|2013-07-01|12:11:24|0|0|0|0|0|0|0|0|0|0|0|0|0|1|0|0|РКН на прошлой неделе выдал 11 лицензий на телерадиовещание http://t.co/C08tTCZNuf 
<roscomnadzor>|2013-07-01|13:30:05|0|0|0|0|0|0|0|0|0|0|0|0|0|1|0|1|@djskub Напомните в почту v.pikov@rsoc.ru 
<roscomnadzor>|2013-07-02|13:38:59|0|0|0|0|0|0|0|0|0|0|0|0|0|2|0|0|РКН вынес на прошлой неделе 5 предписаний телерадиовещателям и 6 предупреждений СМИ http://t.co/CaXTawUk5A 
<roscomnadzor>|2013-07-04|20:12:16|0|0|0|0|0|0|0|0|0|0|0|0|0|1|0|0|На прошлой неделе в Реестр внесено 511 записей http://t.co/ipCdMz1npI 
<roscomnadzor>|2013-07-05|09:07:36|0|0|0|0|0|0|0|0|0|0|0|0|0|6|0|1|@fatishka2010 Текст, на который указывает приведенная в сообщении ссылка, дает расширенную информацию о Реестре и изменениях за неделю...))) 
<roscomnadzor>|2013-07-05|16:42:52|0|0|0|0|0|0|0|0|0|0|0|0|0|3|0|1|@ru_wikipedia Не 12, а всего 7. Еще одна - на очереди. 
<roscomnadzor>|2013-07-05|16:56:06|0|0|0|0|0|0|0|0|0|0|0|0|0|1|0|1|@ru_wikipedia Не считаем корректным разбирать подробно список статей в Твиттере. Используйте, плз, наши контактные адреса. 
<roscomnadzor>|2013-07-05|16:57:38|0|0|0|0|0|0|0|0|0|0|0|0|0|3|0|1|@ru_wikipedia Самое главное - благодарим авторов Вики за понимание и конструктив! 
<roscomnadzor>|2013-07-08|12:28:10|0|0|0|0|0|0|0|0|0|0|0|0|0|2|0|0|На прошлой неделе РКН выдал 9 лицензий на телерадиовещание и зарегистрировал 60 СМИ http://t.co/um1lLM7i0p 
<roscomnadzor>|2013-07-09|13:05:30|0|0|0|0|0|0|0|0|0|0|0|0|0|2|0|0|На прошлой неделе в Реестр внесено 250 записей. Исключено - 333. http://t.co/SCqY0KTmTN 
<roscomnadzor>|2013-07-10|13:13:23|0|0|0|0|0|0|0|0|0|0|0|0|0|1|0|0|РКН на прошлой неделе вынес 6 предупреждений СМИ http://t.co/rZebyQdXSb 
<roscomnadzor>|2013-07-11|17:04:01|0|0|0|0|0|0|0|0|0|0|0|0|0|2|0|0|РКН на прошлой неделе выдал 5687 свидетельств о регистрации РЭС http://t.co/IG7KKvs3iA 
<roscomnadzor>|2013-07-12|14:07:44|0|0|0|0|0|0|0|0|0|0|1|0|0|3|0|1|@v_x @kozlyuk @RuBlackListNET по закону - 3 суток провайдерам хостинга и 1 сутки операторам связи. 
<roscomnadzor>|2013-07-12|14:15:54|0|0|0|0|0|0|0|0|0|0|0|0|0|3|0|1|@chelobitov Пожалуйста, не сочтите за отписку. Сформулируйте Ваше обращение подробнее в формате http://t.co/vIbJUytlKq 
<roscomnadzor>|2013-07-12|14:25:10|0|0|0|0|0|0|0|0|0|0|0|0|0|0|0|1|@RuBlackListNET @v_x @kozlyuk Не вижу взаимосвязи... 
<roscomnadzor>|2013-07-15|10:23:40|0|0|0|0|0|0|0|0|0|0|1|0|1|1|0|0|Мониторинг законодательства за июнь 2013 http://t.co/ri2pxnnYXa 
<roscomnadzor>|2013-07-15|16:30:45|0|0|0|0|0|0|0|0|0|0|0|0|0|2|0|0|РКН выдал на прошлой неделе 26 новых лицензий на телерадиовещание и зарегистрировал 78 СМИ http://t.co/EGKORgzwkg 
<roscomnadzor>|2013-07-16|13:54:30|0|0|0|0|0|0|0|0|0|0|0|0|0|1|0|0|На прошедшей неделе РКН принял 1873 решения о присвоении частот http://t.co/6jpXKsrDdJ 
<roscomnadzor>|2013-07-17|11:33:49|0|0|0|0|0|0|0|0|0|0|1|0|1|3|0|0|Отчет РКН (уполномоченного органа по защите прав субъектов персональных данных) за 2012 год http://t.co/0hjl3TCZKy 
<roscomnadzor>|2013-07-17|13:53:33|0|0|0|0|0|0|0|0|0|0|0|0|0|2|0|0|На данный момент в Реестре запрещенной информации 2438 записей (249 - c IP) http://t.co/IbEI1MY1yD 
<roscomnadzor>|2013-07-18|12:09:39|0|0|0|0|0|0|0|0|0|0|0|0|0|1|0|0|РКН на прошлой неделе вынес 4 предупреждения СМИ http://t.co/3PdI2XetAB 
<roscomnadzor>|2013-07-22|17:46:53|0|0|0|0|0|0|0|0|0|0|0|0|0|1|0|0|На прошлой неделе РКН зарегистрировал 5252 РЭС и 1 ВЧУ http://t.co/OqsbUbGx97 
<roscomnadzor>|2013-07-22|17:55:22|0|0|0|0|0|0|0|0|0|0|0|0|0|2|0|1|@EvgeniyBryanski @ruspostofficial Дайте подробности в этом формате http://t.co/vIbJUytlKq 
<roscomnadzor>|2013-07-23|13:32:10|0|0|0|0|0|0|0|0|0|0|0|0|0|1|0|0|В реестре 2562 записи (298 с IP) http://t.co/UlTGcIIHmK 
<roscomnadzor>|2013-07-24|12:37:54|0|0|0|0|0|0|0|0|0|0|0|0|0|1|0|0|РКН на прошлой неделе зарегистрировал 78 СМИ http://t.co/KUrlQ85wow 
<roscomnadzor>|2013-07-24|15:32:02|0|0|0|0|0|0|0|0|0|0|0|0|1|1|0|0|Карта покрытия сотовой связью федеральных автодорог по итогам 2 квартала 2013 года http://t.co/j4oSBKvl6h 
<roscomnadzor>|2013-07-25|14:56:28|0|0|0|0|0|0|0|0|0|0|0|0|0|2|0|0|РКН на прошлой неделе приостановил действие одной лицензии СМИ и вынес 3 предупреждения http://t.co/UxiHQQtjum 
<roscomnadzor>|2013-07-25|19:35:00|0|0|0|0|0|0|0|0|0|0|1|0|0|1|0|0|Сегодня представителями 33 организаций подписано Коммюнике о реализации антипиратского закона http://t.co/XtszUmr0ZR 
<roscomnadzor>|2013-07-26|14:13:44|0|0|0|0|0|0|0|0|0|0|0|0|1|2|0|0|Конкурс на позицию во втором мультиплексе цифрового ТВ состоится 25 сентября http://t.co/4V9L9BFUMb 
<roscomnadzor>|2013-07-26|14:15:07|0|0|0|0|0|0|0|0|0|0|0|0|2|2|0|0|Условия конкурсов на наземное эфирное вещание (на 25 сентября с.г.) http://t.co/tzbUKt5ZcT 
<roscomnadzor>|2013-07-26|14:53:58|0|0|0|0|0|0|0|0|0|0|0|0|0|2|0|0|Рекомендации операторам связи по ограничению доступа к запрещенной информации http://t.co/fzGiGLmMsl 
<roscomnadzor>|2013-07-29|13:31:00|0|0|0|0|0|0|0|0|0|0|0|0|0|1|0|0|В Реестре содержится 2712 записей (290 - IP). http://t.co/vtyrKgfr30 
<roscomnadzor>|2013-07-30|12:51:41|0|0|0|0|0|0|0|0|0|0|0|0|0|1|0|0|На минувшей неделе принято 996 решений по вопросам присвоения радиочастот. http://t.co/WbCVJwFscc 
<roscomnadzor>|2013-07-31|17:26:41|0|0|0|0|0|0|0|0|0|0|0|0|0|0|0|0|На прошедшей неделе вынесено 4 предписания вещателям, выдано 2 предупреждения  СМИ. http://t.co/lItitjtjr9 
<roscomnadzor>|2013-08-01|09:12:09|0|0|0|0|0|0|0|0|0|0|0|0|0|5|0|0|Открыт интернет-сервис для получения от правообладателей сведений о судебных решениях по пиратским фильмам в Сети. http://t.co/fkEtH0PDHU 
<roscomnadzor>|2013-08-01|13:31:57|0|0|0|0|0|0|0|0|0|0|0|0|1|2|0|0|C 22 по 26 июля РКН выдал 11 новых лицензий на телерадиовещание, зарегистрировал 79 СМИ. http://t.co/cm76ik0chX 
<roscomnadzor>|2013-08-02|10:47:19|0|0|0|0|0|0|0|0|0|0|0|0|1|2|0|0|Управлением Роскомнадзора по ЦФО в августе проведет 29 плановых проверок. http://t.co/utc0sbf6kB 
<roscomnadzor>|2013-08-02|15:08:29|0|0|0|0|0|0|0|0|0|0|0|0|0|3|0|0|РКН дает разъяснения в связи с сообщениями об использовании нелицензионного прогр. обеспеч. в Енисейском управлении. http://t.co/gazXqlhFcB 
<roscomnadzor>|2013-08-05|10:47:15|0|0|0|0|0|0|0|0|0|0|0|0|0|1|0|0|На минувшей неделе Роскомнадзор принял 1496 решений по вопросам присвоения радиочастот. http://t.co/32AItXrBoE 
<roscomnadzor>|2013-08-05|15:30:37|0|0|0|0|0|0|0|0|0|0|0|0|0|1|1|0|RT @radiospectr: Конференция Роскомнадзора «СПЕКТР-2013»: определены условия участия и порядок регистрации http://t.co/0hDgVWm7YN 
<roscomnadzor>|2013-08-06|10:03:20|0|0|0|0|0|0|0|0|0|0|0|0|0|2|0|0|С 26.07 по 01.08 в Единый реестр внесено 167 новых записей, 316 исключены. http://t.co/xZwCftSlXx 
<roscomnadzor>|2013-08-06|11:23:35|0|0|0|1|0|0|0|1|0|0|0|0|0|2|1|0|RT @radiospectr: ОБЗОР СМИ : 44 млрд рублей на развитие Интернета в России.http://t.co/lTOhmPYmUX |России
<roscomnadzor>|2013-08-06|14:11:31|0|0|0|1|0|0|0|0|0|0|0|0|0|2|0|0|Подведены итоги 1-го этапа пилотного проекта по повышению качества мобильной связи в Москве. http://t.co/RkG2jgBqru |Москве
<roscomnadzor>|2013-08-07|10:17:03|0|0|0|0|0|0|0|0|0|0|0|0|0|1|0|0|РКН на прошедшей неделе вынес 8 предписаний телерадиовещателям, выдал 4 предупреждения СМИ. http://t.co/nJIBpHSwey 
<roscomnadzor>|2013-08-07|11:33:44|0|0|0|1|0|0|0|0|0|0|0|0|0|2|1|0|RT @radiospectr: ОБЗОР СМИ: Роскомнадзор и мэрия измерили качество сотовой связи в Москве.http://t.co/SWQJ5mAt1y |Москве
<roscomnadzor>|2013-08-07|16:02:49|0|0|0|0|0|0|0|0|0|0|0|0|0|3|0|0|РКН получил первые решения Мосгорсуда об ограничении доступа к ряду интернет-ресурсов с пиратскими фильмами. http://t.co/70DZlquw2I 
