<ru_minfin>|2010-07-19|15:48:08|0|0|0|1|0|0|0|0|0|0|0|0|2|2|0|0|С 19 июля 2010 года информация о деятельности Министерства Финансов Российской Федерации доступна в новостном формате в сервисе twitter.com. |Российской Федерацией
<ru_minfin>|2010-07-19|17:31:59|0|0|0|0|0|0|0|0|0|0|0|0|0|2|0|0|На сайте Минфина открыт раздел, содержащий информацию об исполнении бюджетов, установлении госзаданий и госдолге. http://info.minfin.ru 
<ru_minfin>|2010-07-21|20:19:30|0|0|0|0|0|0|0|0|0|0|1|0|2|1|0|0|Итоги выплат купонного дохода и погашения государственных облигаций 21 июля 2010 г. http://bit.ly/9QH1FK 
<ru_minfin>|2010-07-21|20:20:46|0|0|0|1|0|0|0|0|0|0|2|0|0|2|0|0|Предложения Минфина России по увеличению доходов федерального бюджета в 2011-2013гг.  http://bit.ly/cUfgsT |России
<ru_minfin>|2010-07-21|20:22:29|0|0|0|1|0|0|0|0|0|0|0|0|2|2|0|0|Структура государственного внешнего долга Российской Федерации по состоянию на 1 июля 2010 года http://bit.ly/cIQq7x |Российской Федерацией
<ru_minfin>|2010-07-21|20:24:49|0|0|0|0|0|0|0|0|0|0|0|0|0|1|0|0|Уточненный План мероприятий по совершенствованию правового положения государственных (муниципальных) учреждений http://bit.ly/d4bQHq 
<ru_minfin>|2010-07-21|20:27:19|0|0|0|1|0|0|0|0|0|0|2|0|0|2|0|0|Высказывания И.В.Трунина на пресс-конференции "О предложениях Минфина России по увеличению доходов бюджета 2011-2013"   http://bit.ly/aupZ3j |России
<ru_minfin>|2010-07-22|13:35:06|0|0|0|1|0|0|0|0|0|0|0|0|0|2|0|0|Информация о Внутреннем долге Российской Федерации - объемах выпусков. http://bit.ly/d0FO5p |Российской Федерацией
<ru_minfin>|2010-07-22|13:37:46|0|0|0|0|0|0|0|0|0|0|0|0|0|2|0|0|Подготовлена сводная таблица по результатам проведения аукционов по размещению государственных ценных бумаг в 2010. http://bit.ly/ayNwKf 
<ru_minfin>|2010-07-22|13:38:47|0|0|0|0|0|0|0|0|0|0|0|0|1|2|0|0|Информационное сообщение о признании несостоявшимся аукциона 21 июля 2010 по размещению выпуска ОФЗ-ПД № 25075RMFS. http://bit.ly/9uz6kh 
<ru_minfin>|2010-07-22|14:21:43|0|0|0|0|0|0|0|0|0|0|0|0|0|1|0|0|Интервью С.Д.Шаталова телеканалу Russia Today - видеосюжет http://bit.ly/dtsuBf 
<ru_minfin>|2010-07-22|20:33:34|0|0|0|0|0|0|0|0|0|0|0|0|2|7|0|0|Статистические данные о добыче природных алмазов за полугодие и год в целом по РФ с 01.01.2003 г. http://bit.ly/ba90zK 
<ru_minfin>|2010-07-23|10:59:51|0|0|0|0|0|0|0|0|0|0|0|0|0|2|0|0|Интерфакс: Кудрин на время жары разрешил сотрудникам Минфина не носить галстуки http://bit.ly/aQaGBY 
<ru_minfin>|2010-07-23|11:00:49|0|0|0|1|0|0|0|0|0|0|1|0|1|2|0|0|Доклад о состоянии рынка аудиторских услуг в Российской Федерации в 2009 году http://bit.ly/c5jt08 |Российской Федерацией
<ru_minfin>|2010-07-26|14:32:30|0|0|0|1|0|0|0|0|0|0|0|0|0|3|0|0|Высказывания С.Д. Шаталова информационным агентствам на совещании по металлургии в Челябинске http://bit.ly/a8KmWh |Челябинске
<ru_minfin>|2010-07-26|14:35:24|0|0|0|0|0|0|0|0|0|0|1|0|2|1|0|0|Аукцион 28 июля 2010 года. Параметры выпуска облигаций федерального займа с постоянным купонным доходом http://bit.ly/cxnNyq 
<ru_minfin>|2010-07-27|18:17:00|0|0|0|0|0|0|0|0|0|0|0|0|2|0|0|0|Аукцион 4 августа 2010 года http://bit.ly/c9usyf 
<ru_minfin>|2010-07-28|16:47:05|0|0|0|0|0|0|0|0|0|0|0|0|0|2|0|0|Высказывания А.Л. Кудрина информационным агентствам по итогам совещания при Президенте РФ http://bit.ly/aJac09 
<ru_minfin>|2010-07-28|16:49:52|0|0|0|0|0|0|0|0|0|0|0|0|0|0|0|0|Интервью директора Департамента международных финансовых отношений А.А. Бокарева радиостанции "Голос России" http://bit.ly/aPrK5d 
<ru_minfin>|2010-07-30|13:06:07|0|0|0|0|0|0|0|0|0|0|0|0|0|1|0|0|Выступление С.В. Разгулина в прямом эфире радиостанции "Комсомольская правда" http://bit.ly/dmCFhA 
<ru_minfin>|2010-07-30|13:08:10|0|0|0|0|0|0|0|0|0|0|0|0|0|1|0|0|Высказывания А.Л. Кудрина информационным агентствам по итогам Правительственной комиссии по бюджетным проектировкам http://bit.ly/bW2K3C 
<ru_minfin>|2010-07-30|13:09:54|0|0|0|0|0|0|0|0|0|0|0|0|1|2|0|0|Данные о выпуске ценных бумаг в 2010 г. http://bit.ly/bjGRFi 
<ru_minfin>|2010-08-02|13:45:35|0|0|0|0|0|0|0|0|0|0|0|0|0|2|0|0|Информационное сообщение о результатах размещения средств Резервного фонда и Фонда национального благосостояния http://bit.ly/d8XKVC 
<ru_minfin>|2010-08-02|13:59:46|0|0|0|0|0|0|0|0|0|0|0|0|0|2|0|0|Исходные данные для проведения расчетов распределения дотаций на выравнивание бюджетной обеспеченности субъектов РФ http://bit.ly/bvNOmG 
<ru_minfin>|2010-08-02|14:58:51|0|0|0|0|0|0|0|0|0|0|0|0|0|1|0|0|Press-release (english version) - NOGA Shares to be Sold; Russian Federation Not Indebted to NOGA http://bit.ly/aJJJ4m 
<ru_minfin>|2010-08-02|17:05:07|0|0|0|0|0|0|0|0|0|0|0|0|0|1|0|0|Высказывания А.Л.Кудрина информационным агентствам на расширенном заседании Регионального совета Иркутсткой области http://bit.ly/9NMWh8 
<ru_minfin>|2010-08-03|14:32:47|0|0|0|0|0|0|0|0|0|0|0|0|0|3|0|0|Исходные данные для расчета субсидий на развитие и поддержку инфраструктуры наукоградов http://bit.ly/cTczP4 
<ru_minfin>|2010-08-09|11:45:56|0|0|0|1|0|0|0|0|0|0|1|0|2|2|0|0|Приказ Минфина России от 8 июня 2010 г. № 55н «Об утверждении распределения субсидий из федерального бюджета.... http://bit.ly/c28r9j |России
<ru_minfin>|2010-08-09|11:46:56|0|0|0|0|0|0|0|0|0|0|1|0|2|3|0|0|Основные направления бюджетной политики на 2011 год и плановый период 2012 и 2013 годов http://bit.ly/cz8QoG 
<ru_minfin>|2010-08-10|11:54:44|0|0|0|0|0|0|0|0|0|0|0|0|0|2|0|0|Сведения из контрольного экземпляра реестра аудиторов и аудиторских организаций саморегулируемых организаций аудиторов http://bit.ly/atGIq5 
<ru_minfin>|2010-08-10|14:32:48|0|0|0|0|0|0|0|0|0|0|1|0|1|1|0|0|Предварительная оценка исполнения федерального бюджета за январь-июль 2010 года  http://bit.ly/9USkfV 
<ru_minfin>|2010-08-13|17:25:54|0|0|0|0|0|0|0|0|0|0|0|0|0|3|0|0|Высказывания А.В.Новака информационным агентствам на совещании о ходе исполнения поручений по шахте "Распадская" http://bit.ly/bsqfbK 
<ru_minfin>|2010-08-13|17:26:34|0|0|0|1|0|0|0|0|0|0|0|0|0|0|0|0|Внутренний долг Российской Федерации. Объемы выпусков http://bit.ly/cLPvPk |Российской Федерацией
<ru_minfin>|2010-08-16|15:08:52|0|0|0|0|0|0|0|0|0|0|2|0|0|4|0|0|Проект ФЗ о внесении изменений в часть вторую Налогового кодекса и в Закон «О налогах на имущество физических лиц» http://bit.ly/cTKGIE 
<ru_minfin>|2010-08-16|17:22:19|0|0|0|1|0|0|0|0|0|0|0|0|0|2|0|0|Проект постановления Правительства Российской Федерации о внесении изменения в Положение о Федеральной налоговой службе http://bit.ly/bjaPMd |Российской Федерацией
<ru_minfin>|2010-08-16|18:24:39|0|0|0|0|0|0|0|0|0|0|0|0|1|2|0|0|Высказывания А.В.Саковича информационным агентствам Об экспортной пошлине на нефть с 1 сентября http://bit.ly/buI2UP 
<ru_minfin>|2010-08-16|18:36:13|0|0|0|1|0|0|0|0|0|0|0|0|1|2|0|0|План мероприятий с участием руководства Минфина России с 16 по 20 августа 2010г. http://bit.ly/auxZhD |России
<ru_minfin>|2010-08-17|12:09:50|0|0|0|0|0|0|0|0|0|0|0|0|2|0|0|0|Информационное сообщение: Аукцион 25 августа 2010 года http://bit.ly/bMDSRH 
<ru_minfin>|2010-08-17|12:10:22|0|0|0|0|0|0|0|0|0|0|0|0|2|0|0|0|Информационное сообщение: Аукцион 1 сентября 2010 года http://bit.ly/d9sH6q 
<ru_minfin>|2010-08-17|12:10:55|0|0|0|0|0|0|0|0|0|0|1|0|2|1|0|0|Итоги выплат купонного дохода и погашения государственных облигаций 11 августа 2010 г. http://bit.ly/dsjy6g 
<ru_minfin>|2010-08-17|16:58:07|0|0|0|3|0|0|0|0|0|0|0|0|0|3|0|0|Сегодня в Арбитражном суде города Москвы состоялось рассмотрение дела по иску ЗАО «Содэксим» к Минфину России http://bit.ly/cXnCEv |Москвы|ЗАО|России
<ru_minfin>|2010-08-18|16:51:07|0|0|0|2|0|0|0|0|0|0|1|0|0|1|0|0|Проект приказа Минфина России О внесении изменений в некоторые акты Министерства финансов Российской Федерации http://bit.ly/cDHxht |России|Российской Федерацией
<ru_minfin>|2010-08-18|17:10:35|0|0|0|0|0|0|0|0|0|0|1|0|2|1|0|0|Итоги выплат купонного дохода и погашения государственных облигаций 18 августа 2010 г. http://bit.ly/9CpBkt 
<ru_minfin>|2010-08-19|15:18:55|0|0|0|0|0|0|0|0|0|0|1|0|2|1|0|0|Итоги выплат купонного дохода и погашения государственных облигаций 19 августа 2010 г. http://bit.ly/9KLPp7 
<ru_minfin>|2010-08-19|17:33:53|0|0|0|0|0|0|0|0|0|0|0|0|0|0|0|0|Таблица аукционов (сводная) http://bit.ly/bmt0fB 
<ru_minfin>|2010-08-19|17:35:00|0|0|0|1|0|0|0|0|0|0|0|0|0|0|0|0|Внутренний долг Российской Федерации. Объемы выпусков http://bit.ly/9uod3r |Российской Федерацией
<ru_minfin>|2010-08-19|17:36:31|0|0|0|0|0|0|0|0|0|0|0|0|0|2|0|0|Сведения из контрольного экземпляра реестра аудиторов и аудиторских организаций саморегулируемых организаций аудиторов http://bit.ly/atGIq5 
<ru_minfin>|2010-08-20|15:57:41|0|0|1|0|0|0|0|0|0|0|1|0|0|3|0|0|ИНФОРМАЦИЯ об опыте применения Международных стандартов финансовой отчетности в государствах – участниках СНГ http://bit.ly/cREr4Z 
<ru_minfin>|2010-08-20|19:52:16|0|0|0|3|0|0|0|0|0|0|0|0|0|2|0|0|Сегодня Арбитражный суд города Москвы  приступил к рассмотрению дела по иску ЗАО “Содэксим”  к Минфину России http://bit.ly/aweW6e |Москвы|ЗАО|России
<ru_minfin>|2010-08-24|15:50:57|0|0|0|0|0|0|0|0|0|0|0|0|0|4|0|0|Проект постановления Правительства РФ о порядке признания МСФО и Разъяснений МСФО для применения на территории РФ http://bit.ly/cucEtJ 
<ru_minfin>|2010-08-24|16:05:16|0|0|0|0|0|0|0|0|0|0|1|0|0|2|0|0|Приказ Минфина Об порядке представления сведений о доходах, имуществе и обязательствах имущественного характера http://bit.ly/cwj8t4 
<ru_minfin>|2010-08-27|17:27:54|0|0|0|0|0|0|0|0|0|0|0|0|0|2|0|0|О генеральных условиях эмиссии и обращения на международных рынках капитала облигаций внутренних облигационных займов РФhttp://bit.ly/dfbYRu 
<ru_minfin>|2010-08-27|17:34:00|0|0|0|1|0|0|0|0|0|0|0|0|0|0|0|0|Об осуществлении Минфином России финансового контроля деятельности подведомственных Минфину государственных учреждений http://bit.ly/bDCE5R |России
<ru_minfin>|2010-08-30|13:16:29|0|0|0|0|0|0|0|0|0|0|0|0|0|1|0|0|Высказывания Т.Г. Нестеренко информационным агентствам на коллегии Счетной палаты http://bit.ly/a3MfwS 
<ru_minfin>|2010-08-30|13:18:41|0|0|0|1|0|0|0|0|0|0|1|0|0|3|0|0|Высказывания А. Кудрина информационным агентствам на брифинге по итогам встречи с Министром финансов Германии В. Шойбле http://bit.ly/9M0y27 |Германии
<ru_minfin>|2010-08-30|15:04:22|0|0|0|1|0|0|0|0|0|0|0|0|0|1|0|0|Высказывания А.Л. Кудрина информационным агентствам по итогам совещания по вопросам экономического развития Якутии http://bit.ly/aLHLgG |Якутии
<ru_minfin>|2010-08-30|17:37:56|0|0|0|0|0|0|0|0|0|0|0|0|0|0|0|0|Высказывания А.Л. Кудрина информационным агентствам http://bit.ly/atPKRI 
<ru_minfin>|2010-08-31|13:50:20|0|0|0|1|0|0|0|0|0|0|0|0|2|2|0|0|Структура государственного внешнего долга Российской Федерации по состоянию на 1 августа 2010 года http://bit.ly/9X0o03 |Российской Федерацией
<ru_minfin>|2010-09-01|14:03:08|0|0|0|1|0|0|0|0|0|0|0|0|0|1|0|0|Высказывания А.Л.Кудрина информационным агентствам во Всероссийской государственной налоговой академии Минфина России http://bit.ly/cyeZeM |России
<ru_minfin>|2010-09-01|17:21:33|0|0|0|0|0|0|0|0|0|0|0|0|0|1|0|0|Высказывания А.В.Саковича информационным агентствам  О средней цене нефти Urals за январь-август 2010г http://bit.ly/bqStAR 
<ru_minfin>|2010-09-01|17:23:25|0|0|0|0|0|0|0|0|0|0|0|0|0|2|0|0|Информационное сообщение о результатах размещения средств Резервного фонда и Фонда национального благосостояния http://bit.ly/adiuNB 
<ru_minfin>|2010-09-01|19:01:48|0|0|0|1|0|0|0|0|0|0|0|0|0|2|0|0|О встрече А.Л. Кудрина с делегацией официальных лиц САР Гонконг (КНР) под руководством Дональда Цанга  http://bit.ly/c8unr9 |Гонконг
<ru_minfin>|2010-09-02|17:02:45|0|0|0|1|0|0|0|0|0|0|0|0|0|0|0|0|Внутренний долг Российской Федерации. Объемы выпусков http://bit.ly/9QaxDv |Российской Федерацией
<ru_minfin>|2010-09-02|17:03:27|0|0|0|0|0|0|0|0|0|0|0|0|0|0|0|0|Таблица аукционов (сводная) http://bit.ly/cFoGDm 
<ru_minfin>|2010-09-02|17:57:41|0|0|0|1|0|0|0|0|0|0|0|0|0|2|0|0|Высказывания А.Л.Саватюгина информационным агентствам на Международном банковском форуме в Сочи http://bit.ly/dD7mSu |Сочи
<ru_minfin>|2010-09-06|18:28:50|0|0|0|1|0|0|0|0|0|0|0|0|1|2|0|0|План мероприятий с участием руководства Минфина России с 6 по 10 сентября 2010г. http://bit.ly/c7Irbt |России
<ru_minfin>|2010-09-06|18:30:56|0|0|0|1|0|0|0|0|0|0|0|0|1|1|0|0|Приказ Минфина России от 21 мая 2010 № 48н «Об утверждении Порядка представления реестров таможенных деклараций» http://bit.ly/cnbQ4x |России
<ru_minfin>|2010-09-07|11:45:34|0|0|0|0|0|0|0|0|0|0|0|0|1|1|0|0|8 сентября (11:00) Мероприятие, посвященное Дню Первокурсника АБиК. Выступление А.Л.Кудрина. Открыто для прессы http://bit.ly/bhV0wQ 
<ru_minfin>|2010-09-07|14:08:40|0|0|0|0|0|0|0|0|0|0|1|0|2|1|0|0|Итоги выплат купонного дохода и погашения государственных облигаций 6 сентября 2010 г. http://bit.ly/d9mjTj 
<ru_minfin>|2010-09-07|19:16:26|0|0|0|1|0|0|0|0|0|0|1|0|2|2|0|0|7 сентября 2010 года официальный сайт Министерства финансов Российской Федерации стал доступен в доменной зоне ".рф" по адресу минфин.рф |Российской Федерацией
<ru_minfin>|2010-09-10|12:24:58|0|0|1|0|0|0|0|0|0|0|0|0|0|4|0|0|А.Л. Кудрин на заседании Президиума Правительства РФ о компенсации по "дореформенным" вкладам в Сбербанке http://bit.ly/cQXguw 
<ru_minfin>|2010-09-10|13:44:18|0|0|0|0|0|0|0|0|0|0|1|0|1|1|0|0|Предварительная оценка исполнения федерального бюджета за январь-август 2010 года http://bit.ly/btlmPL 
<ru_minfin>|2010-09-14|15:59:18|0|0|0|1|0|0|0|0|0|0|0|0|1|2|0|0|Приказ Минфина России от 04 августа 2010г. № 86н  Об утверждении стипендий для студентов подведомственных учреждений http://bit.ly/9Eecqb |России
<ru_minfin>|2010-09-22|18:05:26|0|0|0|0|0|0|0|0|0|0|0|0|0|3|0|0|Высказывания А.Л.Кудрина информационным агентствам на совещании у Президента РФ по оптимизации численности гос.аппарата http://bit.ly/ckWEir 
<ru_minfin>|2010-09-22|18:07:34|0|0|0|1|0|0|0|0|0|0|0|0|0|1|0|0|Высказывания А.Л. Кудрина информационным агентствам в Государственной Думе РФ http://bit.ly/8YAfWS |Думе
<ru_minfin>|2010-09-22|18:09:41|0|0|0|0|0|0|0|0|0|0|0|0|0|2|0|0|Высказывания А.Л. Кудрина информационным агентствам на совещании по вопросу финансовой устойчивости АПК http://bit.ly/dBXcqf 
<ru_minfin>|2010-09-22|18:20:38|0|0|1|1|0|0|0|0|0|0|1|0|0|3|0|0|Выступление А.Л.Кудрина в Госдуме России в связи с отчётом Правительства РФ об исполнении федерального бюджета 2009г. http://bit.ly/cqvIx4 |России
<ru_minfin>|2010-09-23|21:31:02|0|0|0|0|0|0|0|0|0|0|0|0|0|1|0|0|Высказывания А.Л.Кудрина информационным агентствам по итогам заседания Президиума Правительства РФ http://bit.ly/aCAOFE 
<ru_minfin>|2010-09-28|18:59:56|0|0|0|0|0|0|0|0|0|0|1|0|1|4|0|0|Проект ФЗ "О внесении изменений в ФЗ "О федеральном бюджете на 2010 год и на плановый период 2011 и 2012 годов" http://bit.ly/aB5GGP 
<ru_minfin>|2010-09-29|19:04:26|0|0|0|0|0|0|0|0|0|0|0|0|0|0|0|0|Высказывания В.Ю. Балакиревой информационным агентствам http://bit.ly/bruv4b 
<ru_minfin>|2010-09-29|19:06:01|0|0|0|0|0|0|0|0|0|0|0|0|0|2|0|0|Высказывания А.Л.Кудрина информационным агентствам на пленарном заседании в Совете Федерации http://bit.ly/9rZuGV 
<ru_minfin>|2010-10-14|19:07:54|0|0|0|0|0|0|0|0|0|0|0|0|0|1|0|0|Высказывания А.Л.Кудрина информационным агентствам на V пленарном заседании диалога Россия-ЕС  http://bit.ly/92iPUy 
<ru_minfin>|2010-10-15|19:53:16|0|0|0|0|0|0|0|0|0|0|0|0|1|2|0|0|Высказывания А.В. Саковича информационным агентствам Об экспортная пошлине на нефть с 1 ноября http://bit.ly/b28pDM 
<ru_minfin>|2010-10-15|19:54:09|0|0|0|0|0|0|0|0|0|0|1|0|0|1|0|0|Высказывания С.Д. Шаталова информационным агентствам на встрече глав правительств стран-участниц Таможенного союза http://bit.ly/bK9hjo 
<ru_minfin>|2010-10-15|19:55:12|0|0|0|1|0|0|0|0|0|0|1|0|0|2|0|0|Высказывания А.Л. Кудрина информационным агентствам на заседании фракции "Единая Россия" в Государственной Думе РФ http://bit.ly/9OB3xj |Думе
<ru_minfin>|2010-10-20|14:50:26|0|0|0|0|0|0|0|0|0|0|0|0|0|0|0|0|Высказывания С.Д. Шаталова информационным агентствам http://bit.ly/8XAARc 
<ru_minfin>|2010-10-20|20:16:21|0|0|0|0|0|0|0|0|0|0|0|0|0|0|0|0|Высказывания В.Ю.Балакиревой информационнным агентствам http://bit.ly/b95vVs 
<ru_minfin>|2010-10-20|20:16:58|0|0|0|1|0|0|0|0|0|0|0|0|0|1|0|0|Высказывания А.Л. Кудрина информационным агентствам в Государственной Думе РФ  http://bit.ly/cLiyTN |Думе
<ru_minfin>|2010-10-21|16:09:38|0|0|1|0|0|0|0|0|0|0|0|0|0|1|0|0|Выступление А.Л.Кудрина в Госдуме РФ  http://bit.ly/bDUPc8 
<ru_minfin>|2010-10-21|20:22:58|0|0|0|0|0|0|0|0|0|0|0|0|0|1|0|0|Высказывания А.Л. Саватюгина информационным агентствам на конференции "Российский денежный рынок" http://bit.ly/bL5o7J 
<ru_minfin>|2010-10-21|20:23:36|0|0|0|0|0|0|0|0|0|0|0|0|0|0|0|0|Высказывания Д.В.Панкина информационным агентствам  http://bit.ly/bvG6ke 
<ru_minfin>|2010-10-25|19:02:04|0|0|0|0|0|0|0|0|0|0|0|0|0|1|0|0|Высказывания Д.В.Панкина информационным агентствам в Кенджу http://bit.ly/aV33HT 
<ru_minfin>|2010-10-25|19:02:51|0|0|0|0|0|0|0|0|0|0|0|0|0|1|0|0|Высказывания А.Л.Кудрина информационным агентствам  в Кенджу http://bit.ly/aLw5mW 
<ru_minfin>|2010-10-25|19:03:37|0|0|0|0|0|0|0|0|0|0|0|0|0|1|0|0|Высказывания А.Л.Кудрина информационным агентствам на заседании президиума Госсовета РФ http://bit.ly/bZDXbA 
<ru_minfin>|2010-11-02|13:47:02|0|0|0|0|0|0|0|0|0|0|0|0|0|2|0|0|Информационное сообщение о результатах размещения средств Резервного фонда и Фонда национального благосостояния  http://bit.ly/9dvxfc 
<ru_minfin>|2010-11-02|21:06:16|0|0|0|0|0|0|0|0|0|0|0|0|0|0|0|0|Информационное сообщение http://bit.ly/djpoi6 
<ru_minfin>|2010-11-02|21:07:04|0|0|0|0|0|0|0|0|0|0|0|0|0|2|0|0|Высказывания В.Ю. Балакиревой информационным агентствам на конференции по страхованию  http://bit.ly/ckYKsS 
<ru_minfin>|2010-11-08|20:51:31|0|0|0|0|0|0|0|0|0|0|0|0|0|2|0|0|Высказывания А.Л. Кудрина информационным агентствам на встрече с Председателем Правительства РФ В.В. Путиным http://bit.ly/b1jMxR 
<ru_minfin>|2010-11-30|17:05:37|0|0|0|0|0|0|0|0|0|0|0|0|0|0|0|0|Интернет-интервью С.В. Ячевской компании "Консультант Плюс" http://bit.ly/hd4wQH 
<ru_minfin>|2010-11-30|17:06:59|0|0|0|1|0|0|0|0|0|0|0|0|0|2|0|0|Высказывания А.Л. Кудрина информационным агентствам на саммите "Большой двадцатки" в Южной Корее http://bit.ly/fvTPHD |Южной Голландией
<ru_minfin>|2010-11-30|17:11:50|0|0|0|1|0|0|0|0|0|0|1|0|0|1|0|0|Пресс-релиз. Встреча Министра финансов РФ А.Л. Кудрина с Министром финансов Словении Францем Крижаничем http://bit.ly/hUq5Ih |Словении
<ru_minfin>|2010-11-30|17:12:46|0|0|0|1|0|0|0|0|0|0|1|0|0|3|0|0|Выступление О.А. Сергиенко на Ежегодной практической конференции по денежному рынку в России "Russian Money Market" http://bit.ly/embDkk |России
<ru_minfin>|2010-11-30|17:14:06|0|0|0|0|0|0|0|0|0|0|0|0|0|2|0|0|Выступление А.Л. Кудрина на Международной научно-практической конференции «Налогообложение – современный взгляд» http://bit.ly/fiu7fq 
<ru_minfin>|2010-11-30|17:15:09|0|0|0|0|0|0|0|0|0|0|0|0|0|1|0|0|Высказывания А.Л. Кудрина информационным агентствам на заседании "Деловой России" http://bit.ly/dF7n16 
<ru_minfin>|2010-11-30|17:16:35|0|0|0|0|0|0|0|0|0|0|0|0|0|1|0|0|Высказывания А.Л. Кудрина информационным агентствам на Финансовом форуме "Ведомостей"  http://bit.ly/gq6YjY 
<ru_minfin>|2010-11-30|17:20:34|0|0|0|0|0|0|0|0|0|0|0|0|0|2|0|0|Выступление С.В. Ячевской на круглом столе "Возможности медиации в банковской сфере" http://bit.ly/flAyu0 
<ru_minfin>|2010-11-30|17:21:10|0|0|0|0|0|0|0|0|0|0|1|0|0|3|0|0|Выступление А.Л. Кудрина на VIII сессии Межправительственного Российско-Британского комитета по торговле и инвестициям http://bit.ly/hQN92b 
<ru_minfin>|2010-11-30|17:23:08|0|0|0|0|0|0|0|0|0|0|0|0|0|3|0|0|Высказывания А.Л. Кудрина информационным агентствам на заседании Комиссии по модернизации и технологическому развитию http://bit.ly/gWOrOG 
<ru_minfin>|2010-11-30|21:05:05|0|0|0|0|0|0|0|0|0|0|0|0|0|1|0|0|Высказывания А.Л. Кудрина информационным агентствам по итогам Послания Президента Федеральному Собранию http://bit.ly/gGKsYx 
<ru_minfin>|2010-11-30|21:07:49|0|0|0|0|0|0|0|0|0|0|0|0|0|1|0|0|Высказывания А.Л. Кудрина информационным агентствам по итогам заседания по совершенствованию межбюджетных отношений http://bit.ly/gqJfg4 
<ru_minfin>|2010-12-01|20:30:19|0|0|0|0|0|0|0|0|0|0|0|0|0|1|0|0|Высказывания А.Л. Кудрина информационным агентствам на заседании Совета Федерации http://bit.ly/eBQKqh 
<ru_minfin>|2010-12-01|20:31:00|0|0|0|0|0|0|0|0|0|0|0|0|0|1|0|0|Высказывания А.Л. Кудрина информационным агентствам на заседании Президиума Правительства РФ http://bit.ly/hq2HNx 
<ru_minfin>|2010-12-06|18:44:58|0|0|0|1|0|0|0|0|0|0|0|0|0|1|0|0|Высказывания А.Л. Кудрина информационным агентствам в Сочи http://bit.ly/hOmE1z |Сочи
<ru_minfin>|2010-12-07|16:01:51|0|0|0|0|0|0|0|0|0|0|0|0|0|1|0|0|Высказывания С.Д. Шаталова информационным агентствам на конференции "Развитие российской налоговой системы" http://bit.ly/hYkLWy 
<ru_minfin>|2010-12-09|18:15:54|0|0|0|0|0|0|0|0|0|0|0|0|0|1|0|0|Высказывания А.Л. Кудрина информационным агентствам на "Первом Французско-Российском Финансовом Форуме" http://bit.ly/gcwMcb 
<ru_minfin>|2010-12-09|18:18:55|0|0|0|0|0|0|0|0|0|0|0|0|0|2|0|0|Высказывания А.Л. Кудрина информационным агентствам на конференции в Счетной палате http://bit.ly/fENSSl 
<ru_minfin>|2010-12-10|14:51:09|0|0|0|1|0|0|0|0|0|0|0|0|0|1|0|0|Выступление А.Л.Кудрина на XVI конференции Ассоциации контрольно-счетных органов Российской Федерации http://bit.ly/fEV272 |Российской Федерацией
<ru_minfin>|2010-12-10|14:52:33|0|0|0|0|0|0|0|0|0|0|1|0|1|1|0|0|Предварительная оценка исполнения федерального бюджета за январь-ноябрь 2010 года http://bit.ly/gmiwlS 
<ru_minfin>|2010-12-10|19:20:58|0|0|0|0|0|0|0|0|0|0|0|0|0|1|0|0|Высказывания Д.В.Панкина информационным агентствам на "Российском Облигационном Конгрессе" http://bit.ly/fs9WqY 
<ru_minfin>|2010-12-10|20:06:14|0|0|0|0|0|0|0|0|0|0|0|0|0|1|0|0|Высказывания А.Л. Кудрина информационным агентствам в ходе Гайдаровских чтений http://bit.ly/eZpGH8 
<ru_minfin>|2010-12-14|15:26:53|0|0|0|0|0|0|0|0|0|0|0|0|0|1|0|0|Высказывания А.Л.Кудрина на заседании Балтийского пресс-клуба http://bit.ly/fUIa58 
<ru_minfin>|2010-12-14|15:30:01|0|0|0|0|0|0|0|0|0|0|0|0|0|1|0|0|Высказывания С.В. Барсукова информационным агентствам на парламентских слушаниях http://bit.ly/fw5xsD 
<ru_minfin>|2010-12-14|15:30:46|0|0|0|0|0|0|0|0|0|0|0|0|0|2|0|0|Высказывания А.Л. Кудрина информационным агентствам на встрече с Президентом РФ Д.А. Медведевым http://bit.ly/h6Sort 
<ru_minfin>|2010-12-14|15:32:11|0|0|0|2|0|0|0|0|0|0|0|0|0|1|0|0|Пресс-релиз. О завершении погашения задолженности Российской Федерации перед Республикой Словенией http://bit.ly/gJ1GOY |Российской Федерацией|Словенией
<ru_minfin>|2010-12-20|20:57:15|0|0|0|0|0|0|0|0|0|0|0|0|0|3|0|0|Высказывания А.Г.Силуанова информационным агентствам на заседании комитета Совета Федерации по обороне и безопасности http://bit.ly/eFCdZq 
<ru_minfin>|2010-12-20|20:58:09|0|0|0|2|0|0|0|0|0|0|1|0|0|2|0|0|Высказывания А.Л.Кудрина информационным агентствам по итогам переговоров глав правительств России и Монголии http://bit.ly/ieDaUi |России|Монголии
<ru_minfin>|2010-12-20|20:59:05|0|0|0|0|0|0|0|0|0|0|0|0|0|0|0|0|Высказывания С.Д.Шаталова информационным агентствам  http://bit.ly/dLiTry 
<ru_minfin>|2010-12-20|20:59:52|0|0|1|0|0|0|0|0|0|0|0|0|0|3|0|0|Высказывания А.В.Новака информационному агентству на заседании комитета Госдумы по строительству и земельным отношениям http://bit.ly/f2RBP5 
<ru_minfin>|2010-12-20|21:02:46|0|0|0|0|0|0|0|0|0|0|0|0|0|3|0|0|Высказывания С.Д.Шаталова информационным агентствам на  конференции "Бухгалтерский учет и налогообложение в России"http://bit.ly/gR4BHx 
<ru_minfin>|2010-12-20|21:03:33|0|0|0|0|0|0|0|0|0|0|0|0|0|2|0|0|Высказывания В.Ю. Балакиревой информационным агентствам на заседании экспертного совета при Росстрахнадзоре http://bit.ly/edWkRp 
<ru_minfin>|2010-12-20|21:04:26|0|0|0|0|0|0|0|0|0|0|0|0|0|2|0|0|Высказывания А.Л.Кудрина информационным агентствам на встрече с Премьер-министром РФ В.В.Путиным  http://bit.ly/edO2cU 
<ru_minfin>|2011-01-13|14:10:43|0|0|0|0|0|0|0|0|0|0|0|0|0|2|0|0|Информационное сообщение о результатах размещения средств Резервного фонда и Фонда национального благосостояния  http://bit.ly/e6ht4i 
<ru_minfin>|2011-01-13|20:42:47|0|0|0|0|0|0|0|0|0|0|0|0|0|1|0|0|Высказывания А.Л. Кудрина информационным агентствам на заседании Президиума Правительства РФ  http://bit.ly/epnen4 
<ru_minfin>|2011-01-14|19:48:25|0|0|0|0|0|0|0|0|0|0|0|0|0|1|0|0|Высказывания С.Д.Шаталова информационным агентствам О повышении пошлин на нефтепродукты  http://bit.ly/hmjksM 
<ru_minfin>|2011-01-17|21:06:13|0|0|0|0|0|0|0|0|0|0|0|0|1|2|0|0|Высказывания А.В.Саковича информационным агентствам Об экспортной пошлине на нефть с 1 февраля  http://bit.ly/fskSTY 
<ru_minfin>|2011-01-18|19:29:03|0|0|0|1|0|0|0|0|0|0|1|1|0|2|0|0|Высказывания А.Л.Кудрина информационным агентствам по итогам встречи с министром финансов Украины http://bit.ly/gaj85m |Украины
<ru_minfin>|2011-01-19|21:24:14|0|0|0|0|0|0|0|0|0|0|0|0|0|2|0|0|Высказывания А.А.Бокарева на семинаре Всемирного банка по коммуникационной стратегии российской помощи развитию http://bit.ly/e0CfzV 
<ru_minfin>|2011-01-20|14:28:23|0|0|0|0|0|0|0|0|0|0|1|0|1|1|0|0|Предварительная оценка исполнения федерального бюджета за январь-декабрь 2010 года  http://bit.ly/hdTwvj 
<ru_minfin>|2011-01-20|18:52:38|0|0|0|0|0|0|0|0|0|0|0|0|0|2|0|0|Высказывания С.Д.Шаталова информационным агентствам  О ставках экспортных пошлин на светлые и темные нефтепродукты  http://bit.ly/eqtIWm 
<ru_minfin>|2011-01-24|21:13:22|0|0|0|0|0|0|0|0|0|0|0|0|1|3|0|0|Высказывания А.Л.Кудрина информационным агентствам на совещании по развитию банковского сектора до 2015 года http://bit.ly/foe8Pq 
<ru_minfin>|2011-01-25|19:46:34|0|0|0|0|0|0|0|0|0|0|0|0|0|0|0|0|Высказывания Д.В.Панкина информационному агентству "Интерфакс-АФИ" О выпуске рублевых евробондов  http://bit.ly/eUID8F 
<ru_minfin>|2011-01-25|19:47:29|0|0|0|0|0|0|0|0|0|0|0|0|0|1|0|0|Высказывания А.Л.Кудрина информационным агентствам на заседании Президиума Правительства РФ http://bit.ly/eSgkA3 
<ru_minfin>|2011-01-27|19:26:13|0|0|0|0|0|0|0|0|0|0|2|0|0|1|0|0|Департамент бюджетной политики в отраслях экономики реорганизован в два структурных подразделения http://bit.ly/eIuP5F  http://bit.ly/i8PqQg 
<ru_minfin>|2011-01-27|19:35:44|0|0|0|0|0|0|0|0|0|0|0|0|2|1|0|0|2 февраля 2011 года А.Л.Кудрин планирует принять участие в "Форуме Россия", организованном Тройкой Диалог http://bit.ly/fFTZKu 
<ru_minfin>|2011-01-27|19:39:09|0|0|0|1|0|0|0|0|0|0|0|0|1|1|0|0|17-19 февраля 2011 А.Л.Кудрин планирует принять участие в VIII Красноярском экономическом форуме http://www.krasnoforum.ru/ |Красноярском
<ru_minfin>|2011-01-28|19:16:28|0|0|0|0|0|0|0|0|0|0|0|0|0|3|0|0|Высказывания А.Л.Кудрина информационным агентствам на совещании по экономическим вопросам у Президента РФ http://bit.ly/g5y72m 
<ru_minfin>|2011-01-31|20:09:44|0|0|0|0|0|0|0|1|0|0|0|0|0|2|0|0|Интерьвью Д.В.Панкина телеканалу "Рейтер" Минфин РФ готовит рублевые евробонды на сумму до 60 млрд. рублей http://bit.ly/fKgyIu 
<ru_minfin>|2011-02-01|20:25:12|0|0|0|0|0|0|0|0|0|0|0|0|1|2|0|0|Высказывания А.В.Саковича информационному агентству "РИА-Новости" О средней цене на нефть Urals в январе 2011г. http://bit.ly/f52AgF 
<ru_minfin>|2011-02-03|15:14:25|0|0|0|1|0|0|0|0|0|0|0|0|0|1|0|0|Выступление А.Л. Кудрина на «Форуме Россия 2011» http://bit.ly/fIVR3t |Россия
<ru_minfin>|2011-02-03|15:15:13|0|0|0|1|0|0|0|0|0|0|0|0|0|1|0|0|Высказывания А.Л. Кудрина информационным агентствам на "Форуме Россия 2011" http://bit.ly/fEt02X |Россия
<ru_minfin>|2011-02-03|15:17:16|0|0|0|2|0|0|0|0|0|0|1|0|0|2|0|0|А.Л.Кудрин встретился в среду вечером в Берлине с Министром финансов Германии Вольфгангом Шойбле http://bit.ly/g1rO20 |Берлине|Германии
<ru_minfin>|2011-02-10|18:52:45|0|0|1|0|0|0|0|0|0|0|1|0|0|0|0|0|Высказывания А.Л. Кудрина информационным агентствам О продаже пакета акций ВТБ  http://bit.ly/fF6t3R 
<ru_minfin>|2011-02-10|18:53:34|0|0|0|0|0|0|0|0|0|0|1|0|2|1|0|0|Предварительная оценка исполнения федерального бюджета за январь 2011 года http://bit.ly/eQUaiO 
<ru_minfin>|2011-02-10|20:49:18|0|0|0|0|0|0|0|0|0|0|0|0|0|2|0|0|Информационное сообщение о результатах размещения средств Резервного фонда и Фонда национального благосостояния  http://bit.ly/htRp9T 
<ru_minfin>|2011-02-10|20:50:18|0|0|0|0|0|0|0|0|0|0|0|0|1|3|0|0|Информационное сообщение о доходности размещения средств Резервного фонда и Фонда национального благосостояния в 2010 г.http://bit.ly/eQJ6vE 
<ru_minfin>|2011-02-11|18:02:17|0|0|0|0|0|0|0|0|0|0|1|0|0|1|0|0|Пресс-релиз Министр финансов РФ Алексей Кудрин награжден орденом «За заслуги перед Итальянской Республикой». http://bit.ly/gswLIu 
<ru_minfin>|2011-02-14|20:39:53|0|0|1|0|0|0|0|0|0|0|1|0|0|0|0|0|Высказывания А.Л.Кудрина информационным агентствам  О продаже пакета акций ВТБ  http://bit.ly/heaED8 
<ru_minfin>|2011-02-15|19:47:34|0|0|0|1|0|0|0|0|0|0|0|0|0|2|0|0|Высказывания А.Л.Саватюгина журналистам на съезде ВСС О мегаругуляторе, об ОСАГО, О Банке Москвы  http://bit.ly/h6rt0n |Москвы
<ru_minfin>|2011-02-16|19:45:54|0|0|0|1|0|0|0|0|0|0|1|0|1|1|0|0|Заместители Министра финансов РФ А.В.Новак, А.Л.Саватюгин, А.Г.Силуанов  17-19 февраля примут участие в Красноярском экономическом форуме |Красноярском
<ru_minfin>|2011-02-17|21:53:34|0|0|0|1|0|0|0|0|0|0|0|0|0|1|0|0|Высказывания А.В.Новака информационным агентствам на VIII Красноярском экономическом форуме http://bit.ly/hr7gna |Красноярском
<ru_minfin>|2011-02-18|18:57:13|0|0|0|1|0|0|0|0|0|0|0|0|0|1|0|0|Высказывания А.Г.Силуанова информационным агентствам на VIII Красноярском экономическом форуме  http://bit.ly/hBboEy |Красноярском
<ru_minfin>|2011-02-18|18:58:08|0|0|0|1|0|0|0|0|0|0|0|0|0|1|0|0|Высказывания А.Л.Кудрина информационным агентствам по итогам пленарного заседания Красноярского экономического форума http://bit.ly/hXU36b |Красноярского края
<ru_minfin>|2011-02-18|18:58:47|0|0|0|1|0|0|0|0|0|0|0|0|0|1|0|0|Высказывания А.Л.Кудрина информационным агентствам на пленарном заседании VIII Красноярского экономического форума http://bit.ly/fm67YH |Красноярского края
<ru_minfin>|2011-02-21|22:01:21|0|0|0|1|0|0|0|0|0|0|0|0|0|1|0|0|Высказывания А.Л.Кудрина информационным агентствам по итогам VIII Красноярского экономического форума http://bit.ly/h1Ky4Z |Красноярского края
<ru_minfin>|2011-02-21|22:02:02|0|0|0|0|0|0|0|0|0|0|0|0|0|1|0|0|Высказывания А.Л.Кудрина информационным агентствам на заседании коллегии Федеральной налоговой службы  http://bit.ly/eojHz1 
<ru_minfin>|2011-02-21|22:02:41|0|0|0|0|0|0|0|0|0|0|0|0|0|1|0|0|Высказывания А.Л.Кудрина информационным агентствам по итогам заседания коллегии Федерального налоговой службы http://bit.ly/hWdfaX 
<ru_minfin>|2011-02-22|13:35:56|0|0|0|1|0|0|0|0|0|0|1|0|0|3|0|0|Д.Медведев наградил заместителей Министра финансов России А.Новака и А.Силуанова орденами за заслуги перед Отечеством IV степени |России
<ru_minfin>|2011-02-28|21:06:37|0|0|0|0|0|0|0|0|0|0|0|0|0|2|0|0|Высказывания А.Л.Кудрина информационным агентствам на встрече с Премьер-министром РФ В.В.Путиным http://bit.ly/ftwczq 
<ru_minfin>|2011-02-28|21:07:39|0|0|0|0|0|0|0|0|0|0|0|0|0|2|0|0|Высказывания А.Л.Кудрина информационным агентствам по итогам заседания комиссии при Президенте РФ по модернизации  http://bit.ly/f07yjD 
<ru_minfin>|2011-03-01|19:09:53|0|0|0|0|0|0|0|0|0|0|0|0|0|6|0|0|Средняя цена на росcийскую нефть Urals в январе-феврале 2011г. - $97,58. В тот же период 2010г. средняя цена - $74,33. – А.Сакович, Минфин. 
<ru_minfin>|2011-03-02|15:48:51|0|0|1|0|0|0|0|0|0|0|1|0|0|3|0|0|Замминистра финансов Д.Панкин расскажет в прямом эфире "Россия24" (20:30) об итогах встреч представителей монетарных ведомств АТЭС и G20. 
<ru_minfin>|2011-03-02|16:07:54|0|0|0|0|0|0|0|0|0|0|0|0|2|5|0|0|3 марта пройдет коллегия Фед. казначейства об итогах работы в 2010 г. и задачах на 2011 г. с участием А.Кудрина, Т.Нестеренко и Р.Артюхина. 
<ru_minfin>|2011-03-04|20:19:27|0|0|0|0|0|0|0|0|0|0|0|0|0|1|0|0|Выступление А.Кудрина на расширенном заседании коллегии Федерального казначейства http://bit.ly/eND4Nj 
<ru_minfin>|2011-03-04|20:26:06|0|0|0|0|0|0|0|0|0|0|0|0|0|1|0|0|Высказывания А.Л. Кудрина информационным агентствам на расширенном заседании коллегии Федерального казначейства http://bit.ly/hRZsOO 
<ru_minfin>|2011-03-04|20:28:35|0|0|0|0|0|0|0|0|0|0|0|0|0|1|0|0|А.Кудрин: о  принятии стандартов МСФО http://bit.ly/feqvbl 
<ru_minfin>|2011-03-09|15:36:09|0|0|0|0|0|0|0|0|0|0|1|1|0|3|0|0|Уточнены полномочия заместителей министра финансов в связи с возвращением из отпуска С.Сторчака http://bit.ly/eLZ8ct 
<ru_minfin>|2011-03-10|14:43:04|0|0|0|0|0|0|0|0|0|0|0|0|1|5|0|0|14 марта планируется подписание соглашения о займе между РФ и МБРР на реализацию образовательного проекта в фин. сфере http://bit.ly/gFucoE 
<ru_minfin>|2011-03-14|21:29:19|0|0|0|0|0|0|0|0|0|0|3|0|1|3|0|0|А.Кудрин: о влиянии цены на нефть на приватизацию крупных компаний, о дефиците федерального бюджета РФ в 2011 г. http://bit.ly/gZXVP6 
<ru_minfin>|2011-03-15|15:02:02|0|0|0|0|0|0|0|0|0|0|0|0|1|1|0|0|16 марта (16:00) А.Кудрин планирует принять участие в "Гайдаровских чтениях" в РАГС. 
<ru_minfin>|2011-03-15|16:26:24|0|0|0|0|0|0|0|0|0|0|0|0|1|2|0|0|16 марта (09:00) А.Кудрин планирует принять участие в XIII Всероссийской банковской конференции, которая состоится в "Президент-Отеле". 
<ru_minfin>|2011-03-15|20:57:17|0|0|0|1|0|0|0|0|0|0|1|0|0|2|0|0|А.Новак: о создании Суверенного фонда инвестиций в России http://bit.ly/h4LplY |России
<ru_minfin>|2011-03-16|20:37:31|0|0|0|1|0|0|0|0|0|0|0|0|0|1|0|0|А. Кудрин: о предоставлении кредита Белоруссии  http://bit.ly/eFqm19 |Белоруссии
<ru_minfin>|2011-03-16|20:40:41|0|0|0|0|0|0|0|0|0|0|0|0|0|1|0|0|А. Кудрин на лентах информационных агентств на конференции Ассоциации региональных банков http://bit.ly/ho7gWm 
<ru_minfin>|2011-03-16|20:42:36|0|0|0|0|0|0|0|0|0|0|0|0|0|2|0|0|С.Шаталов на лентах инфомационных агентств по итогам Гайдаровских чтений http://bit.ly/eN10FB 
<ru_minfin>|2011-03-17|00:46:28|0|0|0|0|0|0|0|0|0|1|0|0|0|1|0|0|Сайт Минфина РФ www.minfin.ru стал победителем, пожалуй, самой авторитетной премии российского интернета - "Золотой сайт" - Мы лучшие! 
<ru_minfin>|2011-03-17|21:24:33|0|0|0|0|0|0|0|0|0|0|0|0|0|2|0|0|А. Саватюгин: о стратегии развития банковского сектора до 2015г. http://bit.ly/hPm7Iw 
<ru_minfin>|2011-03-17|21:26:59|0|0|0|0|0|0|0|0|0|0|0|0|0|1|0|0|А.Кудрин на лентах информационных агентств на заседании Президиума Правительства РФ http://bit.ly/hRXMzw 
<ru_minfin>|2011-03-18|18:58:21|0|0|0|0|0|0|0|0|0|0|0|0|0|0|0|0|Интервью А.Кудрина "Российской газете" http://bit.ly/g7NXF7 
<ru_minfin>|2011-03-21|19:36:55|0|0|0|0|0|0|0|0|0|0|0|0|1|2|0|0|22 марта (15:35) C.Разгулин выступит на радиостанции "Комсомольская правда" по вопросу налоговых вычетов. 
<ru_minfin>|2011-03-23|14:37:45|0|0|0|1|0|0|0|0|0|0|0|0|1|1|0|0|22 марта состоялись переговоры по представлению Республике Беларусь кредитных ресурсов http://bit.ly/g9dC0P |Беларусь
<ru_minfin>|2011-03-25|16:38:02|0|0|0|1|0|0|0|0|0|0|0|0|0|1|0|0|О подписании Соглашения с Республикой Замбия http://bit.ly/hHT35y |Замбия
<ru_minfin>|2011-03-28|20:08:47|0|0|0|0|0|0|0|0|0|0|0|1|0|1|0|0|О встрече С.Шаталова с с президентом Международной федерации бухгалтеров (МФБ) Гораном Тидстром http://bit.ly/ebEfLG 
<ru_minfin>|2011-03-31|20:54:06|0|0|0|1|0|0|0|0|0|0|0|0|0|3|0|0|А.Кудрин на лентах информагентств по итогам международного семинара G20 в Нанкине http://bit.ly/fBROfv |Нанкине
<ru_minfin>|2011-04-01|11:55:39|0|0|0|0|0|0|0|0|0|0|0|0|0|6|0|0|Средняя цена на российскую нефть Urals в 1 кв. 2011г. - 102,57$ за баррель. В этот же период в "пиковом" 2008г. - 93,36$. -А.Сакович,Минфин. 
<ru_minfin>|2011-04-01|12:00:16|0|0|0|0|0|0|0|0|0|0|0|0|2|5|0|0|В марте нынешнего года средняя цена на российскую нефть Urals составила 111,25$ за баррель против 76,71$ в марте 2010г. - А.Сакович, Минфин. 
<ru_minfin>|2011-04-05|17:42:40|0|0|0|1|0|0|0|0|0|0|2|0|0|2|0|0|А.Кудрин провел встречу с Министром экономики, финансов и промышленности Франции и Министром сельского хозяйства Францииhttp://bit.ly/igzfKQ |Франции
<ru_minfin>|2011-04-05|17:47:26|0|0|0|0|0|0|0|0|0|0|0|0|1|3|0|0|Результаты размещения средств Резервного фонда и Фонда национального благосостояния по состоянию на 1 апреля 2011г. http://bit.ly/eFbURV 
<ru_minfin>|2011-04-05|22:12:45|0|0|1|0|0|0|0|0|0|0|0|0|0|5|0|0|А. Саватюгин на лентах информагентств ( о сделке по объединению ММВБ и РТС, об изменении положения ФСФР) http://bit.ly/dPex6s 
<ru_minfin>|2011-04-05|22:18:43|0|0|0|0|0|0|0|0|0|0|1|0|0|3|0|0|С.Шаталов на лентах информагентств (о льготах для Ванкора, о ставках страхвзносов,о налоговой политике,о снижении НДПИ) http://bit.ly/fC8pfh 
<ru_minfin>|2011-04-05|22:27:47|0|0|0|0|0|0|0|0|0|0|0|0|0|2|0|0|А.Саватюгин на лентах информагентств ( о формировании реестра микрофинансовых организаций, о законопроекте о НПС) http://bit.ly/gTR4hO 
<ru_minfin>|2011-04-05|22:32:31|0|0|0|0|0|0|0|0|0|0|1|0|0|2|0|0|А.Кудрин: об управлении нефтегазовыми доходами,о госпрограммах,о притоке капитала, о страхвзносах, о резервных валютах http://bit.ly/eZDTlx 
<ru_minfin>|2011-04-06|12:49:06|1|0|0|0|0|0|0|0|0|0|2|0|0|3|0|0|Выступление А.Кудрина на XII Международной научной конференции по проблемам развития экономики и общества http://bit.ly/eXZs0V 
<ru_minfin>|2011-04-06|20:13:16|0|0|1|0|0|0|0|0|0|0|0|0|0|2|0|0|А.Кудрин на лентах информагентств на "Правительственном часе" в Госдуме http://bit.ly/f8rYch 
<ru_minfin>|2011-04-06|20:16:47|0|0|1|0|0|0|0|0|0|0|0|0|0|1|0|0|Выступление А. Кудрина в рамках «Правительственного часа» в Госдуме  http://bit.ly/eJ1iyN 
<ru_minfin>|2011-04-13|15:19:36|0|0|0|0|0|0|0|0|0|0|0|0|0|2|0|0|А. Кудрин на лентах информагентств: о новом главе ФСФР, создании центрального депозитария, расширении штата ФСФР http://bit.ly/dOYmlq 
<ru_minfin>|2011-04-22|19:23:08|0|0|0|0|0|0|0|0|0|0|0|0|0|3|0|0|С.Сторчак на лентах информагентств в ходе весенней сессии МВФ и Всемирного банка http://bit.ly/ekvLZP 
<ru_minfin>|2011-04-22|19:26:54|0|0|0|0|0|0|1|0|0|0|0|0|0|3|0|0|А.Кудрин на лентах информагентств в ходе форума в институте им.Петерсона http://bit.ly/eP20SR 
<ru_minfin>|2011-04-22|19:28:12|0|0|0|0|0|0|0|0|0|0|1|1|0|3|0|0|А.Кудрин на лентах информагентств по итогам встречи министров финансов и глав центробанков G20 http://bit.ly/efSNQ0 
<ru_minfin>|2011-04-22|19:33:11|0|0|1|0|0|0|1|0|0|0|0|0|0|5|0|0|О заявлении А.Кудрина с просьбой исключить его из списка кандидатов- представителей РФ в набсовете ВТБ и ОАО АК«АЛРОСА» http://bit.ly/fYcoJw 
<ru_minfin>|2011-04-22|19:34:49|0|0|0|0|0|0|0|0|0|0|0|0|0|2|0|0|А.Кудрин на лентах информагентств в ходе съезда РСПП http://bit.ly/hclDjn 
<ru_minfin>|2011-04-22|19:36:23|0|0|0|0|0|0|0|0|0|0|0|0|0|1|0|0|Выступление А.Кудрина на съезде РСПП http://bit.ly/g7NLVx 
<ru_minfin>|2011-04-25|21:55:54|0|0|0|0|0|0|0|0|0|0|0|0|0|2|0|0|А.Кудрин на лентах информагентств об инновационном центре "Сколково" http://bit.ly/eO4VWT 
<ru_minfin>|2011-04-26|14:15:44|0|0|0|1|0|0|0|0|0|0|0|0|0|2|0|0|А.Кудрин на лентах информагентств на совместном заседании коллегий Минэкономразвития и Минфина России http://bit.ly/eyGX8b |России
<ru_minfin>|2011-04-27|19:25:21|0|0|0|0|0|0|0|0|0|0|0|0|0|1|0|0|А.Кудрин на лентах информагентств на коллегии ФНС http://bit.ly/ih04dr 
<ru_minfin>|2011-04-29|17:17:02|0|0|0|0|0|0|0|0|0|0|0|0|0|1|0|0|А.Кудрин на лентах информагентств на заседании Президиума Правительства РФ http://bit.ly/lvWuID 
<ru_minfin>|2011-05-06|17:23:59|0|0|0|0|0|0|0|0|0|0|0|0|0|2|0|0|О налогообложении пособий по беременности и родам http://bit.ly/jYxv8r 
<ru_minfin>|2011-05-06|17:25:35|0|0|0|0|0|0|0|0|0|0|0|0|0|1|0|0|С.Шаталов на лентах информагентств http://bit.ly/iBvkmT 
<ru_minfin>|2011-05-06|17:26:58|0|0|0|0|0|0|0|0|0|0|0|0|0|1|0|0|О софинансировании формирования пенсионных накоплений застрахованных лиц за счет средств ФНБ http://bit.ly/m28kRB 
<ru_minfin>|2011-05-06|17:27:53|0|0|0|0|0|0|0|0|0|0|0|0|0|2|0|0|С.Шаталов на лентах информагентств (о необходимости снижения ставки акцизов и НДПИ)  http://bit.ly/kQGZ3q 
<ru_minfin>|2011-05-06|17:28:44|0|0|0|0|0|0|0|0|0|0|0|0|0|1|0|0|А.Кудрин на лентах информагентств на заседании Президиума Правительства РФ http://bit.ly/muaapd 
<ru_minfin>|2011-05-11|20:18:58|0|0|0|2|0|0|0|0|0|0|0|0|0|3|0|0|А.Кудрин на лентах информагентств на заседании Оргкомитета по празднованию 350-летия вхождения Бурятии в состав России http://bit.ly/jJrkT4 |Бурятии|России
<ru_minfin>|2011-05-11|20:32:01|0|0|0|0|0|0|0|0|0|0|0|0|2|3|0|0|Об экспортной пошлине на нефть в РФ с 1 июня 2011 г. http://bit.ly/lOc4ek 
<ru_minfin>|2011-05-13|19:24:40|0|0|1|0|0|0|0|0|0|0|0|0|0|1|0|0|Об объединении РТС и ММВБ http://bit.ly/kRFpqa 
<ru_minfin>|2011-05-13|19:26:04|0|0|0|0|0|0|0|0|0|0|0|0|0|1|0|0|А.Саватюгин на лентах информагентств на конференции НАУФОР http://bit.ly/ixoKVY 
<ru_minfin>|2011-05-13|19:27:35|0|0|0|0|0|0|0|0|0|0|0|0|0|1|0|0|А.Силуанов на лентах информагентств (о региональных бюджетах РФ) http://bit.ly/ihbwMi 
<ru_minfin>|2011-05-18|13:51:05|0|0|0|0|0|0|0|0|0|0|0|0|0|2|0|0|С. Шаталов на лентах информагентств: об увеличении ставок НДПИ на газ  http://bit.ly/l7fjyz 
<ru_minfin>|2011-05-18|13:53:03|0|0|0|1|0|0|0|0|0|0|0|0|0|2|0|0|А.Кудрин на лентах информагентств: о предоставлении госгарантий, о предоставлении Белоруссии кредита http://bit.ly/mojAIS |Белоруссии
<ru_minfin>|2011-05-23|15:50:06|0|0|0|0|0|0|0|0|0|0|0|0|0|3|0|0|А.Бокарев на лентах информагентств в ходе презентации доклада РФ о выполнении в рамках инициативы решений G8: http://bit.ly/lOk9ze 
<ru_minfin>|2011-05-23|15:52:08|0|0|0|0|0|0|0|0|0|0|0|0|0|2|0|0|C.Cторчак на лентах информагентств в ходе сессии ежегодного заседания совета управляющих ЕБРР: http://bit.ly/l5UaR4 
<ru_minfin>|2011-05-24|14:34:18|0|0|0|0|0|0|0|0|0|0|3|0|0|2|0|0|А. Кудрина: о дефиците федбюджета, бюджете субъектов РФ, жилье для  ветеранам ВОВ, финансировании Курил, фонде ЕврАзЭс http://bit.ly/kohvV1 
<ru_minfin>|2011-05-24|18:56:03|0|0|0|0|0|0|0|0|0|0|0|0|0|3|0|0|А.Саватюгин:о регулировании финрынков, распределении полномочий между Минфином и ФСФР,увеличении квоты компаний на рынкеhttp://bit.ly/lkfizr 
<ru_minfin>|2011-05-25|14:39:56|0|0|0|0|0|0|0|0|0|0|1|0|0|2|0|0|А.Кудрин на летнах информагентств по итогам совещания по бюджетной политике на 2012-2014 гг http://bit.ly/mdYG8C 
<ru_minfin>|2011-05-27|14:21:41|0|0|0|1|0|0|0|0|0|0|0|0|0|1|0|0|А. Новак на лентах информагентств на XIV Томском инновационном форуме  http://bit.ly/mz6oUw |Томском
<ru_minfin>|2011-05-27|14:23:02|0|0|0|0|0|0|0|0|0|0|0|0|0|1|0|0|А. Кудрин на лентах информагентств http://bit.ly/kM37VT 
<ru_minfin>|2011-05-27|20:57:52|0|0|0|1|0|0|0|0|0|0|1|0|0|4|0|0|А.Кудрин на лентах информагентств: о повышении НДПИ на газ, об отказе Белоруссии от приватизации госактивов http://bit.ly/llFLQ4 |Белоруссии
<ru_minfin>|2011-05-31|13:57:15|0|0|0|1|0|0|0|0|0|0|0|0|0|4|0|0|С.Сторчак на лентах информагентств: об окончательном погашении товарного долга перед Тайландом, о выпуске евробондов http://bit.ly/lkCg05 |Тайландом
<ru_minfin>|2011-06-01|13:36:22|0|0|0|0|0|0|0|0|0|0|0|0|0|1|0|0|Результаты размещения средств Резервного фонда и Фонда национального благосостояния http://bit.ly/ieGwdj 
<ru_minfin>|2011-06-01|18:20:39|0|0|0|0|0|0|0|0|0|0|0|0|0|3|0|0|А. Кудрина на лентах информагентств: о налоговой нагрузке на газовую отрасль в 2012-2014 гг. http://bit.ly/kBfgzB 
<ru_minfin>|2011-06-01|18:21:54|0|0|0|0|0|0|0|0|0|0|0|0|0|3|0|0|А.Кудрина на лентах информагентств: о подготовке предложений по снижению ставок страховых взносов http://bit.ly/mabpvc 
<ru_minfin>|2011-06-02|15:05:36|0|0|0|0|0|0|0|0|0|0|0|0|1|2|0|0|А.Сакович: средняя цена нефти Urals в январе-мае 2011 года составила $107,34 за баррель 
<ru_minfin>|2011-06-06|14:24:26|0|0|0|1|0|0|0|1|0|0|0|0|0|3|0|0|А.Кудрина на лентах информагентств: о кредите Белоруссии, о рубле, o предложениях по мировым стандартам финстабильности http://bit.ly/jgrRHU |Белоруссии
<ru_minfin>|2011-06-07|20:00:30|0|0|0|0|0|0|0|0|0|0|1|0|0|5|0|0|Разъяснения Минфина в связи с публикациями в СМИ недостоверной информации о налоге на воду для сотрудников организаций http://bit.ly/ikaFRD 
<ru_minfin>|2011-06-08|16:42:19|0|0|0|2|0|0|0|0|0|0|0|0|0|4|0|0|С.Сторчак: о кризисе в Белоруссии,о вхождении Украины в ЕБР,о кандидатуре на пост главы МВФ, об активности ЕБРР в РФ http://bit.ly/iO8iut |Белоруссии|Украины
<ru_minfin>|2011-06-10|15:20:42|0|0|0|0|0|0|0|0|0|0|1|0|1|1|0|0|Предварительная оценка исполнения бюджета за январь-май 2011 года http://bit.ly/mAnlf9 
<ru_minfin>|2011-06-15|12:15:03|0|0|0|0|0|0|0|0|0|0|1|0|0|0|0|0|А.Лавров назначен новым заместителем Министра финансов РФ http://bit.ly/jqT10j 
<ru_minfin>|2011-06-15|12:28:09|0|0|0|0|0|0|0|0|0|0|0|0|1|6|0|0|А. Сакович: экспортная пошлина на нефть в РФ с 1 июля снизится до $445,1 за тонну, льготная - до $205,8 
<ru_minfin>|2011-06-15|20:07:48|0|0|0|0|0|0|0|0|0|0|3|0|0|2|0|0|А. Кудрин: о дефиците бюджета, о ненефтегазовом секторе экономики РФ, о государственном долге РФ, о цене на нефть http://bit.ly/jw3qOC 
<ru_minfin>|2011-06-15|20:09:32|0|0|0|0|0|0|0|0|0|0|2|0|0|2|0|0|А.Кудрин:о расходах бюджета на оборону, о рассмотрении параметров бюджета,о тарифах на услуги естественных монополий http://bit.ly/kzzY0s 
<ru_minfin>|2011-06-17|20:48:33|0|0|0|0|0|0|0|0|0|0|0|0|0|1|0|0|А. Кудрин на лентах информагентств на Петербургском международном экономическом форуме: http://bit.ly/ivBgnC 
<ru_minfin>|2011-06-17|20:49:38|0|0|0|0|0|0|0|0|0|0|0|0|0|2|0|0|А. Кудрин в интервью телеканалу "Россия 24" на Петербургском международном экономическом форуме: http://bit.ly/kPVpZh 
<ru_minfin>|2011-06-20|19:48:03|0|0|0|0|0|0|0|0|0|0|0|0|0|1|0|0|А. Кудрин на лентах информагентств на Петербургском международном экономическом форуме http://bit.ly/iZh5p0 
<ru_minfin>|2011-06-21|20:44:24|0|0|0|0|0|0|0|0|0|0|1|0|0|3|0|0|А. Кудрин на лентах информагентств по итогам первого заседания Общественного совета при Министерстве финансов РФ http://bit.ly/jorx0K 
<ru_minfin>|2011-06-22|17:17:48|0|0|0|0|0|0|0|0|0|0|0|0|0|1|0|0|А. Кудрина о сокращении числа государственных служащих http://bit.ly/k9OgAI 
<ru_minfin>|2011-06-27|20:07:14|0|0|0|1|0|0|0|0|0|0|0|0|0|3|0|0|С. Шаталов на лентах информагентств на Российском экономическом и финансовом форуме во Франции http://bit.ly/lgguTh |Франции
<ru_minfin>|2011-06-27|20:08:26|0|0|0|0|0|0|0|0|0|0|0|0|0|1|0|0|А.Кудрин на XV ежегодной конференции инвесторов «Ренессанс Капитал» http://bit.ly/mygxCW 
<ru_minfin>|2011-06-27|20:09:54|0|0|0|0|0|0|0|0|0|0|0|0|0|1|0|0|А.Кудрин на лентах информагентств на XV ежегодной конференции инвесторов «Ренессанс Капитал» http://bit.ly/l7KQKA 
<ru_minfin>|2011-06-28|20:24:12|0|0|0|0|0|0|0|0|0|0|0|0|0|2|0|0|А.Силуанов о сокращении штата силовых ведомств, повышении зарплаты сотрудникам МВД и Минобороны http://bit.ly/lObeMS 
<ru_minfin>|2011-06-28|20:25:17|0|0|0|0|0|0|0|0|0|0|1|0|1|3|0|0|А. Кудрин о дополнительных доходах региональных бюджетов РФ в 2011 г, кандидатуре К.Лагарда на пост главы МВФ http://bit.ly/mfeBH6 
<ru_minfin>|2011-06-29|20:21:14|0|0|0|0|0|0|0|0|0|0|0|0|0|2|0|0|А.Кудрин на лентах информагентств по итогам оглашения Президентом РФ Бюджетного послания http://bit.ly/itXVi8 
<ru_minfin>|2011-07-01|19:08:20|0|0|0|0|0|0|0|0|0|0|0|0|0|2|0|0|Сообщение о результатах размещения средств Резервного фонда и Фонда национального благосостояния http://bit.ly/l9mkEP 
<ru_minfin>|2011-07-01|19:10:50|0|0|0|0|0|0|0|0|0|0|1|0|0|2|0|0|А.Саватюгин о сокращении доли в АК "АЛРОСА", о председателе совета директоров объединенной биржи http://bit.ly/jfYB8n 
<ru_minfin>|2011-07-01|19:12:02|0|0|0|2|0|0|0|0|0|0|0|0|0|2|0|0|А.Кудрин на пресс-конференции в рамках празднования 350-летия добровольного вхождения Бурятии в состав России http://bit.ly/ivdfRZ |Бурятии|России
<ru_minfin>|2011-07-01|20:19:17|0|0|0|0|0|0|0|0|0|0|0|0|0|3|0|0|А. Сакович: средняя цена на нефть Urals в I полугодии составила $108,12 за баррель 
<ru_minfin>|2011-07-06|13:42:59|0|0|0|0|0|0|0|0|0|0|1|0|1|3|0|0|С. Шаталов о введении налога на недвижимость с 2012 г. http://bit.ly/opQ4gz 
<ru_minfin>|2011-07-06|13:45:24|0|0|0|1|0|0|0|0|0|0|0|0|0|1|0|0|А. Саватюгин о санации Банка Москвы http://bit.ly/p7J09U |Москвы
<ru_minfin>|2011-07-07|20:04:59|0|0|0|0|0|0|0|0|0|0|0|0|0|2|0|0|А.Кудрин на лентах информагентств по итогам заседания Президиума Правительства РФ http://bit.ly/pmZPoU 
<ru_minfin>|2011-07-08|21:51:24|0|0|0|0|0|0|0|0|0|0|3|0|0|4|0|0|А. Новак о финансировании ФЦП и ФАИП,о доходах бюджета от приватизации, об Инвестфонде, о госгарантиях, об госдолге http://bit.ly/qI2va5 
<ru_minfin>|2011-07-08|21:52:21|0|0|0|0|0|0|0|0|0|0|0|0|0|1|0|0|А.Саватюгин о микрофинансовых организациях http://bit.ly/pVoyIA 
<ru_minfin>|2011-07-08|21:54:30|0|0|0|0|0|0|0|0|0|0|1|0|0|3|0|0|А.Кудрин на лентах информагентств по итогам Российско-Британского комитета по торговле и инвестициям http://bit.ly/oFvkvE 
<ru_minfin>|2011-07-13|12:56:21|0|0|0|1|0|0|0|0|0|0|0|0|0|2|0|0|А.Кудрин о создании рейтингового агентства ЕврАзЭс, коэффициентах зачисления пошлин в бюджеты стран ТС, Банке Москвы http://bit.ly/mVl7WL |Москвы
<ru_minfin>|2011-07-13|13:01:08|0|0|0|0|0|0|0|0|0|0|0|0|2|3|0|0|12 июля 2011 г. состоялось заседание Совета при Президенте РФ по развитию финрынка под председательством А.Кудрина http://bit.ly/nsPWIR 
<ru_minfin>|2011-07-14|13:19:33|0|0|0|2|0|0|0|0|0|0|0|0|0|2|0|0|Об окончательном погашении РФ задолженности бывшего СССР перед Королевством Таиланд в сумме 36,4 млн.долл.США. http://bit.ly/o1LTBL |Таиланд|США
<ru_minfin>|2011-07-14|20:48:29|0|0|0|0|0|0|0|0|0|0|0|0|0|1|0|0|А.Саватюгин об ужесточении банковского надзора http://bit.ly/qwIbPj 
<ru_minfin>|2011-07-15|18:40:23|0|0|0|0|0|0|0|0|0|0|0|0|1|6|0|0|А.Сакович: экспортная пошлина на нефть в РФ с 1 августа снизится на $7 - до $438 за тонну, льготная на $5 - до $201. 
<ru_minfin>|2011-07-18|18:39:56|0|0|0|0|0|0|0|0|0|0|2|0|0|2|0|0|Об обращении граждан предоставить экономическую возможность осуществления власти путем получения средств из федбюджета http://bit.ly/mWoJ9t 
<ru_minfin>|2011-07-20|20:06:56|0|0|0|0|0|0|0|0|0|0|0|0|0|4|0|0|Т.Нестеренко о предложениях по распределению полномочий между центром и регионами http://bit.ly/ov5WrL 
<ru_minfin>|2011-07-21|20:15:22|0|0|0|0|0|0|0|0|0|0|1|0|0|2|0|0|А.Кудрина о федеральном бюджете РФ в 2011г. http://bit.ly/ompOez 
<ru_minfin>|2011-07-26|20:31:30|0|0|0|0|0|0|0|0|0|0|0|0|0|0|0|0|Интервью С.Сторчака инфомационному агентству "РИА-Новости" http://bit.ly/qEaIX9 
<ru_minfin>|2011-07-26|20:35:11|0|0|0|1|0|0|0|0|0|0|0|0|0|2|0|0|С.Сторчак на лентах информагентств на пресс-конференции, посвященной Дню финансиста и Московской финансовой неделе http://bit.ly/nupDEK |Московской области
<ru_minfin>|2011-07-28|19:01:18|0|0|0|0|0|0|0|0|0|0|0|0|1|4|0|0|В I полугодии с.г.международными судами вынесены решения об отказе в удовлетворении исковых требований, заявленных к РФ http://bit.ly/r7mwm2 
<ru_minfin>|2011-08-01|19:57:03|0|0|0|0|0|0|0|0|0|0|0|0|1|5|0|0|Средняя цена нефти Urals в январе-июле выросла на 69 проц до 109,17 долл/барр, в июле – на 64 проц до 115,29 долл/барр - Минфин 
<ru_minfin>|2011-08-02|19:55:27|0|0|0|0|0|0|0|0|0|0|0|0|0|1|0|0|Высказывания А.Л.Кудрина на заседании Президиума Правительства РФ http://bit.ly/pn0eOL 
<ru_minfin>|2011-08-03|20:03:38|0|0|0|0|0|0|0|0|0|0|0|0|0|3|0|0|О госпрограмме развития СКФО до 2025г., о введении цены отсечения для формирования Резервного фонда http://bit.ly/pCdGNp 
<ru_minfin>|2011-08-19|17:15:46|0|0|0|0|0|0|0|0|0|0|0|0|0|1|0|0|Интервью А.Г.Силуанова журналу "Бюджет": об обеспечении сбалансированности консолидированных бюджетов субъектов РФ http://t.co/aRgpU93 
<ru_minfin>|2011-08-19|17:16:52|0|0|0|0|0|0|0|1|0|0|0|0|0|1|0|0|Интервью С.А. Сторчака радиостанции "Голос России": "Что может заменить доллар в качестве глобального эквивалента?" http://t.co/uKB1FX1 
<ru_minfin>|2011-08-19|17:19:00|0|0|0|0|0|0|0|0|0|0|1|0|0|4|0|0|Интервью С.Д.Шаталова "Экономике и Жизнь" :«Как бы ни формировались цены, налоги нужно платить исходя из рыночных цен» http://t.co/4SppRiH 
<ru_minfin>|2011-08-22|12:44:54|0|0|0|0|0|0|0|0|0|0|2|0|0|5|0|0|В.Балакирева: о вступлении в силу закона об ОПО, о повышении квоты для нерезидентов на страховом рынке РФ http://t.co/K5VG2kw 
<ru_minfin>|2011-08-23|21:32:26|0|0|0|0|0|0|0|0|0|0|1|0|0|3|0|0|А. Силуанов: о бюджете 2011г., о подписании контрактов с предприятиями гособоронзаказа, об израсходовании средств ЦИКом http://t.co/ZjsVFED 
<ru_minfin>|2011-08-24|13:22:53|0|0|0|0|0|0|0|0|0|0|0|0|0|2|0|0|С.Сторчак: об урегулировании долга КНДР перед СССР http://t.co/k9PKhuX 
<ru_minfin>|2011-08-27|14:21:36|0|0|0|0|0|0|0|0|0|0|0|0|0|1|0|0|А. Бокарев: о Российском агентстве международного развития http://t.co/MYchBf1 
<ru_minfin>|2011-09-02|19:06:34|0|0|0|0|0|0|0|0|0|0|0|0|0|1|0|0|А.Саватюгин на IX Международном банковском форуме "Банки России- XXI век" http://t.co/wWdBfkb 
<ru_minfin>|2011-09-07|17:44:00|0|0|0|0|0|0|0|0|0|0|0|0|0|1|0|0|Высказывания А.Л.Кудрина на заседании Президиума Правительства РФ http://t.co/vh70TAf 
<ru_minfin>|2011-09-09|12:07:32|0|0|0|0|0|0|0|0|0|0|3|0|0|3|0|0|А.Кудрин: о дефиците федерального бюджета в 2012г., о дополнительных ставках страховых взносов для малого бизнеса http://t.co/bV1dJST 
<ru_minfin>|2011-09-09|12:12:21|0|0|0|0|0|0|0|0|0|0|1|0|0|3|0|0|А.Саватюгин: о законе об ОПО, об ОСАГО, об оценке депозитариев, о финансовых институтах, о требованиях к профучастникам http://t.co/XIDWscu 
<ru_minfin>|2011-09-09|12:17:18|0|0|0|0|0|0|0|0|0|0|2|0|0|2|0|0|В.Балакирева:о регулировании страхового рынка,о предложении дополнить систему возмещения в ОСАГО натуральными выплатами http://t.co/2VoQrNk 
<ru_minfin>|2011-09-09|12:25:23|0|0|0|0|0|0|0|0|0|0|0|0|0|2|0|0|Н.Сатина: о микрофинансовых организациях в РФ http://t.co/pMEoFKt 
<ru_minfin>|2011-09-09|12:29:49|0|0|0|0|0|0|0|0|0|0|3|0|0|3|0|0|Т.Нестеренко:о дефиците бюджета в 2012-2014 гг., о ставке страховых взносов для малого бизнеса,о поддержке авиакомпаний http://t.co/ImQYpbr 
<ru_minfin>|2011-09-09|12:30:48|0|0|0|0|0|0|0|0|0|0|0|0|0|2|0|0|А.Лавров: о порядке привлечения госкорпорациями займов в иностранной валюте http://t.co/FpYRwOm 
<ru_minfin>|2011-09-09|17:30:05|0|0|0|1|0|0|0|0|0|0|0|0|0|0|0|0|А.Кудрин:о кандидатуре первого заместителя председателя ЦБ России http://t.co/269ZSaF |России
<ru_minfin>|2011-09-12|14:39:30|0|0|0|1|0|0|0|0|0|0|0|0|0|3|0|0|А.Кудрин: о предоставлении кредита Кипру, о заимствованиях в 2011г., об объеме Резервного фонда, о второй волне кризиса http://t.co/CueWyCb |Кипру
<ru_minfin>|2011-09-12|14:42:04|0|0|0|0|0|0|0|0|0|0|0|0|0|2|0|0|С.Сторчак по итогам саммита G8 в Марселе: http://t.co/84PPb3Q 
<ru_minfin>|2011-09-12|14:46:21|0|0|0|0|0|0|0|0|0|0|0|0|1|5|0|0|А.Сакович: экспортная пошлина на нефть в РФ с 1 октября 2011г. может снизиться до 409,6-412,5$ за тонну 
<ru_minfin>|2011-09-13|20:19:49|0|0|1|1|0|0|0|1|0|0|1|0|0|1|0|0|А.Кудрин:о приватизации,евробондах,курсе рубля,предвыборных обязательствах,2-м транше Белоруссии,вступлении РФ в ВТО http://t.co/hTUZwso |Белоруссии
<ru_minfin>|2011-09-15|19:53:16|0|0|0|0|0|0|0|0|0|0|0|0|1|5|0|0|А.Сакович: экспортная пошлина на нефть в РФ с 1 октября 2011г. может снизиться до 411,4$ за тонну 
<ru_minfin>|2011-09-16|19:14:03|0|1|0|0|0|0|0|0|0|0|0|0|0|2|0|0|А.Силуанов:о проекте создания фонда поощрения регионов,перераспределении полномочий между фед. центром и регионами http://t.co/gCtcy4uw 
<ru_minfin>|2011-09-19|20:05:40|0|0|0|0|0|0|0|0|0|0|0|0|0|0|0|0|Интервью С.В. Ячевской журналу "Бюджет" http://t.co/vHgSHK5R 
<ru_minfin>|2011-09-19|20:07:25|0|1|0|0|0|0|0|0|0|0|0|0|0|3|0|0|А.Силуанов: о создании фонда поощрения регионов,о перераспределении полномочий между федеральным центром и регионами http://t.co/sXaiTQCY 
<ru_minfin>|2011-09-19|21:40:38|0|0|0|1|0|0|0|1|0|0|0|0|0|2|0|0|А.Кудрин: о предоставлении кредита Кипру, о курсе рубля, об оказании помощи странам Евросоюза http://t.co/cBY8Fs3k |Кипру
<ru_minfin>|2011-09-20|20:45:32|0|0|0|0|0|0|0|0|0|0|0|0|1|2|0|0|А.Лавров: об объеме Резервного фонда на конец 2011 года http://t.co/T5EYACdP 
<ru_minfin>|2011-09-21|20:35:36|0|0|0|1|0|0|0|0|0|0|0|0|0|2|0|0|А.Кудрин: отчет об исполнении Бюджета-2011 в Государственной Думе http://t.co/61sJWwTz |Думе
<ru_minfin>|2011-09-22|19:51:03|0|0|0|0|0|0|0|0|0|0|0|0|0|1|0|0|С.Шаталов:о предоставлении налоговых льгот для Штокмановского проекта http://t.co/D7fV6Cbi 
<ru_minfin>|2011-09-30|11:33:23|0|0|0|1|0|0|0|0|0|0|1|0|0|4|0|0|С.Сторчак: о посте главы НБС и Совета по финрынкам,международной финнеделе,Банке Москвы,постах в МВФ,ВБ и фонде ЕврАзЭС http://t.co/0sbllfKU |Москвы
<ru_minfin>|2011-09-30|11:35:10|0|0|0|3|0|0|0|0|0|0|0|0|0|2|0|0|Минфин России сообщает о полном погашении задолженности Российской Федерации перед Республикой Хорватией http://t.co/NomLN9Yj |России|Российской Федерацией|Хорватией
<ru_minfin>|2011-10-06|19:39:33|0|0|0|0|0|0|0|0|0|0|0|0|0|4|0|0|С.Сторчак о проекте по содействию повышению финансовой грамотности и развитию финансового образования в РФ http://t.co/2pMTACim. 
<ru_minfin>|2011-10-06|19:41:51|0|0|0|0|0|0|0|0|0|0|0|0|0|1|0|0|А.Саватюгин на инвестиционном форуме "Россия зовет!" http://t.co/hMY6KrcJ. 
<ru_minfin>|2011-10-10|15:46:08|0|0|0|1|0|0|0|0|0|0|2|0|0|3|0|0|И.О. Министра финансов А.Силуанов встретился с Вице-премьером – Министром финансов и экономики Испании Еленой Сальгадо http://t.co/6pMZidwz |Испании
<ru_minfin>|2011-10-12|11:36:47|0|0|0|0|0|0|0|0|0|0|3|0|0|2|0|0|А.Силуанов:о бюджете в 2012г., дефиците бюджета субъектов, бюджетных кредитах, внешних и внутренних заимствованиях http://t.co/El9KWZGb 
<ru_minfin>|2011-10-12|11:58:04|0|0|0|0|0|0|0|0|0|0|1|0|0|1|0|0|С.Шаталов:о ставке НДПИ на газ,системе налогообложения нефтяного сектора,проекте разработки Штокмановского месторожденияhttp://t.co/RXlbdq9U 
<ru_minfin>|2011-10-17|12:25:50|0|0|1|0|0|0|0|0|0|0|0|0|0|1|0|0|С.Сторчак:о поддержке стран ЕС,покупке облигаций ЕФФС, докапитализации МВФ, инициативах G20 по регулированию финрынков http://t.co/samEGbhy 
<ru_minfin>|2011-10-17|12:32:10|0|0|0|0|0|0|0|0|0|0|3|0|0|3|0|0|А.Силуанов: о  прогнозе нулевого дефицита бюджета в 2011г., о введении налога на финансовые операции http://t.co/y39m7on9 
<ru_minfin>|2011-10-18|12:18:27|0|0|0|0|0|0|0|0|0|0|0|0|1|6|0|0|А.Сакович: экспортная пошлина на нефть в РФ с 1 ноября снизится до $393 за тонну, льготная - до $190,7 за тонну http://t.co/aQYj6SIS 
<ru_minfin>|2011-10-18|12:23:15|0|0|0|0|0|0|0|1|0|0|1|0|2|2|0|0|Т.Нестеренко: Резервный фонд РФ будет пополнен до 1,7 трлн руб в январе 2012 года http://t.co/aQYj6SIS 
<ru_minfin>|2011-10-18|12:27:32|0|0|0|0|0|0|0|0|0|0|1|0|0|2|0|0|А.Силуанов: о рефинансировании дорожных кредитов, поддержке фракцией "Единая Россия" проекта федбюджета на 2012-2014гг. http://t.co/aQYj6SIS 
<ru_minfin>|2011-10-20|11:41:26|0|0|0|0|0|0|0|0|0|0|1|0|0|2|0|0|С.Шаталов:о возможности введения налога на недвижимость в регионах в 2013г, налогообложении пособий топ-менеджеров http://t.co/DolnRcBe 
<ru_minfin>|2011-11-15|19:33:33|0|0|0|0|0|0|0|0|0|0|1|0|0|1|0|0|Предварительная оценка исполнения федерального бюджета за январь-октябрь 2011 http://t.co/LjIs67sM 
<ru_minfin>|2011-11-15|19:57:45|0|0|0|0|0|0|0|0|0|0|1|0|0|1|0|0|Замминистра Т.Нестеренко об исполнении бюджета http://t.co/I8s6zDSu 
<ru_minfin>|2011-11-15|20:11:13|0|0|1|0|0|0|0|0|0|0|2|0|0|3|0|0|Выступление А.Силуанова на заседании Комитета Госдумы по бюджету и налогам http://t.co/pGODSsWt 
<ru_minfin>|2011-11-23|11:59:01|0|0|0|0|0|0|0|0|0|0|0|0|0|2|0|0|Выступление А.Силуанова на международной научно-практической конференции «Налогообложение – современный взгляд» http://t.co/6x960b5g 
<ru_minfin>|2011-11-23|12:00:47|0|0|0|0|0|0|0|0|0|0|0|0|0|2|0|0|Высказывания А.Силуанова на международной научно-практической конференции «Налогообложение – современный взгляд» http://t.co/IJjssZUa 
<ru_minfin>|2011-12-06|10:41:02|0|0|0|0|0|0|0|0|0|0|3|0|0|4|0|0|А.Силуанов: о расходах и профиците бюджета в 2011г.,оттоке капитала, внутренних займах в 2012г.,фин.отчетности по МСФО http://t.co/pmNJUnMJ 
<ru_minfin>|2011-12-30|16:11:01|0|0|0|0|0|0|0|0|0|0|0|0|0|1|0|0|Информация о шестом заседании Совета Антикризисного фонда Евразийского экономического сообщества http://t.co/bFRk4OBf 
<ru_minfin>|2011-12-30|16:12:08|0|0|0|1|0|0|0|0|0|0|0|0|2|2|0|0|График предстоящих платежей по внутреннему долгу Российской Федерации в январе 2012 года http://t.co/xsFgTU6p |Российской Федерацией
<ru_minfin>|2011-12-30|17:40:18|0|0|0|0|0|0|0|0|0|0|0|0|1|2|0|0|Предварительный график аукционов по размещению облигаций федеральных займов на первый квартал 2012 года http://t.co/I7IQXTvc 
<ru_minfin>|2012-01-11|13:37:40|0|0|0|0|0|0|0|0|0|0|0|0|0|1|0|0|Данные об объеме средств Фонда национального благостостояния http://t.co/J0M00qAE 
<ru_minfin>|2012-01-11|13:38:32|0|0|0|0|0|0|0|0|0|0|0|0|0|0|0|0|Cредства Резервного фонда http://t.co/peAeydXe 
<ru_minfin>|2012-01-11|13:39:58|0|0|0|0|0|0|0|0|0|0|0|0|0|1|0|0|Результаты размещения средств Резервного фонда и Фонда национального благосостояния http://t.co/WoZwHDTZ 
<ru_minfin>|2012-01-11|14:04:43|0|0|0|0|0|0|0|0|0|0|0|0|1|2|0|0|Информация о заседании Рабочего органа Совета по аудиторской деятельности 17 января http://t.co/M4zxpWIx 
<ru_minfin>|2012-01-12|19:42:42|0|0|0|0|0|0|0|0|0|0|1|0|0|1|0|0|Министр финансов Антон Силуанов на заседании Президиума Правительства РФ http://t.co/q9xoTKny 
<ru_minfin>|2012-01-16|14:42:03|0|0|0|0|0|0|0|0|0|0|0|0|1|5|0|0|Экспортная пошлина на нефть с 1 февраля может снизиться на $3,8 - до $393,7 за тонну, - эксперт Минфина А.Сакович. http://t.co/Q56SBURN 
<ru_minfin>|2012-01-20|18:04:12|0|0|0|0|0|0|0|0|0|0|0|0|0|0|0|0|Обсуждение глоссария МСФО http://t.co/fZKhWFoU 
<ru_minfin>|2012-01-20|18:10:10|0|0|0|0|0|0|0|0|0|0|0|0|0|2|0|0|Перечень банков, соответствующих требованиям для принятия банковских гарантий в целях налогообложения http://t.co/XCW9amrM 
<ru_minfin>|2012-01-24|19:21:09|0|0|0|0|0|0|0|0|0|0|2|0|0|1|0|0|Министр финансов Антон Силуанов о федеральной контрактной системе http://t.co/7eLPY6aq 
<ru_minfin>|2012-01-27|18:21:17|0|0|0|0|0|0|0|0|0|0|0|0|1|1|0|0|Результаты проверок СРО аудиторов в 2011 году http://t.co/am2zzkm5 
<ru_minfin>|2012-02-01|11:46:50|0|0|0|0|0|0|0|0|0|0|0|0|0|0|0|0|Интервью Антона Силуанова газете "Ведомости" http://t.co/Cwy3UieV 
<ru_minfin>|2012-02-01|13:43:27|0|0|0|0|0|0|0|0|0|0|0|0|0|1|0|0|Результаты размещения гособлигаций на сегодняшнем аукционе http://t.co/aq5wtbjE 
<ru_minfin>|2012-02-01|20:18:30|0|0|0|0|0|0|0|0|0|0|0|0|0|2|0|0|Информация о размещении средств Резервного фонда и Фонда национального благосостояния http://t.co/93noEDjQ 
<ru_minfin>|2012-02-03|16:45:03|0|0|0|0|0|0|0|0|0|0|0|0|0|0|0|0|Госреестр СРО аудиторов http://t.co/5nQJTlWA 
<ru_minfin>|2012-02-07|19:58:53|0|0|0|0|0|0|0|0|0|0|0|0|0|0|0|0|Объем внутреннего госдолга http://t.co/BUxyjbZc 
<ru_minfin>|2012-02-07|20:04:53|0|0|0|0|0|0|0|0|0|0|0|0|0|2|0|0|Ожидаемый уровень доходности ОФЗ, размещаемых на завтрашнем аукционе, - 7,75-7,80% http://t.co/bvIc72Gg 
<ru_minfin>|2012-02-15|16:43:47|0|0|0|0|0|0|0|0|0|0|0|0|1|3|0|0|Экспортная пошлина на сырую нефть с 1 марта может вырасти до 411,2 долл./т. http://t.co/FcMwI216 
<ru_minfin>|2012-02-20|16:07:33|0|0|0|0|0|0|0|0|0|0|0|0|1|2|0|0|Информация о проведии аукциона по размещению ОФЗ 22 февраля http://t.co/6AdulxY5 
<ru_minfin>|2012-03-28|19:31:08|0|0|0|0|0|0|0|0|0|0|0|0|1|3|0|0|Средневзвешенная доходность по итогам размещения гособлигаций на аукционе 28 марта - 7,08%. http://t.co/nGWi6Tra 
<ru_minfin>|2012-04-03|19:59:44|0|0|0|0|0|0|0|0|0|0|0|0|1|2|0|0|Ожидаемый уровень доходности ОФЗ, размещаемых на аукционе 4 апреля, - 8.10-8.20% http://t.co/uO0ZhVXs 
<ru_minfin>|2012-04-11|15:41:16|0|0|0|0|0|0|0|0|0|0|0|0|0|1|0|0|Результаты сегодняшнего аукциона по размещению ОФЗ http://t.co/hbgSgV0b 
<ru_minfin>|2012-04-11|15:43:16|0|0|0|0|0|0|0|0|0|0|0|0|0|1|0|0|Алексей Саватюгин о микрофинансовых организациях http://t.co/8rCtXNPs 
<ru_minfin>|2012-04-17|19:40:21|0|0|0|0|0|0|0|0|0|0|0|0|1|2|0|0|Данные о выпуске ценных бумаг в 2012 году http://t.co/VzaufoZd 
<ru_minfin>|2012-04-23|19:35:13|0|0|0|0|0|0|0|0|0|0|0|0|1|2|0|0|Мониторинг местных бюджетов за 2011 год http://t.co/xtTsarqG 
<ru_minfin>|2012-04-27|18:07:18|0|0|0|0|0|0|0|0|0|0|0|0|1|2|0|0|Платежи по внутреннему долгу в мае http://t.co/ThgC844u 
<ru_minfin>|2012-05-15|14:17:24|0|0|0|0|0|0|0|0|0|0|1|0|1|1|0|0|Предварительная оценка исполнения федерального бюджета за январь-апрель 2012 года http://t.co/jsSmhaBs 
<ru_minfin>|2012-05-18|14:23:36|0|0|0|0|0|0|0|0|0|0|0|0|1|2|0|0|Объем госдолга субъектов РФ и долга муниципальных образований на 1 мая http://t.co/Hu7A4eB5 
<ru_minfin>|2012-05-23|15:25:57|0|0|0|0|0|0|0|0|0|0|1|0|1|3|0|0|Основные направления налоговой политики на 2013 год и на плановый период 2014 и 2015 http://t.co/6cRpcR4T 
<ru_minfin>|2012-05-29|15:11:08|0|0|0|0|0|0|0|0|0|0|1|0|1|1|0|0|С 1 июня меняется порядок размещения средств федерального бюджета на банковских депозитах http://t.co/CnqPpiui 
<ru_minfin>|2012-05-30|17:51:26|0|0|0|0|0|0|0|0|0|0|0|0|1|2|0|0|Платежи по внутреннему долгу в июне http://t.co/ishbsQRp 
<ru_minfin>|2012-06-05|20:21:44|0|0|0|0|0|0|0|0|0|0|0|0|0|2|0|0|Министр Антон Силуанов выступит в прямом эфире на радиостанции "Эхо Москвы". Начало в 21:00. 
<ru_minfin>|2012-06-14|17:51:21|0|0|0|0|0|0|0|0|0|0|0|0|1|1|0|0|Результаты размещения гособлигаций на аукционе 14 июня http://t.co/Dgz174ae 
<ru_minfin>|2012-07-03|18:23:00|0|0|0|0|0|0|0|0|0|0|0|0|1|2|0|0|Информация о проведении аукционов по размещению ОФЗ 4 июля http://t.co/ox0juuk8 
<ru_minfin>|2012-07-11|19:22:18|0|0|0|0|0|0|0|0|0|0|0|0|1|1|0|0|Перечень банков, соответствующих требованиям п. 4 ст. 176.1 НК РФ на 1 июня http://t.co/STdZ1SfG 
<ru_minfin>|2012-07-19|16:32:18|0|0|0|0|0|0|0|0|0|0|0|0|1|3|0|0|Аналитическое распределение изменения объемов бюджетных ассигнований по госпрограммам на 2012 год  http://t.co/C5Xpn0VU 
<ru_minfin>|2012-07-27|17:01:05|0|0|0|0|0|0|0|0|0|0|0|0|0|1|0|0|Проект правил независимости аудиторов и аудиторских организаций http://t.co/WNlUa9m9 
<ru_minfin>|2012-08-14|19:17:43|0|0|0|0|0|0|0|0|0|0|0|0|0|3|0|0|Об аукционе 15.08 по размещению ОФЗ-ПД в объеме 15 млрд. по номинальой стоимости, ранее запланированного на 26.09 http://t.co/EAGdhUK0 
<ru_minfin>|2012-08-24|17:41:26|0|0|0|0|0|0|0|0|0|0|0|0|1|2|0|0|Сводная таблица аукционов по размещению госбумаг в 2012 году http://t.co/TTLYhjkS 
<ru_minfin>|2012-09-03|20:09:26|0|0|0|0|0|0|0|0|0|0|0|0|1|3|0|0|Результаты размещения средств Резервного фонда и Фонда национального благосостояния по состоянию на 1 сентября http://t.co/DjBLXJTY 
<ru_minfin>|2012-09-03|20:10:24|0|0|0|0|0|0|0|0|0|0|0|0|1|1|0|0|Обзор инвестирования пенсионных накоплений в 2011 году http://t.co/zZWz3TzY 
<ru_minfin>|2012-09-12|18:10:05|0|0|0|0|0|0|0|0|0|0|0|0|0|2|0|0|Искл. сведений о НП «Гильдия аудиторов Региональных Институтов Профессиональных бухгалтеров» из реестра СРО аудиторов http://t.co/9RKdnZSb 
<ru_minfin>|2012-09-18|14:18:57|0|0|0|1|0|0|0|0|0|0|0|0|0|1|0|0|Итоги проведения международной оценки инфраструктуры корпоративной отчетности в России http://t.co/sk1VhYLo |России
<ru_minfin>|2012-09-26|13:01:52|0|0|0|0|0|0|0|0|0|0|0|0|1|1|0|0|Структура внешнего долга РФ на 1 сентября http://t.co/niYPRikS 
<ru_minfin>|2012-10-01|20:21:52|0|0|0|0|0|0|0|0|0|0|0|0|1|2|0|0|Результаты размещения средств Резервного фонда и Фонда национального благосостояния на 1 октября http://t.co/7tdDcGhe 
<ru_minfin>|2012-10-10|19:42:07|0|0|0|0|0|0|0|0|0|0|1|0|0|1|0|0|Предварительная оценка исполнения федерального бюджета за январь-сентябрь http://t.co/vAiD5Q9j 
<ru_minfin>|2012-11-07|19:14:59|0|0|0|0|0|0|0|0|0|0|0|0|1|1|0|0|Проект стратегии развития страховой деятельности до 2020 года http://t.co/lYb9GIpR 
<ru_minfin>|2012-11-14|13:09:47|0|0|0|0|0|0|0|0|0|0|0|0|0|1|0|0|Утвержден состав совета по аудиторской деятельности http://t.co/Fif2dwUE 
<ru_minfin>|2012-11-14|13:12:40|0|0|0|0|0|0|0|0|0|0|1|0|0|1|0|0|Предварительная оценка исполнения федерального бюджета за январь-октябрь http://t.co/5NlBuyCh 
<ru_minfin>|2012-11-20|19:19:00|0|0|0|0|0|0|0|0|0|0|0|0|1|1|0|0|Структура внешнего долга на 1 ноября http://t.co/hqsQlLC2 
<ru_minfin>|2012-12-12|23:51:53|0|0|0|0|0|0|0|0|0|0|1|0|0|1|0|0|Предварительная оценка исполнения федерального бюджета за январь-ноябрь http://t.co/K8X6LaPw 
<ru_minfin>|2013-01-31|14:52:41|0|0|0|0|0|0|0|0|0|0|1|0|0|2|0|0|Информационное сообщение об основных элементах налога на недвижимость http://t.co/d07GSOsu 
<ru_minfin>|2013-01-31|14:56:10|0|0|0|0|0|0|0|0|0|0|0|0|0|1|0|0|Данные об объеме внутреннего госдолга http://t.co/nIlpljlE 
<ru_minfin>|2013-02-06|13:24:53|0|0|0|1|0|0|1|0|0|0|0|0|0|5|0|0|Информация о ходе признания МСФО и их разъяснений для применения на территории России http://t.co/60RkqNA3 |России
<ru_minfin>|2013-02-06|13:27:16|0|0|0|0|0|0|0|0|0|0|1|0|0|3|0|0|Бюджетные ассигнования по расходам федерального бюджета на 2013 и на плановый период 2014 и 2015 гг. http://t.co/UVyIwGHM 
<ru_minfin>|2013-07-11|15:37:29|0|0|0|0|0|0|0|0|0|0|1|0|1|1|0|0|Предварительная оценка исполнения федерального бюджета за январь-июнь 2013 года http://t.co/aJjveG6Ili 
<ru_minfin>|2013-07-11|16:27:55|0|0|0|0|0|0|0|0|0|0|0|0|1|2|0|0|Данные о выпуске ценных бумаг субъектов РФ в 2013 году http://t.co/qUXfGbINLx 
<ru_minfin>|2013-07-12|15:37:47|0|0|0|0|0|0|0|0|0|0|0|0|1|2|0|0|Результаты аукционов по размещению госбумаг в 2013 году http://t.co/Ph1Vo0WXex 
<ru_minfin>|2013-08-06|18:32:20|0|0|0|0|0|0|0|0|0|0|0|0|0|1|0|0|Обзор инвестирования средств пенсионных накоплений в 2012 http://t.co/oedfnYd2qE 
